laptop_ID,Company,Product,TypeName,Inches,ScreenResolution,Cpu,Ram,Memory,Gpu,OpSys,Weight,Price_euros,Age_years,Condition_10,Battery_Health_%
1,Apple,MacBook Pro,Ultrabook,13.3,IPS Panel Retina Display 2560x1600,Intel Core i5 2.3GHz,8GB,128GB SSD,Intel Iris Plus Graphics 640,macOS,1.37kg,1339.69,8.429962039708565,1.3628131551061462,1.4836135510698516
2,Apple,Macbook Air,Ultrabook,13.3,1440x900,Intel Core i5 1.8GHz,8GB,128GB Flash Storage,Intel HD Graphics 6000,macOS,1.34kg,898.94,8.665861132902714,1.6527353010166606,0.0
3,HP,250 G6,Notebook,15.6,Full HD 1920x1080,Intel Core i5 7200U 2.5GHz,8GB,256GB SSD,Intel HD Graphics 620,No OS,1.86kg,575.0,9.841357581535407,0.0,1.3944462064548535
4,Apple,MacBook Pro,Ultrabook,15.4,IPS Panel Retina Display 2880x1800,Intel Core i7 2.7GHz,16GB,512GB SSD,AMD Radeon Pro 455,macOS,1.83kg,2537.45,7.229478737447096,4.0114900735746275,5.008845180702303
5,Apple,MacBook Pro,Ultrabook,13.3,IPS Panel Retina Display 2560x1600,Intel Core i5 3.1GHz,8GB,256GB SSD,Intel Iris Plus Graphics 650,macOS,1.37kg,1803.6,7.062297553385888,2.74308454952008,3.2715973399070477
6,Acer,Aspire 3,Notebook,15.6,1366x768,AMD A9-Series 9420 3GHz,4GB,500GB HDD,AMD Radeon R5,Windows 10,2.1kg,400.0,9.431255835284537,1.2501510518213808,0.0
7,Apple,MacBook Pro,Ultrabook,15.4,IPS Panel Retina Display 2880x1800,Intel Core i7 2.2GHz,16GB,256GB Flash Storage,Intel Iris Pro Graphics,Mac OS X,2.04kg,2139.97,7.945277425401693,3.6978514133081815,3.156899599846205
8,Apple,Macbook Air,Ultrabook,13.3,1440x900,Intel Core i5 1.8GHz,8GB,256GB Flash Storage,Intel HD Graphics 6000,macOS,1.34kg,1158.7,8.952006855052286,1.6419193612739271,1.656723876086476
9,Asus,ZenBook UX430UN,Ultrabook,14.0,Full HD 1920x1080,Intel Core i7 8550U 1.8GHz,16GB,512GB SSD,Nvidia GeForce MX150,Windows 10,1.3kg,1495.0,7.394884626273135,2.8837489043391327,2.708571376628431
10,Acer,Swift 3,Ultrabook,14.0,IPS Panel Full HD 1920x1080,Intel Core i5 8250U 1.6GHz,8GB,256GB SSD,Intel UHD Graphics 620,Windows 10,1.6kg,770.0,9.428140861872992,2.118073212209631,1.5405795639702453
11,HP,250 G6,Notebook,15.6,1366x768,Intel Core i5 7200U 2.5GHz,4GB,500GB HDD,Intel HD Graphics 620,No OS,1.86kg,393.9,9.258126605243701,0.8173874855878189,0.0
12,HP,250 G6,Notebook,15.6,Full HD 1920x1080,Intel Core i3 6006U 2GHz,4GB,500GB HDD,Intel HD Graphics 520,No OS,1.86kg,344.99,9.338825479844216,0.29687281317428255,0.3541871624304264
13,Apple,MacBook Pro,Ultrabook,15.4,IPS Panel Retina Display 2880x1800,Intel Core i7 2.8GHz,16GB,256GB SSD,AMD Radeon Pro 555,macOS,1.83kg,2439.97,6.369147876324558,2.7749529550481418,4.190246264620463
14,Dell,Inspiron 3567,Notebook,15.6,Full HD 1920x1080,Intel Core i3 6006U 2GHz,4GB,256GB SSD,AMD Radeon R5 M430,Windows 10,2.2kg,498.9,7.921021373894014,0.0,1.71301228809716
15,Apple,"MacBook 12""",Ultrabook,12.0,IPS Panel Retina Display 2304x1440,Intel Core M m3 1.2GHz,8GB,256GB SSD,Intel HD Graphics 615,macOS,0.92kg,1262.4,6.783103708673117,1.5927822618327216,2.400567257176234
16,Apple,MacBook Pro,Ultrabook,13.3,IPS Panel Retina Display 2560x1600,Intel Core i5 2.3GHz,8GB,256GB SSD,Intel Iris Plus Graphics 640,macOS,1.37kg,1518.55,7.280887276185282,1.7816729386945145,2.900528050322356
17,Dell,Inspiron 3567,Notebook,15.6,Full HD 1920x1080,Intel Core i7 7500U 2.7GHz,8GB,256GB SSD,AMD Radeon R5 M430,Windows 10,2.2kg,745.0,8.226022023563685,0.8141360377804197,1.0307743825122653
18,Apple,MacBook Pro,Ultrabook,15.4,IPS Panel Retina Display 2880x1800,Intel Core i7 2.9GHz,16GB,512GB SSD,AMD Radeon Pro 560,macOS,1.83kg,2858.0,5.721440060169046,4.5752777458248595,5.658325122069977
19,Lenovo,IdeaPad 320-15IKB,Notebook,15.6,Full HD 1920x1080,Intel Core i3 7100U 2.4GHz,8GB,1TB HDD,Nvidia GeForce 940MX,No OS,2.2kg,499.0,8.725057532831975,0.9722774102364395,0.8763334435186528
20,Dell,XPS 13,Ultrabook,13.3,IPS Panel Full HD / Touchscreen 1920x1080,Intel Core i5 8250U 1.6GHz,8GB,128GB SSD,Intel UHD Graphics 620,Windows 10,1.22kg,979.0,7.511507249902232,1.302250766582263,0.6697794608906795
21,Asus,Vivobook E200HA,Netbook,11.6,1366x768,Intel Atom x5-Z8350 1.44GHz,2GB,32GB Flash Storage,Intel HD Graphics 400,Windows 10,0.98kg,191.9,10.0,0.4194122855250966,1.1529069465642878
22,Lenovo,Legion Y520-15IKBN,Gaming,15.6,IPS Panel Full HD 1920x1080,Intel Core i5 7300HQ 2.5GHz,8GB,128GB SSD +  1TB HDD,Nvidia GeForce GTX 1050,Windows 10,2.5kg,999.0,8.426973896319632,1.4439845951392354,1.9507276813223613
23,HP,255 G6,Notebook,15.6,1366x768,AMD E-Series E2-9000e 1.5GHz,4GB,500GB HDD,AMD Radeon R2,No OS,1.86kg,258.0,9.912250411851604,0.0,0.0
24,Dell,Inspiron 5379,2 in 1 Convertible,13.3,Full HD / Touchscreen 1920x1080,Intel Core i5 8250U 1.6GHz,8GB,256GB SSD,Intel UHD Graphics 620,Windows 10,1.62kg,819.0,7.771593856092525,0.33713927988170544,0.7050132210173141
25,HP,15-BS101nv (i7-8550U/8GB/256GB/FHD/W10),Ultrabook,15.6,Full HD 1920x1080,Intel Core i7 8550U 1.8GHz,8GB,256GB SSD,Intel HD Graphics 620,Windows 10,1.91kg,659.0,8.745928419535971,0.7032953562665895,1.0558258369564912
26,Dell,Inspiron 3567,Notebook,15.6,1366x768,Intel Core i3 6006U 2GHz,4GB,1TB HDD,Intel HD Graphics 520,Windows 10,2.3kg,418.64,9.675843556999961,0.0,0.7834423509820003
27,Apple,MacBook Air,Ultrabook,13.3,1440x900,Intel Core i5 1.6GHz,8GB,128GB Flash Storage,Intel HD Graphics 6000,Mac OS X,1.35kg,1099.0,7.518023703463001,2.04112441859612,1.7190152471041213
28,Dell,Inspiron 5570,Notebook,15.6,Full HD 1920x1080,Intel Core i5 8250U 1.6GHz,8GB,256GB SSD,AMD Radeon 530,Windows 10,2.2kg,800.0,9.244018330288352,2.281140750263144,1.3055870231424935
29,Dell,Latitude 5590,Ultrabook,15.6,Full HD 1920x1080,Intel Core i7 8650U 1.9GHz,8GB,256GB SSD +  256GB SSD,Intel UHD Graphics 620,Windows 10,1.88kg,1298.0,7.622442634562845,2.8720558948599635,3.2570123131632145
30,HP,ProBook 470,Notebook,17.3,Full HD 1920x1080,Intel Core i5 8250U 1.6GHz,8GB,1TB HDD,Nvidia GeForce 930MX,Windows 10,2.5kg,896.0,8.548079599321497,1.0478111040997156,2.0757999226317905
31,Chuwi,"LapBook 15.6""",Notebook,15.6,Full HD 1920x1080,Intel Atom x5-Z8300 1.44GHz,4GB,64GB Flash Storage,Intel HD Graphics,Windows 10,1.89kg,244.99,9.398820364224921,1.312395255471523,0.2723228190035807
32,Asus,E402WA-GA010T (E2-6110/2GB/32GB/W10),Notebook,14.0,1366x768,AMD E-Series E2-6110 1.5GHz,2GB,32GB Flash Storage,AMD Radeon R2,Windows 10,1.65kg,199.0,10.0,0.16112805858869345,0.7952425574409909
33,HP,17-ak001nv (A6-9220/4GB/500GB/Radeon,Notebook,17.3,Full HD 1920x1080,AMD A6-Series 9220 2.5GHz,4GB,500GB HDD,AMD Radeon 530,Windows 10,2.71kg,439.0,9.541944836243408,0.17758860707181323,0.0
34,Dell,XPS 13,Ultrabook,13.3,Touchscreen / Quad HD+ 3200x1800,Intel Core i7 8550U 1.8GHz,16GB,512GB SSD,Intel UHD Graphics 620,Windows 10,1.2kg,1869.0,6.293071763164394,2.3700373628381346,3.1791011336283335
35,Apple,MacBook Air,Ultrabook,13.3,1440x900,Intel Core i5 1.6GHz,8GB,256GB Flash Storage,Intel HD Graphics 6000,Mac OS X,1.35kg,998.0,9.267318630104493,1.1487415503875562,2.8381623793645474
36,Lenovo,IdeaPad 120S-14IAP,Notebook,14.0,1366x768,Intel Celeron Dual Core N3350 1.1GHz,4GB,64GB Flash Storage,Intel HD Graphics 500,Windows 10,1.44kg,249.0,8.896742801542171,0.0,0.0
37,Acer,Aspire 3,Notebook,15.6,1366x768,Intel Core i3 7130U 2.7GHz,4GB,1TB HDD,Intel HD Graphics 620,Linux,2.1kg,367.0,9.841352479379331,0.46207137452486274,0.0
38,Dell,Inspiron 5770,Notebook,17.3,IPS Panel Full HD 1920x1080,Intel Core i5 8250U 1.6GHz,8GB,128GB SSD +  1TB HDD,AMD Radeon 530,Windows 10,2.8kg,979.0,7.073614111866645,1.4871089738694276,0.8369786781550873
39,HP,250 G6,Notebook,15.6,1366x768,Intel Core i5 7200U 2.5GHz,4GB,1TB HDD,Intel HD Graphics 620,Windows 10,1.86kg,488.69,8.406328798012058,0.53355917899193,0.0
40,HP,ProBook 450,Notebook,15.6,Full HD 1920x1080,Intel Core i5 8250U 1.6GHz,8GB,256GB SSD,Nvidia GeForce 930MX ,Windows 10,2.1kg,879.0,8.96761557097378,1.5394239535185987,0.5620638912193561
41,Asus,X540UA-DM186 (i3-6006U/4GB/1TB/FHD/Linux),Notebook,15.6,Full HD 1920x1080,Intel Core i3 6006U 2GHz,4GB,1TB HDD,Intel HD Graphics 620,Linux,2kg,389.0,10.0,1.3153862181413094,0.06646271944021304
42,Dell,Inspiron 7577,Gaming,15.6,IPS Panel Full HD 1920x1080,Intel Core i7 7700HQ 2.8GHz,16GB,256GB SSD +  1TB HDD,Nvidia GeForce GTX 1060,Windows 10,2.65kg,1499.0,7.900807705120754,2.9959302281842826,1.1118333044883097
43,Asus,X542UQ-GO005 (i5-7200U/8GB/1TB/GeForce,Notebook,15.6,1366x768,Intel Core i5 7200U 2.5GHz,8GB,1TB HDD,Nvidia GeForce 940MX,Linux,2.3kg,522.99,9.31846871586156,0.0,0.6015073253875305
44,Acer,Aspire A515-51G,Notebook,15.6,IPS Panel Full HD 1920x1080,Intel Core i5 8250U 1.6GHz,4GB,256GB SSD,Intel UHD Graphics 620,Windows 10,2.2kg,682.0,8.901733077283843,0.0,1.5792057052740436
45,Dell,Inspiron 7773,2 in 1 Convertible,17.3,Full HD / Touchscreen 1920x1080,Intel Core i5 8250U 1.6GHz,12GB,1TB HDD,Nvidia GeForce 150MX,Windows 10,2.77kg,999.0,7.4247773444149185,2.139860992282558,0.6662001191736028
46,Apple,MacBook Pro,Ultrabook,13.3,IPS Panel Retina Display 2560x1600,Intel Core i5 2.0GHz,8GB,256GB SSD,Intel Iris Graphics 540,macOS,1.37kg,1419.0,7.322858810499422,1.0077628640524734,3.3166929616982253
47,Lenovo,IdeaPad 320-15ISK,Notebook,15.6,1366x768,Intel Core i3 6006U 2GHz,4GB,128GB SSD,Intel HD Graphics 520,No OS,2.2kg,369.0,9.302375059181538,0.1493016025364861,0.7377475948727088
48,Asus,Rog Strix,Gaming,17.3,Full HD 1920x1080,AMD Ryzen 1700 3GHz,8GB,256GB SSD +  1TB HDD,AMD Radeon RX 580,Windows 10,3.2kg,1299.0,8.946963603759944,0.9626437563677024,2.7231986457144357
49,Dell,Inspiron 3567,Notebook,15.6,Full HD 1920x1080,Intel Core i5 7200U 2.5GHz,4GB,256GB SSD,AMD Radeon R5 M430,Windows 10,2.3kg,639.0,9.49008450507249,0.0,0.25854248350056874
50,Asus,X751NV-TY001T (N4200/4GB/1TB/GeForce,Notebook,17.3,1366x768,Intel Pentium Quad Core N4200 1.1GHz,4GB,1TB HDD,Nvidia GeForce 920MX,Windows 10,2.8kg,466.0,8.096740871490404,0.9259971867832397,1.176447185872702
51,Lenovo,Yoga Book,2 in 1 Convertible,10.1,IPS Panel Touchscreen 1920x1200,Intel Atom x5-Z8550 1.44GHz,4GB,64GB Flash Storage,Intel HD Graphics 400,Android,0.69kg,319.0,10.0,0.852049866638742,0.0
52,Acer,Aspire A515-51G,Notebook,15.6,IPS Panel Full HD 1920x1080,Intel Core i7 8550U 1.8GHz,8GB,256GB SSD,Nvidia GeForce MX150,Windows 10,2.2kg,841.0,8.566195779042475,0.664530076043097,1.8379363972936795
53,HP,255 G6,Notebook,15.6,Full HD 1920x1080,AMD A6-Series 9220 2.5GHz,4GB,256GB SSD,AMD Radeon R4 Graphics,Windows 10,1.86kg,398.49,9.079576323805865,0.0,0.5163575477841921
54,HP,ProBook 430,Notebook,13.3,Full HD 1920x1080,Intel Core i7 8550U 1.8GHz,8GB,512GB SSD,Intel UHD Graphics 620,Windows 10,1.49kg,1103.0,8.921408541621217,1.1309369308494905,2.0105334654393037
55,Acer,Aspire 3,Notebook,15.6,1366x768,Intel Core i3 7100U 2.4GHz,4GB,1TB HDD,Intel HD Graphics 620,Windows 10,2.4kg,384.0,10.0,0.6678735840688726,0.0
56,Dell,Inspiron 3576,Notebook,15.6,Full HD 1920x1080,Intel Core i7 8550U 1.8GHz,8GB,256GB SSD,AMD Radeon 520,Windows 10,2.13kg,767.8,9.742830002465954,0.0,0.28613821900572034
57,HP,15-bs002nv (i3-6006U/4GB/128GB/FHD/W10),Notebook,15.6,Full HD 1920x1080,Intel Core i3 6006U 2GHz,4GB,128GB SSD,Intel HD Graphics 520,Windows 10,1.91kg,439.0,8.881368597455644,0.5939453197895692,0.9250399585689526
58,Asus,VivoBook Max,Notebook,15.6,1366x768,Intel Core i5 7200U 2.5GHz,4GB,256GB SSD,Intel HD Graphics 620,Windows 10,2kg,586.19,9.056950774424513,0.6834314455561185,0.0
59,MSI,GS73VR 7RG,Gaming,17.3,Full HD 1920x1080,Intel Core i7 7700HQ 2.8GHz,16GB,256GB SSD +  2TB HDD,Nvidia GeForce GTX 1070,Windows 10,2.43kg,2449.0,6.425348297865467,4.303095646938255,4.210227480936682
60,Asus,X541UA-DM1897 (i3-6006U/4GB/256GB/FHD/Linux),Notebook,15.6,Full HD 1920x1080,Intel Core i3 6006U 2GHz,4GB,256GB SSD,Intel HD Graphics 520,Linux,2kg,415.0,10.0,0.5024153495836433,0.0
61,Dell,Inspiron 5770,Notebook,17.3,Full HD 1920x1080,Intel Core i7 8550U 1.8GHz,16GB,256GB SSD +  2TB HDD,AMD Radeon 530,Windows 10,2.8kg,1299.0,7.717926432508579,1.1202790245099457,2.5772735473485247
62,Dell,Vostro 5471,Ultrabook,14.0,Full HD 1920x1080,Intel Core i5 8250U 1.6GHz,8GB,256GB SSD,Intel UHD Graphics 620,Windows 10,1.7kg,879.0,8.661599400947429,2.147130619053112,0.2038547659067116
63,Lenovo,IdeaPad 520S-14IKB,Notebook,14.0,IPS Panel Full HD 1920x1080,Intel Core i3 7130U 2.7GHz,8GB,256GB SSD,Intel HD Graphics 620,No OS,1.7kg,599.0,8.397632442736105,0.5904759196374957,1.1591395282026904
64,Asus,UX410UA-GV350T (i5-8250U/8GB/256GB/FHD/W10),Notebook,14.0,Full HD 1920x1080,Intel Core i5 8250U 1.6GHz,8GB,256GB SSD,Intel UHD Graphics 620,Windows 10,1.4kg,941.0,7.748519932802973,1.272671136324544,1.7950195148492902
66,HP,250 G6,Notebook,15.6,Full HD 1920x1080,Intel Core i5 7200U 2.5GHz,8GB,256GB SSD,Intel HD Graphics 620,Windows 10,1.86kg,690.0,9.779134581965991,0.12427170869081017,0.31346862120570707
67,Asus,ZenBook Pro,Ultrabook,15.6,Full HD 1920x1080,Intel Core i7 7700HQ 2.8GHz,16GB,512GB SSD,Nvidia GeForce GTX 1050 Ti,Windows 10,1.8kg,1983.0,8.031827465894633,2.698538756008817,3.5187858106298067
68,HP,250 G6,Notebook,15.6,1366x768,Intel Core i3 6006U 2GHz,4GB,500GB HDD,AMD Radeon 520,Windows 10,1.86kg,438.69,9.495657725520543,0.0,0.6550879878820347
69,HP,Stream 14-AX040wm,Notebook,14.0,1366x768,Intel Celeron Dual Core N3060 1.6GHz,4GB,32GB SSD,Intel HD Graphics 400,Windows 10,1.44kg,229.0,10.0,0.0,0.0
70,Lenovo,V310-15ISK (i5-7200U/4GB/1TB/FHD/W10),Notebook,15.6,Full HD 1920x1080,Intel Core i5 7200U 2.5GHz,4GB,1TB HDD,Intel HD Graphics 620,Windows 10,1.9kg,549.0,9.656397427633044,2.002278176518938,0.0
71,Asus,FX753VE-GC093 (i7-7700HQ/12GB/1TB/GeForce,Gaming,17.3,Full HD 1920x1080,Intel Core i7 7700HQ 2.8GHz,12GB,1TB HDD,Nvidia GeForce GTX 1050 Ti,Linux,3kg,949.0,8.175887318678772,0.21049596329204578,0.0
72,Microsoft,Surface Laptop,Ultrabook,13.5,Touchscreen 2256x1504,Intel Core i5 7200U 2.5GHz,4GB,128GB SSD,Intel HD Graphics 620,Windows 10 S,1.252kg,1089.0,8.744812686938378,0.2534546791669612,1.8240238353081093
73,Dell,Inspiron 5370,Ultrabook,13.3,IPS Panel Full HD 1920x1080,Intel Core i7 8550U 1.8GHz,8GB,256GB SSD,AMD Radeon 530,Windows 10,1.4kg,955.0,9.912285793257164,2.495079721910499,0.06630124282596772
74,Dell,Inspiron 5570,Notebook,15.6,Full HD 1920x1080,Intel Core i7 8550U 1.8GHz,8GB,256GB SSD,AMD Radeon 530,Windows 10,2.2kg,870.0,8.796655624408242,1.0072246025823046,1.250958903856844
75,MSI,GL72M 7RDX,Gaming,17.3,Full HD 1920x1080,Intel Core i5 7300HQ 2.5GHz,8GB,128GB SSD +  1TB HDD,Nvidia GeForce GTX 1050,Windows 10,2.7kg,1095.0,9.69728454490437,1.019172188818902,1.343671806881036
76,Acer,Aspire E5-475,Notebook,14.0,1366x768,Intel Core i3 6006U 2GHz,8GB,1TB HDD,Intel HD Graphics 520,Windows 10,2.1kg,389.0,7.5413347184159685,1.1947929482290975,0.9061834186627926
77,Asus,FX503VD-E4022T (i7-7700HQ/8GB/1TB/GeForce,Gaming,15.6,Full HD 1920x1080,Intel Core i7 7700HQ 2.8GHz,8GB,1TB HDD,Nvidia GeForce GTX 1050,Windows 10,2.2kg,949.0,9.34950512586305,0.8235244458476395,1.0663804780452395
78,Lenovo,IdeaPad 320-15IKBN,Notebook,15.6,Full HD 1920x1080,Intel Core i5 7200U 2.5GHz,8GB,2TB HDD,Intel HD Graphics 620,No OS,2.2kg,519.0,9.487359173577879,2.043086251850207,0.3187202519349851
79,Dell,Inspiron 5570,Notebook,15.6,Full HD 1920x1080,Intel Core i7 8550U 1.8GHz,8GB,128GB SSD +  1TB HDD,Intel UHD Graphics 620,Windows 10,2.02kg,855.0,8.611427031019712,1.6917077856790101,1.7348636520382312
80,Acer,Aspire A515-51G-32MX,Notebook,15.6,Full HD 1920x1080,Intel Core i3 7130U 2.7GHz,4GB,1TB HDD,Nvidia GeForce MX130,Windows 10,2.2kg,530.0,9.472564739371863,0.21051475533997788,0.8688903051238341
81,HP,ProBook 470,Notebook,17.3,Full HD 1920x1080,Intel Core i5 8250U 1.6GHz,8GB,128GB SSD +  1TB HDD,Nvidia GeForce 930MX,Windows 10,2.5kg,977.0,7.054670606715911,3.0811208322157784,1.608199027349598
82,Dell,Latitude 5590,Ultrabook,15.6,IPS Panel Full HD 1920x1080,Intel Core i5 8250U 1.6GHz,8GB,256GB SSD,Intel UHD Graphics 620,Windows 10,1.88kg,1096.16,8.267874304075983,1.0718162472513377,1.9318022575008296
83,Apple,"MacBook 12""",Ultrabook,12.0,IPS Panel Retina Display 2304x1440,Intel Core i5 1.3GHz,8GB,512GB SSD,Intel HD Graphics 615,macOS,0.92kg,1510.0,8.030837736534291,2.8485286182825513,1.026394622109421
84,HP,ProBook 440,Notebook,14.0,Full HD 1920x1080,Intel Core i5 8250U 1.6GHz,8GB,256GB SSD,Intel HD Graphics 620,Windows 10,1.63kg,860.0,10.0,1.3972399714981893,1.7632368511625813
85,Lenovo,IdeaPad 320-15AST,Notebook,15.6,Full HD 1920x1080,AMD A6-Series 9220 2.5GHz,4GB,128GB SSD,AMD R4 Graphics,Windows 10,2.2kg,399.0,9.205636989938045,1.4211398669620765,0.8697218706539198
86,Acer,Aspire 3,Notebook,15.6,1366x768,AMD A9-Series 9420 3GHz,4GB,1TB HDD,AMD Radeon R5,Windows 10,2.1kg,395.0,8.980209337094733,1.6222047379721993,0.0
87,Dell,Inspiron 7577,Gaming,15.6,IPS Panel Full HD 1920x1080,Intel Core i7 7700HQ 2.8GHz,16GB,128GB SSD +  1TB HDD,Nvidia GeForce GTX 1050 Ti,Windows 10,2.65kg,1349.0,7.6154720022631714,2.0087256821218116,1.7878579839298372
88,HP,Pavilion 15-CK000nv,Ultrabook,15.6,IPS Panel Full HD 1920x1080,Intel Core i7 8550U 1.8GHz,8GB,256GB SSD,Nvidia GeForce GTX 940MX,Windows 10,1.83kg,699.0,9.846245744794569,0.2833416530901418,0.8546301192649837
89,HP,250 G6,Notebook,15.6,Full HD 1920x1080,Intel Core i5 7200U 2.5GHz,8GB,256GB SSD,Intel HD Graphics 620,Windows 10,1.96kg,598.99,9.545718187305807,1.085260414773234,0.6096852729005546
90,Asus,FX503VM-E4007T (i7-7700HQ/16GB/1TB,Gaming,15.6,IPS Panel Full HD 1920x1080,Intel Core i7 7700HQ 2.8GHz,16GB,128GB SSD +  1TB HDD,Nvidia GeForce GTX 1060,Windows 10,2.2kg,1449.0,7.424293102809153,1.6097264383755303,2.418986707432043
91,Dell,XPS 13,Ultrabook,13.3,IPS Panel Full HD 1920x1080,Intel Core i7 8550U 1.8GHz,8GB,256GB SSD,Intel UHD Graphics 620,Windows 10,1.21kg,1649.0,7.921162469697435,4.100161274814548,3.634544902258196
92,Asus,FX550IK-DM018T (FX-9830P/8GB/1TB/Radeon,Gaming,15.6,Full HD 1920x1080,AMD FX 9830P 3GHz,8GB,1TB HDD,AMD Radeon RX 560,Windows 10,2.45kg,699.0,9.191586090111343,0.9953042142332786,1.7514893315053517
93,Acer,Aspire 5,Notebook,15.6,Full HD 1920x1080,Intel Core i7 8550U 1.8GHz,8GB,1TB HDD,Nvidia GeForce MX150,Windows 10,2.2kg,689.0,9.905717680190024,0.5769410711865999,0.0
94,HP,Probook 430,Notebook,13.3,Full HD 1920x1080,Intel Core i7 8550U 1.8GHz,16GB,512GB SSD,Intel UHD Graphics 620,Windows 10,1.49kg,1197.0,7.711775246417105,1.8743265231729394,2.2242382707258517
95,Dell,Inspiron 7577,Gaming,15.6,Full HD 1920x1080,Intel Core i5 7300HQ 2.5GHz,8GB,256GB SSD,Nvidia GeForce GTX 1060,Windows 10,2.65kg,1195.0,8.014663531666933,0.6455057194310951,2.78635340668318
96,Asus,Zenbook UX430UA,Ultrabook,14.0,Full HD 1920x1080,Intel Core i7 7500U 2.7GHz,8GB,256GB SSD,Intel HD Graphics 620,Windows 10,1.25kg,1049.0,8.209520228549126,0.6995020181366264,1.7862400654965098
97,Acer,Spin 5,2 in 1 Convertible,13.3,IPS Panel Full HD / Touchscreen 1920x1080,Intel Core i5 8250U 1.6GHz,8GB,256GB SSD,Intel UHD Graphics 620,Windows 10,1.5kg,847.0,7.69332306259135,2.096196105258494,2.0086493190517274
98,Dell,Inspiron 3567,Notebook,15.6,Full HD 1920x1080,Intel Core i7 7500U 2.7GHz,8GB,1TB HDD,AMD Radeon R5 M430,Linux,2.2kg,599.9,9.518077656250817,0.19330314222372724,2.328634921961456
99,Dell,Inspiron 3567,Notebook,15.6,Full HD 1920x1080,Intel Core i3 6006U 2GHz,4GB,256GB SSD,AMD Radeon R5 M430,Linux,2.2kg,485.0,9.683949702975978,0.0,1.3438621516535176
100,Asus,X541UV-DM1439T (i3-7100U/6GB/256GB/GeForce,Notebook,15.6,Full HD 1920x1080,Intel Core i3 7100U 2.4GHz,6GB,256GB SSD,Nvidia GeForce 920M,Windows 10,2kg,577.0,9.32392198894266,1.109490978393137,0.8796156528846911
102,HP,Omen 15-ce007nv,Gaming,15.6,IPS Panel Full HD 1920x1080,Intel Core i7 7700HQ 2.8GHz,12GB,128GB SSD +  1TB HDD,Nvidia GeForce GTX 1050,Windows 10,2.62kg,1249.0,7.997984301738701,2.762909315291579,2.6504167708289845
103,HP,15-bs017nv (i7-7500U/8GB/256GB/Radeon,Notebook,15.6,Full HD 1920x1080,Intel Core i7 7500U 2.7GHz,8GB,256GB SSD,AMD Radeon 530,Windows 10,1.91kg,719.0,7.9478721827309755,1.4949938721607454,1.035741490106205
104,HP,15-bw000nv (E2-9000e/4GB/500GB/Radeon,Notebook,15.6,Full HD 1920x1080,AMD E-Series E2-9000e 1.5GHz,4GB,500GB HDD,AMD Radeon R2,Windows 10,2.1kg,349.0,9.368125091998683,1.0921967984336827,0.3144810844169939
105,Dell,Inspiron 3576,Notebook,15.6,Full HD 1920x1080,Intel Core i5 8250U 1.6GHz,8GB,1TB HDD,AMD Radeon 520,Linux,2.2kg,647.0,8.927516150491664,0.19287616543135122,0.5171808477159339
106,HP,Envy 13-ad009n,Ultrabook,13.3,IPS Panel Full HD 1920x1080,Intel Core i7 7500U 2.7GHz,8GB,256GB SSD,Nvidia GeForce MX150,Windows 10,1.38kg,1119.0,7.763241475761946,0.4574881754672844,2.845667395926446
107,Microsoft,Surface Laptop,Ultrabook,13.5,Touchscreen 2256x1504,Intel Core i5 7200U 2.5GHz,8GB,256GB SSD,Intel HD Graphics 620,Windows 10 S,1.252kg,1340.0,7.903038941215715,3.168999411015866,1.3131895566978757
108,HP,Pavilion 14-BK001nv,Notebook,14.0,IPS Panel Full HD 1920x1080,Intel Core i5 7200U 2.5GHz,6GB,256GB SSD,Nvidia GeForce 940MX,Windows 10,1.58kg,659.0,9.50467528460775,0.5604215297701732,2.044459580586375
109,Lenovo,Ideapad 310-15ISK,Notebook,15.6,Full HD 1920x1080,Intel Core i3 6006U 2GHz,4GB,1TB HDD,Intel HD Graphics 520,Windows 10,1.85kg,414.9,10.0,0.2059158653169747,0.8064735774733097
110,Asus,UX430UQ-GV209R (i7-7500U/8GB/256GB/GeForce,Ultrabook,14.0,IPS Panel Full HD 1920x1080,Intel Core i7 7500U 2.7GHz,8GB,256GB SSD,Nvidia GeForce 940MX,Windows 10,1.3kg,1193.0,8.41983102663678,2.7823865371079384,0.6003862837871385
111,MSI,GP62M 7REX,Gaming,15.6,Full HD 1920x1080,Intel Core i7 7700HQ 2.8GHz,16GB,256GB SSD +  1TB HDD,Nvidia GeForce GTX 1050 Ti,Windows 10,2.2kg,1299.0,8.307306135363023,2.343718184735718,2.192853611608327
112,Lenovo,Thinkpad T470,Notebook,14.0,IPS Panel Full HD 1920x1080,Intel Core i7 7500U 2.7GHz,8GB,256GB SSD,Intel HD Graphics 620,Windows 10,1.58kg,1480.0,7.736223858104366,2.5689296269479867,0.524198203161401
113,Asus,VivoBook S15,Ultrabook,15.6,Full HD 1920x1080,Intel Core i7 8550U 1.8GHz,16GB,256GB SSD +  1TB HDD,Nvidia GeForce MX150,Windows 10,1.5kg,1262.0,6.628696107929542,3.568288795752091,2.3366933332960524
114,Dell,XPS 13,Ultrabook,13.3,Quad HD+ / Touchscreen 3200x1800,Intel Core i7 7560U 2.4GHz,8GB,256GB SSD,Intel Iris Plus Graphics 640,Windows 10,1.23kg,1379.0,7.945033625379023,1.518940689957489,2.7419404606527964
115,Lenovo,ThinkPad Yoga,2 in 1 Convertible,13.3,IPS Panel Full HD / Touchscreen 1920x1080,Intel Core i5 7200U 2.5GHz,8GB,256GB SSD,Intel HD Graphics 620,Windows 10,1.37kg,1399.0,7.980673619429615,2.8097826509881965,1.593625784001564
116,HP,Probook 440,Notebook,14.0,IPS Panel 1366x768,Intel Core i5 8250U 1.6GHz,4GB,500GB HDD,Intel UHD Graphics 620,Windows 10,1.63kg,722.0,10.0,0.9705050146856,1.0237326715323982
117,Dell,XPS 13,Ultrabook,13.3,IPS Panel Full HD 1920x1080,Intel Core i5 8250U 1.6GHz,8GB,256GB SSD,Intel UHD Graphics 620,Windows 10,1.21kg,1629.0,7.390415025643456,2.6705700256222515,4.0190221495318745
118,HP,Spectre x360,2 in 1 Convertible,13.3,IPS Panel Full HD / Touchscreen 1920x1080,Intel Core i5 8250U 1.6GHz,8GB,256GB SSD,Intel UHD Graphics 620,Windows 10,1.26kg,1398.99,8.173744202980814,3.2902684120161014,1.6628963074765264
119,HP,Probook 440,Notebook,14.0,Full HD 1920x1080,Intel Core i7 8550U 1.8GHz,8GB,512GB SSD,Intel UHD Graphics 620,Windows 10,1.63kg,1084.0,8.436365605332853,1.9421335839346525,0.688738909257673
120,Dell,Inspiron 7570,Notebook,15.6,IPS Panel Full HD 1920x1080,Intel Core i7 8550U 1.8GHz,8GB,256GB SSD +  1TB HDD,Nvidia GeForce 940MX,Windows 10,2.16kg,1130.33,7.450998498174416,2.0446959349696643,2.799389793700037
121,Asus,X705UV-BX074T (i3-6006U/4GB/1TB/GeForce,Notebook,17.3,Full HD 1920x1080,Intel Core i3 6006U 2GHz,4GB,1TB HDD,Nvidia GeForce 920MX,Windows 10,2kg,564.0,10.0,1.5162337179491077,2.228297600525902
122,Asus,VivoBook S15,Notebook,15.6,Full HD 1920x1080,Intel Core i7 8550U 1.8GHz,8GB,256GB SSD,Nvidia GeForce 940MX,Windows 10,1.7kg,1118.0,9.008297481001739,1.3012867615133712,1.5962054826259573
123,Acer,Spin 3,Notebook,15.6,IPS Panel Full HD / Touchscreen 1920x1080,Intel Core i3 7100U 2.4GHz,6GB,1TB HDD,Intel HD Graphics 620,Windows 10,2.1kg,479.0,10.0,0.0,1.3239383608161366
124,MSI,GS63VR 7RG,Gaming,15.6,Full HD 1920x1080,Intel Core i7 7700HQ 2.8GHz,16GB,256GB SSD +  2TB HDD,Nvidia GeForce GTX 1070,Windows 10,1.8kg,2241.5,5.783038559370961,2.653604121576422,4.562632209217954
125,Lenovo,IdeaPad 320-15IKBN,Notebook,15.6,Full HD 1920x1080,Intel Core i5 7200U 2.5GHz,8GB,256GB SSD,Nvidia GeForce 940MX,No OS,2.2kg,629.0,10.0,0.0,0.17394510342076952
126,HP,Probook 470,Notebook,17.3,Full HD 1920x1080,Intel Core i7 8550U 1.8GHz,16GB,512GB SSD,Nvidia GeForce 930MX ,Windows 10,2.5kg,1271.0,7.02704235651723,3.496442497201203,1.4632321249546505
127,Acer,Aspire 3,Notebook,15.6,1366x768,AMD A9-Series 9420 3GHz,4GB,256GB SSD,AMD Radeon R5,Windows 10,2.1kg,451.0,10.0,0.0,1.4522101590469947
128,HP,250 G6,Notebook,15.6,1366x768,Intel Celeron Dual Core N3060 1.6GHz,4GB,500GB HDD,Intel HD Graphics 400,No OS,1.86kg,259.0,10.0,0.0,1.491471338578622
129,HP,Probook 440,Notebook,14.0,Full HD 1920x1080,Intel Core i5 8250U 1.6GHz,8GB,1TB HDD,Intel UHD Graphics 620,Windows 10,1.63kg,812.0,8.130777690950302,0.8553426090340112,1.5270979370846316
130,Asus,E402WA-GA007T (E2-6110/4GB/64GB/W10,Notebook,14.0,1366x768,AMD E-Series 6110 1.5GHz,4GB,64GB SSD,AMD Radeon R2,Windows 10 S,1.65kg,277.99,9.371451267794576,0.42143590677048737,0.0
131,Dell,Inspiron 5770,Notebook,17.3,Full HD 1920x1080,Intel Core i7 8550U 1.8GHz,16GB,256GB SSD +  2TB HDD,AMD Radeon 530,Windows 10,2.8kg,1396.0,8.017273834686147,2.715037027415404,3.6520961467435193
132,HP,ProBook 470,Notebook,17.3,Full HD 1920x1080,Intel Core i5 8250U 1.6GHz,8GB,256GB SSD,Intel UHD Graphics 620,Windows 10,2.5kg,928.0,8.324645637044593,1.9609526303502436,0.8477971214128757
133,Dell,Inspiron 5567,Notebook,15.6,1366x768,Intel Core i5 7200U 2.5GHz,8GB,1TB HDD,AMD Radeon R7 M445,Windows 10,2.36kg,638.99,7.974676006201946,0.3183312980899969,0.5166830240079863
134,Dell,Inspiron 3567,Notebook,15.6,Full HD 1920x1080,Intel Core i3 6006U 2GHz,4GB,1TB HDD,AMD Radeon R5 M430,Windows 10,2.2kg,449.0,9.590715358747776,0.3304376500679172,0.7380052886887436
135,Acer,Swift 3,Ultrabook,14.0,IPS Panel Full HD 1920x1080,Intel Core i7 8550U 1.8GHz,8GB,256GB SSD,Intel UHD Graphics 620,Windows 10,1.6kg,884.0,7.951844792732196,1.4243761966775597,2.441640572858739
136,Acer,Aspire A515-51G-37JS,Notebook,15.6,Full HD 1920x1080,Intel Core i3 7130U 2.7GHz,4GB,256GB SSD,Nvidia GeForce MX130,Windows 10,2.2kg,572.0,9.707143986702238,0.47277705685906946,1.354910739047686
137,HP,15-BS078nr (i7-7500U/8GB/1TB/W10),Notebook,15.6,1366x768,Intel Core i7 7500U 2.7GHz,8GB,1TB HDD,Intel HD Graphics 620,Windows 10,2.05kg,598.0,8.548848798266967,2.001488275161986,1.04750421463552
138,HP,Probook 440,Notebook,14.0,Full HD 1920x1080,Intel Core i7 8550U 1.8GHz,8GB,256GB SSD,Intel UHD Graphics 620,Windows 10,1.63kg,988.0,9.866107861566775,1.7666196237578584,1.7444704865417422
139,Lenovo,V110-15IAP (N3350/4GB/1TB/No,Notebook,15.6,1366x768,Intel Celeron Dual Core N3350 1.1GHz,4GB,1TB HDD,Intel HD Graphics 500,No OS,1.9kg,252.36,9.241144201574048,0.7201553933968161,0.16706489947173492
140,Asus,FX753VD-GC086T (i5-7300HQ/8GB/1TB,Gaming,17.3,Full HD 1920x1080,Intel Core i5 7300HQ 2.5GHz,8GB,128GB SSD +  1TB HDD,Nvidia GeForce GTX 1050,Windows 10,3kg,938.0,8.452899310242211,1.819756491727179,1.735963088408054
141,Lenovo,IdeaPad 320-15IKBN,Notebook,15.6,Full HD 1920x1080,Intel Core i5 7200U 2.5GHz,4GB,1TB HDD,Nvidia GeForce 920MX,No OS,2.2kg,499.0,10.0,1.487302292739315,0.0
142,HP,Envy 13-AD007nv,Notebook,13.3,IPS Panel Full HD 1920x1080,Intel Core i5 7200U 2.5GHz,4GB,256GB SSD,Intel HD Graphics 620,Windows 10,1.32kg,699.0,8.129232597485746,1.0308931963300543,0.6487899821112499
143,Acer,Aspire 5,Notebook,17.3,IPS Panel Full HD 1920x1080,Intel Core i3 7130U 2.7GHz,4GB,1TB HDD,Nvidia GeForce MX130,Windows 10,3kg,655.0,9.370153601691742,0.0,1.004871893924986
144,Lenovo,ThinkPad E480,Notebook,14.0,IPS Panel Full HD 1920x1080,Intel Core i5 8250U 1.6GHz,8GB,256GB SSD,AMD Radeon RX 550,Windows 10,1.75kg,1116.02,9.455807030430163,1.9096575343978939,0.6690959061001749
145,Lenovo,Legion Y520-15IKBN,Gaming,15.6,IPS Panel Full HD 1920x1080,Intel Core i7 7700HQ 2.8GHz,8GB,256GB SSD,Nvidia GeForce GTX 1050M,No OS,2.4kg,869.0,7.5410176317603,0.6519102655572542,1.4820544348399654
146,Toshiba,Satellite Pro,Notebook,15.6,1366x768,Intel Core i5 6200U 2.3GHz,4GB,500GB HDD,Intel HD Graphics 520,Windows 10,2.1kg,602.0,9.425344217627531,0.29946952379850666,0.5587858924094149
147,HP,255 G6,Notebook,15.6,1366x768,AMD A6-Series 9220 2.5GHz,4GB,256GB SSD,AMD Radeon R4 Graphics,Windows 10,1.86kg,369.0,9.878792311348105,0.7982051390547076,1.733494482703025
148,Asus,ZenBook UX430UA,Ultrabook,14.0,Full HD 1920x1080,Intel Core i7 8550U 1.8GHz,8GB,256GB SSD,Intel UHD Graphics 620,Windows 10,1.25kg,1099.0,9.064276862822693,2.5518078917460647,2.8195972147710413
149,HP,EliteBook Folio,Ultrabook,12.5,IPS Panel 4K Ultra HD / Touchscreen 3840x2160,Intel Core M 6Y75 1.2GHz,8GB,512GB SSD,Intel HD Graphics 515,Windows 10,0.97kg,2014.0,5.904954199230024,3.12250249345636,2.7328407767729805
150,Asus,X541NA (N3350/4GB/1TB/FHD/W10),Notebook,15.6,Full HD 1920x1080,Intel Celeron Dual Core N3350 1.1GHz,4GB,1TB HDD,Intel HD Graphics 500,Windows 10,2kg,344.0,8.656714878308952,0.5339862413027997,0.1662496619702724
151,MSI,GE72MVR 7RG,Gaming,17.3,Full HD 1920x1080,Intel Core i7 7700HQ 2.8GHz,16GB,256GB SSD +  1TB HDD,Nvidia GeForce GTX 1070,Windows 10,2.9kg,2029.0,7.286751564729805,4.4925736434719035,3.071643635276999
152,Acer,Aspire A315-51,Notebook,15.6,1366x768,Intel Core i3 6006U 2GHz,4GB,1TB HDD,Intel HD Graphics 520,Windows 10,2.1kg,447.0,9.776828244915665,0.6533620372617407,0.09943191274318791
153,Dell,Inspiron 5577,Gaming,15.6,Full HD 1920x1080,Intel Core i7 7700HQ 2.8GHz,16GB,512GB SSD,Nvidia GeForce GTX 1050,Windows 10,2.56kg,1249.26,8.385609470150118,3.896131301470898,1.9708047973490836
154,Dell,Inspiron 7567,Gaming,15.6,Full HD 1920x1080,Intel Core i7 7700HQ 2.8GHz,8GB,1.0TB Hybrid,Nvidia GeForce GTX 1050,Windows 10,2.62kg,899.0,9.053529875614458,1.6760364084883579,0.6170030368730504
155,Lenovo,V110-15IKB (i5-7200U/4GB/128GB/W10),Notebook,15.6,1366x768,Intel Core i5 7200U 2.5GHz,4GB,128GB SSD,Intel HD Graphics 620,Windows 10,1.9kg,498.0,8.909144779699231,0.0,0.0
156,MSI,GE73VR 7RE,Gaming,17.3,Full HD 1920x1080,Intel Core i7 7700HQ 2.8GHz,16GB,256GB SSD +  1TB HDD,Nvidia GeForce GTX 1060,Windows 10,2.8kg,1890.0,7.289600426083233,3.498875828529196,3.394371510765785
157,HP,EliteBook 840,Ultrabook,14.0,Full HD 1920x1080,Intel Core i5 7500U 2.7GHz,4GB,256GB SSD,Intel HD Graphics 620,Windows 10,1.48kg,1082.0,8.701968527162153,1.8374161593830154,2.036113118854242
158,HP,15-BS103nv (i5-8250U/6GB/256GB/Radeon,Notebook,15.6,Full HD 1920x1080,Intel Core i5 8250U 1.6GHz,6GB,256GB SSD,AMD Radeon 520,Windows 10,1.91kg,619.0,8.67746401325823,1.7828570555868715,0.10760224459268108
159,Lenovo,Yoga 520-14IKB,2 in 1 Convertible,14.0,IPS Panel Full HD / Touchscreen 1920x1080,Intel Core i3 7100U 2.4GHz,4GB,256GB SSD,Intel HD Graphics 620,Windows 10,1.74kg,629.0,10.0,1.3064775704674436,1.4842168340615565
160,Asus,ZenBook Flip,2 in 1 Convertible,13.3,Full HD / Touchscreen 1920x1080,Intel Core i5 8250U 1.6GHz,8GB,256GB SSD,Intel HD Graphics 620,Windows 10,1.1kg,1315.0,8.453327940104957,1.8149736094374536,1.4204762132922073
161,Dell,Inspiron 5579,2 in 1 Convertible,15.6,Full HD / Touchscreen 1920x1080,Intel Core i7 8550U 1.8GHz,8GB,256GB SSD,Intel UHD Graphics 620,Windows 10,1.56kg,1049.0,7.570163953292733,0.497354659913655,1.6793254393755326
163,Toshiba,Satellite Pro,Notebook,15.6,1366x768,Intel Core i3 6006U 2.2GHz,4GB,500GB HDD,Intel HD Graphics 520,Windows 10,2.1kg,447.0,10.0,0.2935408878420659,1.117034703760851
164,Asus,X555BP-XX180T (A9-9420/4GB/1TB/Radeon,Notebook,15.6,1366x768,AMD A9-Series 9420 3GHz,4GB,1TB HDD,AMD Radeon R5 M420,Windows 10,2.03kg,403.0,8.833756773522783,0.0,0.3596078385323882
165,Acer,Aspire A517-51G,Notebook,17.3,IPS Panel Full HD 1920x1080,Intel Core i5 8250U 1.6GHz,4GB,256GB SSD,Nvidia GeForce MX150,Windows 10,3kg,805.0,9.564688780040376,0.6005601431098084,1.428771632666494
166,Dell,Inspiron 3576,Notebook,15.6,Full HD 1920x1080,Intel Core i5 8250U 1.6GHz,8GB,256GB SSD,AMD Radeon 520,Windows 10,2.13kg,728.0,9.99185536615951,1.4058838205829012,0.521877381936356
167,Lenovo,Legion Y520-15IKBN,Gaming,15.6,IPS Panel Full HD 1920x1080,Intel Core i7 7700HQ 2.8GHz,16GB,256GB SSD,Nvidia GeForce GTX 1050 Ti,Windows 10,2.5kg,1079.0,7.816027984981078,2.863349763818678,1.370252893595075
168,Acer,Aspire A315-31,Notebook,15.6,1366x768,Intel Celeron Dual Core N3350 1.1GHz,4GB,1TB HDD,Intel HD Graphics 500,Windows 10,2.1kg,348.0,10.0,0.6094081099343343,0.12898334137167708
169,MSI,GE63VR 7RE,Gaming,15.6,IPS Panel Full HD 1920x1080,Intel Core i7 7700HQ 2.8GHz,16GB,256GB SSD +  1TB HDD,Nvidia GeForce GTX 1060,Windows 10,2.4kg,1799.0,7.587608707793924,1.7859095841271264,2.145353356523083
170,Acer,Aspire 3,Notebook,15.6,1366x768,Intel Pentium Quad Core N4200 1.1GHz,4GB,1TB HDD,Intel HD Graphics 505,Windows 10,2.1kg,363.51,10.0,0.6755302358419353,0.17842877077319708
171,Dell,Inspiron 5577,Gaming,15.6,Full HD 1920x1080,Intel Core i7 7700HQ 2.8GHz,8GB,128GB SSD +  1TB HDD,Nvidia GeForce GTX 1050,Windows 10,2.56kg,1060.49,10.0,2.45349084332496,0.25729101491744166
172,Acer,Aspire A517-51G,Notebook,17.3,IPS Panel Full HD 1920x1080,Intel Core i5 8250U 1.6GHz,8GB,256GB SSD,Nvidia GeForce MX150,Windows 10,3kg,854.0,8.656010182303188,0.6598530014390089,0.754756327180831
173,HP,ProBook 430,Notebook,13.3,IPS Panel Full HD 1920x1080,Intel Core i5 8250U 1.6GHz,4GB,500GB HDD,Intel UHD Graphics 620,Windows 10,1.49kg,754.0,8.41810811492751,0.8716892202481638,0.7510025588907613
174,Huawei,MateBook X,Ultrabook,13.0,IPS Panel Full HD 2160x1440,Intel Core i5 7200U 2.5GHz,8GB,256GB SSD,Intel HD Graphics 620,Windows 10,1.05kg,1349.0,7.305266093430382,1.994872918652556,1.7781785608728942
175,HP,17-bs001nv (i5-7200U/6GB/2TB/Radeon,Notebook,17.3,IPS Panel Full HD 1920x1080,Intel Core i5 7200U 2.5GHz,6GB,2TB HDD,AMD Radeon 520,Windows 10,2.71kg,699.0,8.461275822660559,0.2581572989012966,0.6928779926704656
176,Lenovo,IdeaPad 320-15AST,Notebook,15.6,1366x768,AMD A6-Series 9220 2.9GHz,4GB,500GB HDD,AMD Radeon R4 Graphics,No OS,2.2kg,309.0,9.710470531202894,0.74647244834091,0.17843674137771964
177,Toshiba,Satellite Pro,Notebook,15.6,1366x768,Intel Core i3 7100U 2.4GHz,4GB,500GB HDD,Intel HD Graphics 620,Windows 10,2kg,489.0,9.741276010233063,0.43488705073402784,0.9151987840891043
178,HP,ProBook 470,Notebook,17.3,Full HD 1920x1080,Intel Core i5 8250U 1.6GHz,8GB,256GB SSD,Nvidia GeForce 930MX,Windows 10,2.5kg,923.0,8.95721761836697,1.5997609762226686,1.9637486804030644
179,Dell,Inspiron 3567,Notebook,15.6,1366x768,Intel Core i3 7100U 2.4GHz,8GB,1TB HDD,Intel HD Graphics 620,Windows 10,2.3kg,459.0,10.0,0.0,0.0
180,Acer,Aspire A315-51,Notebook,15.6,1366x768,Intel Core i3 6006U 2GHz,4GB,128GB SSD,Intel HD Graphics 520,Windows 10,2.1kg,449.0,9.546266492405278,0.11416838083831804,0.0
181,MSI,GT80S 6QF-074US,Gaming,18.4,Full HD 1920x1080,Intel Core i7 6920HQ 2.9GHz,32GB,512GB SSD +  1TB HDD,Nvidia GTX 980 SLI,Windows 10,4.4kg,2799.0,6.732447514890412,5.00828483309766,3.5967442170409605
182,Lenovo,V310-15IKB (i5-7200U/8GB/1TB,Notebook,15.6,Full HD 1920x1080,Intel Core i5 7200U 2.5GHz,8GB,128GB SSD +  1TB HDD,AMD R17M-M1-70,Windows 10,1.90kg,813.0,8.709793520751408,0.7802144909848142,0.6887186757022861
183,HP,Spectre x360,2 in 1 Convertible,13.3,IPS Panel 4K Ultra HD / Touchscreen 3840x2160,Intel Core i5 8250U 1.6GHz,8GB,256GB SSD,Intel UHD Graphics 620,Windows 10,1.29kg,1499.0,9.939848413440473,3.6178580008179475,1.954749865578016
184,Dell,Inspiron 5570,Notebook,15.6,Full HD 1920x1080,Intel Core i7 8550U 1.8GHz,16GB,256GB SSD +  2TB HDD,AMD Radeon 530,Linux,2.02kg,1049.0,9.023740629266857,1.1570843004534657,0.8607963959871817
185,Dell,XPS 13,Ultrabook,13.3,Full HD 1920x1080,Intel Core i5 8250U 1.6GHz,8GB,256GB SSD,Intel UHD Graphics 620,Windows 10,1.23kg,1399.0,7.246763406343767,2.2472583291247155,1.0306172171232912
186,Lenovo,Yoga 920-13IKB,2 in 1 Convertible,13.9,IPS Panel 4K Ultra HD / Touchscreen 3840x2160,Intel Core i7 8550U 1.8GHz,16GB,512GB SSD,Intel UHD Graphics 620,Windows 10,1.4kg,1849.0,6.316281782141828,3.5730768849077545,2.462107557429932
187,Toshiba,Satellite Pro,Notebook,15.6,1366x768,Intel Core i5 7200U 2.5GHz,8GB,128GB SSD,Intel HD Graphics 620,Windows 10,2.0kg,793.0,9.341252193797922,0.0,1.1898670344878015
188,Xiaomi,Mi Notebook,Notebook,15.6,IPS Panel Full HD 1920x1080,Intel Core i5 8250U 1.6GHz,8GB,256GB SSD,Nvidia GeForce MX150,No OS,1.95kg,1199.0,8.091271965832146,0.3213107563225521,2.2059813785756246
189,Dell,Inspiron 7773,Notebook,17.3,Full HD / Touchscreen 1920x1080,Intel Core i7 8550U 1.8GHz,16GB,512GB SSD,Nvidia GeForce 150MX,Windows 10,2.77kg,1549.0,8.250525289788442,1.1001500538291562,1.874736662998575
190,Dell,XPS 15,Notebook,15.6,4K Ultra HD / Touchscreen 3840x2160,Intel Core i7 7700HQ 2.8GHz,16GB,512GB SSD,Nvidia GeForce GTX 1050,Windows 10,2.06kg,2397.0,6.626691365481621,4.761966016918961,3.4215004764624677
191,Lenovo,Legion Y520-15IKBN,Gaming,15.6,IPS Panel Full HD 1920x1080,Intel Core i5 7300HQ 2.5GHz,8GB,256GB SSD,Nvidia GeForce GTX 1050,No OS,2.4kg,779.0,8.920639823461,0.5796105296995446,0.2797383993356535
192,Acer,Swift 7,Ultrabook,13.3,IPS Panel Full HD 1920x1080,Intel Core i5 7Y54 1.2GHz,8GB,256GB SSD,Intel HD Graphics 615,Windows 10,1.12kg,989.0,7.947037599384939,3.4220868546949395,1.3503760898605166
193,Dell,Inspiron 5770,Notebook,17.3,Full HD 1920x1080,Intel Core i7 8550U 1.8GHz,8GB,128GB SSD +  1TB HDD,AMD Radeon 530,Windows 10,2.8kg,1085.0,7.250569477635274,1.086154663690123,0.8588098352633821
194,Lenovo,Thinkpad Yoga,2 in 1 Convertible,14.0,Touchscreen 2560x1440,Intel Core i7 7500U 2.7GHz,16GB,1TB SSD,Intel HD Graphics 620,Windows 10,1.42kg,2824.0,5.1702141986839365,4.620214882220076,4.931076090255407
195,Vero,K147 (N3350/4GB/32GB/FHD/W10),Notebook,14.0,IPS Panel Full HD 1920x1080,Intel Celeron Dual Core N3350 1.1GHz,4GB,32GB Flash Storage,Intel HD Graphics 500,Windows 10,1.3kg,260.0,10.0,1.3788356413791951,0.0
196,Xiaomi,Mi Notebook,Ultrabook,13.3,IPS Panel Full HD 1920x1080,Intel Core i5 7200U 2.5GHz,8GB,256GB SSD,Nvidia GeForce MX150,No OS,1.3kg,999.9,8.777350944671252,2.99879836116021,1.1062203126709413
197,Lenovo,IdeaPad 320-17IKBR,Notebook,17.3,1600x900,Intel Core i5 8250U 1.6GHz,8GB,256GB SSD,Nvidia GeForce MX150,No OS,2.8kg,698.0,8.119020791376402,2.5335910469631266,1.125274057007402
198,Dell,Inspiron 5379,2 in 1 Convertible,13.3,IPS Panel Full HD / Touchscreen 1920x1080,Intel Core i7 8550U 1.8GHz,8GB,1TB HDD,Intel UHD Graphics 620,Windows 10,1.62kg,839.0,9.016181871482633,2.0890558536728263,1.2694304822563158
199,HP,ProBook 470,Notebook,17.3,IPS Panel Full HD 1920x1080,Intel Core i5 8250U 1.6GHz,8GB,1TB HDD,Nvidia GeForce 930MX,Windows 10,2.5kg,914.0,9.059308756103746,2.068195168328495,3.4033720788637227
200,Razer,Blade Pro,Gaming,17.3,4K Ultra HD / Touchscreen 3840x2160,Intel Core i7 7820HK 2.9GHz,32GB,1TB SSD,Nvidia GeForce GTX 1080,Windows 10,3.49kg,6099.0,0.0,10.0,10.0
201,HP,ProBook 430,Notebook,13.3,Full HD 1920x1080,Intel Core i5 8250U 1.6GHz,8GB,512GB SSD,Intel UHD Graphics 620,Windows 10,1.49kg,959.0,8.79808556998849,1.9475833757012428,0.5216508372943243
202,HP,Omen 17-W295,Gaming,17.3,IPS Panel Full HD 1920x1080,Intel Core i7 7700HQ 2.8GHz,16GB,256GB SSD +  1TB HDD,Nvidia GeForce GTX 1050,Windows 10,3.35kg,1379.0,8.012811700495195,1.5928067011987768,1.957383876590345
203,HP,Probook 470,Notebook,17.3,Full HD 1920x1080,Intel Core i7 8550U 1.8GHz,8GB,256GB SSD,Nvidia GeForce 930MX ,Windows 10,2.5kg,1045.0,7.615581567642675,0.8154830873549812,0.04904512731966548
204,Dell,Inspiron 7577,Gaming,15.6,IPS Panel 4K Ultra HD 3840x2160,Intel Core i7 7700HQ 2.8GHz,16GB,512GB SSD +  1TB HDD,Nvidia GeForce GTX 1060,Windows 10,2.65kg,1845.0,7.465976723721663,2.8175535986282005,2.7557733651195537
205,Lenovo,V110-15ISK (i5-6200U/4GB/128GB/W10),Notebook,15.6,1366x768,Intel Core i5 6200U 2.3GHz,4GB,128GB SSD,Intel HD Graphics 520,Windows 10,2.1kg,493.0,9.910230996622014,0.4022489264526311,0.0
206,Acer,Aspire E5-576G,Notebook,15.6,Full HD 1920x1080,Intel Core i7 7500U 2.7GHz,8GB,1TB HDD,Nvidia GeForce 940MX,Windows 10,2.23kg,742.0,9.907791205510685,0.5960673495677158,1.6909620094776652
207,Lenovo,Legion Y720-15IKB,Gaming,15.6,IPS Panel Full HD 1920x1080,Intel Core i7 7700HQ 2.8GHz,16GB,512GB SSD +  1TB HDD,Nvidia GeForce GTX 1060,Windows 10,3.2kg,1749.0,8.184813793526656,3.215337806066638,2.218595628424838
208,Dell,Precision 7520,Workstation,15.6,4K Ultra HD 3840x2160,Intel Xeon E3-1505M V6 3GHz,16GB,256GB SSD +  1TB HDD,Nvidia Quadro M1200,Windows 10,2.8kg,3055.0,4.035417248250361,5.6266914242403745,4.769034524747768
209,Lenovo,Legion Y520-15IKBN,Gaming,15.6,Full HD 1920x1080,Intel Core i7 7700HQ 2.8GHz,16GB,512GB SSD,Nvidia GeForce GTX 1060,No OS,2.4kg,1398.0,7.183917183257776,2.1365482938436045,1.5573765116866038
210,Dell,Inspiron 3567,Notebook,15.6,Touchscreen 1366x768,Intel Core i3 7100U 2.4GHz,6GB,1TB HDD,Intel HD Graphics 620,Windows 10,2.3kg,439.0,9.964770829800683,1.6292814488104543,1.8383384654489099
211,Dell,XPS 13,Ultrabook,13.3,IPS Panel 4K Ultra HD / Touchscreen 3840x2160,Intel Core i7 8550U 1.8GHz,8GB,256GB SSD,Intel UHD Graphics 620,Windows 10,1.21kg,1949.0,7.415248170012467,2.082429299410496,2.7387863778229704
212,Dell,XPS 13,Ultrabook,13.3,Full HD 1920x1080,Intel Core i7 8550U 1.8GHz,8GB,256GB SSD,Intel UHD Graphics 620,Windows 10,1.2kg,1449.0,8.260139414867622,1.9969711667534407,3.6179443689605764
213,Lenovo,IdeaPad 320-15IKBN,Notebook,15.6,1366x768,Intel Core i5 7200U 2.5GHz,8GB,256GB SSD,Intel HD Graphics 620,Windows 10,2.2kg,597.0,10.0,0.1404661941506674,1.3652454603275248
215,Acer,Aspire 7,Notebook,15.6,Full HD 1920x1080,Intel Core i7 7700HQ 2.8GHz,8GB,1TB HDD,Nvidia GeForce GTX 1050,Linux,2.4kg,779.0,9.435615362141032,0.0,1.406750428281811
216,Asus,ROG GL703VD-GC028T,Gaming,17.3,Full HD 1920x1080,Intel Core i7 7700HQ 2.8GHz,16GB,256GB SSD +  1TB HDD,Nvidia GeForce GTX 1050,Windows 10,2.9kg,1407.0,8.827439853916632,2.0148681095536887,2.375999176081864
217,HP,15-bs018nq (i3-6006U/4GB/500GB/FHD/No,Notebook,15.6,Full HD 1920x1080,Intel Core i3 6006U 2GHz,4GB,500GB HDD,Intel HD Graphics 520,No OS,2.1kg,349.0,10.0,0.1979606430824027,0.6103964883620308
218,Lenovo,IdeaPad 320-15IKBN,Notebook,15.6,Full HD 1920x1080,Intel Core i5 7200U 2.5GHz,8GB,256GB SSD,Intel HD Graphics 620,No OS,2.2kg,549.0,9.888201608639575,1.8436711869987683,0.0
219,Huawei,MateBook X,Ultrabook,13.0,IPS Panel Full HD 2160x1440,Intel Core i7 7500U 2.7GHz,8GB,512GB SSD,Intel HD Graphics 620,Windows 10,1.05kg,1499.0,7.511497684456501,2.7409362674750453,2.0131802045106184
220,Dell,Inspiron 5370,Ultrabook,13.3,IPS Panel Full HD 1920x1080,Intel Core i7 8550U 1.8GHz,8GB,256GB SSD,AMD Radeon 530,Windows 10,1.4kg,931.88,9.328053013525416,0.4597729034058343,1.9552487398166556
221,Lenovo,IdeaPad 320-17IKB,Notebook,17.3,1600x900,Intel Core i5 7200U 2.5GHz,8GB,1TB HDD,Nvidia GeForce GTX 940MX,No OS,2.8kg,589.0,8.681317887441674,2.1836959939956206,0.6613041941489854
222,HP,Probook 440,Notebook,14.0,Full HD 1920x1080,Intel Core i7 8550U 1.8GHz,8GB,256GB SSD,Nvidia GeForce 930MX,Windows 10,1.63kg,1031.0,8.364131612498289,2.423240458529987,0.3222616246668446
223,Dell,Latitude 5490,Ultrabook,14.0,Full HD 1920x1080,Intel Core i5 8250U 1.6GHz,8GB,256GB SSD,Intel UHD Graphics 620,Windows 10,1.6kg,1149.0,7.966139541483553,2.111247783028057,1.6036460597911888
224,Dell,Inspiron 5379,2 in 1 Convertible,13.3,Full HD / Touchscreen 1920x1080,Intel Core i7 8550U 1.8GHz,16GB,512GB SSD,Intel UHD Graphics 620,Windows 10,1.62kg,1279.0,8.200520408555471,1.683791623873721,3.22826331595798
225,Dell,Inspiron 3576,Notebook,15.6,Full HD 1920x1080,Intel Core i5 8250U 1.6GHz,8GB,256GB SSD,AMD Radeon 520,Linux,2.2kg,677.35,10.0,0.08198447560011912,1.8470492374066785
226,Lenovo,Yoga 520-14IKB,2 in 1 Convertible,14.0,IPS Panel Full HD 1920x1080,Intel Core i5 8250U 1.6GHz,8GB,256GB SSD,Intel UHD Graphics 620,Windows 10,1.74kg,899.0,7.282559153943478,0.9258632711262801,1.174025484490297
227,Toshiba,Portege Z30-C-16L,Ultrabook,13.3,Full HD 1920x1080,Intel Core i7 6500U 2.5GHz,8GB,256GB SSD,Intel HD Graphics 520,Windows 10,1.2kg,1363.0,8.54225709744729,2.87774995061567,2.7679104764987903
228,HP,ProBook 450,Notebook,15.6,Full HD 1920x1080,Intel Core i5 8250U 1.6GHz,8GB,1TB HDD,Intel UHD Graphics 620,Windows 10,2.1kg,794.0,7.663413800938574,2.5540825468573916,0.7532078858152631
229,Dell,Alienware 17,Gaming,17.3,IPS Panel Full HD 1920x1080,Intel Core i7 7700HQ 2.8GHz,16GB,256GB SSD +  1TB HDD,Nvidia GeForce GTX 1060,Windows 10,4.42kg,2456.34,5.7704038744570605,5.086645455529144,2.488953363450017
230,Acer,Aspire E5-576G,Notebook,15.6,Full HD 1920x1080,Intel Core i7 7500U 2.7GHz,8GB,256GB SSD,Nvidia GeForce 940MX,Windows 10,2.2kg,832.0,9.76061195436714,0.7194689857777319,0.3709757327031076
231,Dell,Inspiron 5567,Notebook,15.6,Full HD / Touchscreen 1920x1080,Intel Core i7 7500U 2.7GHz,16GB,1TB HDD,AMD Radeon R7 M445,Windows 10,2.3kg,859.01,8.895288994179323,0.2604410744658374,2.406446035903605
232,Asus,Vivobook X541UV-DM1217T,Notebook,15.6,Full HD 1920x1080,Intel Core i5 7200U 2.5GHz,8GB,256GB SSD,Nvidia GeForce 920MX ,Windows 10,2kg,769.0,8.133584768373854,1.1169284068116636,0.785024943819257
233,Asus,K756UX-T4340T (i5-7200U/8GB/500GB,Notebook,17.3,Full HD 1920x1080,Intel Core i5 7200U 2.5GHz,8GB,256GB SSD +  500GB HDD,Nvidia GeForce GTX 950M,Windows 10,2.69kg,891.0,8.217630450313544,0.0,1.0154193987784665
234,HP,ZBook 15u,Notebook,15.6,Full HD 1920x1080,Intel Core i7 7500U 2.7GHz,8GB,1TB HDD,AMD FirePro W4190M ,Windows 10,1.9kg,1269.0,8.695576933324956,2.10663543717061,1.6082307088028804
235,Asus,Pro P2540UA-XO0198T,Notebook,15.6,1366x768,Intel Core i3 7100U 2.4GHz,4GB,1TB HDD,Intel HD Graphics 620,Windows 10,2.37kg,398.99,9.035976736820384,0.2616478887669722,1.9030392294643128
236,HP,15-rb013nv (E2-9000e/4GB/500GB/W10),Notebook,15.6,1366x768,AMD E-Series 9000e 1.5GHz,4GB,500GB HDD,AMD Radeon R2,Windows 10,2.1kg,330.0,9.909875732425073,0.0,1.5640582715301572
237,Lenovo,Legion Y720-15IKB,Gaming,15.6,IPS Panel Full HD 1920x1080,Intel Core i7 7700HQ 2.8GHz,16GB,256GB SSD +  1TB HDD,Nvidia GeForce GTX 1060,Windows 10,3.2kg,1499.0,7.800170552091829,0.960524466017787,4.011311106589731
238,Dell,Vostro 5468,Notebook,14.0,Full HD 1920x1080,Intel Core i5 7200U 2.5GHz,8GB,256GB SSD,Intel HD Graphics 620,Windows 10,1.6kg,859.0,8.322601578455432,1.566998228715689,1.0288819751398748
239,Acer,Aspire R7,2 in 1 Convertible,13.3,IPS Panel Full HD / Touchscreen 1920x1080,Intel Core i5 6200U 2.3GHz,8GB,256GB SSD,Intel HD Graphics 520,Windows 10,1.6kg,689.0,10.0,0.4430376405067577,1.1056979032339629
240,Dell,Inspiron 5567,Notebook,15.6,Full HD 1920x1080,Intel Core i7 7500U 2.7GHz,16GB,256GB SSD,AMD Radeon R7 M445,Linux,2.36kg,899.0,9.283506525871285,0.28769522341489207,0.010314652446489436
241,Acer,Aspire A315-51,Notebook,15.6,1366x768,Intel Core i3 6006U 2GHz,4GB,1TB HDD,Intel HD Graphics 520,Linux,2.1kg,390.0,8.015328968648598,0.0,1.546104502919936
242,Asus,X555QG-DM242T (A10-9620P/4GB/1TB,Notebook,15.6,Full HD 1920x1080,AMD A10-Series A10-9620P 2.5GHz,4GB,128GB SSD +  1TB HDD,AMD Radeon R5 M430,Windows 10,2.2kg,575.0,9.472370202870396,0.6547813249046387,0.0
243,Asus,ROG G703VI-E5062T,Gaming,17.3,Full HD 1920x1080,Intel Core i7 7820HK 2.9GHz,32GB,512GB SSD +  1TB HDD,Nvidia GeForce GTX 1080,Windows 10,4.7kg,3890.0,3.1988408703793825,7.689531235141702,6.44515040881601
244,Acer,Nitro AN515-51,Gaming,15.6,IPS Panel Full HD 1920x1080,Intel Core i5 7300HQ 2.5GHz,8GB,256GB SSD,Nvidia GeForce GTX 1050,Windows 10,2.5kg,846.0,9.547769452647106,2.463184586828169,0.2563351930835982
245,Lenovo,IdeaPad 320-15ISK,Notebook,15.6,1366x768,Intel Core i3 6006U 2GHz,8GB,128GB SSD,Intel HD Graphics 520,Windows 10,2.2kg,589.0,8.66556146832557,0.33474493565925245,0.22932847953731306
246,Asus,VivoBook Pro,Notebook,17.3,Full HD 1920x1080,Intel Core i7 8550U 1.8GHz,8GB,128GB SSD +  1TB HDD,Nvidia GeForce 150MX,Windows 10,2.1kg,1145.0,8.269392281425638,1.1570489171114193,0.9690086205610835
247,Asus,F756UX-T4201D (i7-7500U/8GB/128GB,Notebook,17.3,Full HD 1920x1080,Intel Core i7 7500U 2.7GHz,8GB,128GB SSD +  1TB HDD,Nvidia GeForce GTX 950M,No OS,2.69kg,889.0,9.197238768332046,1.5817704597123396,0.7204508463116663
248,Dell,Inspiron 5577,Gaming,15.6,Full HD 1920x1080,Intel Core i5 7300HQ 2.5GHz,8GB,256GB SSD,Nvidia GeForce GTX 1050,Windows 10,2.56kg,879.0,9.502730737614579,0.39116506637088566,0.7585752552023359
249,Lenovo,Yoga 910-13IKB,2 in 1 Convertible,13.9,IPS Panel Full HD / Touchscreen 1920x1080,Intel Core i7 7500U 2.7GHz,8GB,256GB SSD,Intel HD Graphics 620,Windows 10,1.38kg,1079.0,7.512336714017826,1.7688596801931256,1.0888111243974912
250,Dell,Inspiron 5570,Notebook,15.6,Full HD 1920x1080,Intel Core i7 8550U 1.8GHz,8GB,128GB SSD +  2TB HDD,AMD Radeon 530,Windows 10,2.2kg,985.0,8.363622640019223,1.9816405940157693,2.0354435007322627
251,HP,15-bs015dx (i5-7200U/8GB/1TB/W10),Notebook,15.6,Touchscreen 1366x768,Intel Core i5 7200U 2.5GHz,8GB,1TB HDD,Intel HD Graphics 620,Windows 10,2.04kg,559.0,8.970254721535369,1.631335608643311,0.0
252,Asus,Rog G701VIK-BA060T,Gaming,17.3,Full HD 1920x1080,Intel Core i7 7820HK 2.9GHz,16GB,256GB SSD,Nvidia GeForce GTX 1080,Windows 10,3.6kg,2999.0,4.709404124489554,4.687809228267515,4.9443656310625705
253,HP,ProBook 430,Notebook,13.3,IPS Panel Full HD 1920x1080,Intel Core i5 8250U 1.6GHz,4GB,500GB HDD,Intel UHD Graphics 620,Windows 10,1.49kg,675.0,10.0,0.6826306201115919,1.8199369420976113
254,Apple,MacBook Pro,Ultrabook,13.3,IPS Panel Retina Display 2560x1600,Intel Core i5 3.1GHz,8GB,512GB SSD,Intel Iris Plus Graphics 650,macOS,1.37kg,2040.0,7.174618280161169,2.446981019202346,2.7388099969968778
255,Dell,Inspiron 5579,2 in 1 Convertible,15.6,IPS Panel Full HD / Touchscreen 1920x1080,Intel Core i7 8550U 1.8GHz,8GB,1TB HDD,Intel UHD Graphics 620,Windows 10,2.08kg,819.0,7.902685241595254,0.42710331170482085,0.5142724823386274
256,Asus,ROG G752VSK-GC493T,Gaming,17.3,Full HD 1920x1080,Intel Core i7 7700HQ 2.8GHz,16GB,256GB SSD +  1TB HDD,Nvidia GeForce GTX 980M,Windows 10,4.3kg,1799.0,7.991673523888547,2.5614329202340524,2.5581963336110736
257,Asus,X505BP-BR019T (A9-9420/4GB/1TB/Radeon,Notebook,15.6,1366x768,AMD A9-Series 9420 3GHz,4GB,1TB HDD,AMD Radeon R5 M420,Windows 10,1.68kg,469.0,10.0,0.7917827008115923,1.4416704620472178
258,Lenovo,Yoga 920-13IKB,2 in 1 Convertible,13.9,IPS Panel Full HD / Touchscreen 1920x1080,Intel Core i7 8550U 1.8GHz,8GB,512GB SSD,Intel UHD Graphics 620,Windows 10,1.37kg,1849.0,7.998967989031636,3.5578719203958817,2.9822903241719687
259,Acer,Aspire 5,Notebook,17.3,IPS Panel Full HD 1920x1080,Intel Core i3 7130U 2.7GHz,4GB,256GB SSD,Nvidia GeForce MX130,Windows 10,3kg,702.0,7.89336478673046,0.24859607996205313,0.4661678048202503
260,Dell,Vostro 5370,Ultrabook,13.3,Full HD 1920x1080,Intel Core i5 8250U 1.6GHz,8GB,256GB SSD,Intel UHD Graphics 620,Windows 10,1.41kg,949.0,8.304595864069869,2.5021677328047485,1.6951181985875627
261,HP,15-BW094nd (A6-9220/8GB/128GB/W10),Notebook,15.6,1366x768,AMD A6-Series A6-9220 2.5GHz,8GB,128GB SSD,AMD Radeon R4 Graphics,Windows 10,1.91kg,445.9,10.0,0.24200407275244287,0.0
262,HP,Envy 17-U275cl,Notebook,17.3,IPS Panel Full HD 1920x1080,Intel Core i7 8550U 1.8GHz,16GB,1TB HDD,Nvidia GeForce MX150,Windows 10,2.9kg,1059.0,7.940193541429025,1.4765770505972005,2.038758494430308
263,MSI,GT73EVR 7RE,Gaming,17.3,Full HD 1920x1080,Intel Core i7 7700HQ 2.8GHz,16GB,512GB SSD +  1TB HDD,Nvidia GeForce GTX 1070,Windows 10,4.14kg,2499.0,6.431004909605591,3.3262812895931333,4.250936479072806
264,Lenovo,Yoga 720-15IKB,2 in 1 Convertible,15.6,IPS Panel Full HD / Touchscreen 1920x1080,Intel Core i7 7700HQ 2.8GHz,8GB,512GB SSD,Nvidia GeForce GTX 1050M,Windows 10,2kg,1699.0,8.045867580296212,0.634447454228904,2.3275928855361503
265,Dell,Inspiron 5770,Notebook,17.3,Full HD 1920x1080,Intel Core i7 8550U 1.8GHz,8GB,128GB SSD +  1TB HDD,AMD Radeon 530,Windows 10,2.8kg,1142.0,7.6247003484759315,2.340991591350443,0.9628866355038186
266,Lenovo,IdeaPad 320-15ISK,Notebook,15.6,Full HD 1920x1080,Intel Core i3 6006U 2GHz,4GB,256GB SSD,Intel HD Graphics 520,No OS,2.2kg,444.0,9.496683512618914,1.0451713202055921,0.0
267,HP,ProBook 450,Notebook,15.6,IPS Panel Full HD 1920x1080,Intel Core i5 8250U 1.6GHz,4GB,500GB HDD,Intel HD Graphics 620,Windows 10,2.1kg,722.0,6.48209161317681,0.6998324690733617,1.3527483838446606
268,Dell,Vostro 3568,Notebook,15.6,Full HD 1920x1080,Intel Core i5 7200U 2.5GHz,4GB,1TB HDD,Intel HD Graphics 620,Windows 10,2.18kg,657.0,8.365300013514847,0.8687824471976191,1.798374275408971
269,Dell,Inspiron 3567,Notebook,15.6,Full HD 1920x1080,Intel Core i5 7200U 2.5GHz,8GB,1TB HDD,AMD Radeon R5 M430,Windows 10,2.24kg,565.0,9.138029867071127,1.0726669859776254,0.15006941419131004
270,Dell,Inspiron 5579,2 in 1 Convertible,15.6,Full HD / Touchscreen 1920x1080,Intel Core i5 8250U 1.6GHz,8GB,256GB SSD,Intel UHD Graphics 620,Windows 10,2.67kg,799.0,7.946921133753014,0.0,1.421561683516293
271,Asus,ZenBook Flip,2 in 1 Convertible,13.3,Full HD / Touchscreen 1920x1080,Intel Core i7 8550U 1.8GHz,8GB,512GB SSD +  512GB SSD,Intel UHD Graphics 620,Windows 10,1.1kg,1499.0,9.069642123314086,1.8130447779541876,0.5666653049495682
272,Lenovo,IdeaPad 320-15IKBN,Notebook,15.6,Full HD 1920x1080,Intel Core i5 7200U 2.5GHz,4GB,1TB HDD,Intel HD Graphics 620,No OS,2.2kg,467.0,8.361372129699005,1.1299265116299513,0.026820583406729825
273,HP,Probook 470,Notebook,17.3,Full HD 1920x1080,Intel Core i7 8550U 1.8GHz,8GB,1TB HDD,Nvidia GeForce 930MX ,Windows 10,2.5kg,1018.0,8.22349183680275,0.42104103530426285,1.399625427542941
274,Lenovo,V330-15IKB (i7-8550U/8GB/256GB/FHD/W10),Notebook,15.6,Full HD 1920x1080,Intel Core i7 8550U 1.8GHz,8GB,256GB SSD,Intel UHD Graphics 620,Windows 10,2.05kg,880.0,8.913031280394273,1.4264075271679026,0.4638144478491323
275,Apple,MacBook Pro,Ultrabook,13.3,IPS Panel Retina Display 2560x1600,Intel Core i5 2.9GHz,8GB,512GB SSD,Intel Iris Graphics 550,macOS,1.37kg,1958.9,8.140529179776099,1.9272240077780696,2.263284351645117
276,Asus,Rog Strix,Gaming,17.3,Full HD 1920x1080,AMD Ryzen 1700 3GHz,16GB,256GB SSD +  1TB HDD,AMD Radeon RX 580,Windows 10,3.2kg,1549.0,6.530635173571216,2.6938190914320534,1.7864514603101231
277,Dell,Inspiron 3576,Notebook,15.6,Full HD 1920x1080,Intel Core i7 8550U 1.8GHz,8GB,256GB SSD,AMD Radeon 520,Linux,2.14kg,735.07,9.983577415226076,0.9184404006599035,1.180707769158989
278,Lenovo,ThinkPad X1,2 in 1 Convertible,14.0,Touchscreen 2560x1440,Intel Core i7 6600U 2.6GHz,16GB,512GB SSD,Intel HD Graphics 520,Windows 10,1.36kg,2499.0,6.084135815904277,2.6319451801869844,3.774187418186292
279,Toshiba,Satellite Pro,Notebook,15.6,1366x768,Intel Core i7 6500U 2.5GHz,8GB,500GB HDD,Nvidia GeForce 930M,Windows 10,2.2kg,812.0,8.137999830216492,2.0085847325108848,0.0
280,Dell,Inspiron 5567,Notebook,15.6,1366x768,Intel Core i7 7500U 2.7GHz,12GB,1TB HDD,Intel HD Graphics 620,Windows 10,2.3kg,713.07,9.45985999460049,0.32214952337168723,0.0
281,Dell,Inspiron 5770,Notebook,17.3,Full HD 1920x1080,Intel Core i7 8550U 1.8GHz,8GB,128GB SSD +  1TB HDD,AMD Radeon 530,Linux,2.8kg,1099.0,8.59806632185962,0.9129794849876514,1.0756892923134158
282,Acer,Aspire A515-51G,Notebook,15.6,IPS Panel Full HD 1920x1080,Intel Core i7 8550U 1.8GHz,8GB,1TB HDD,Nvidia GeForce MX130,Windows 10,2.2kg,745.0,8.556113418104188,1.1241684379535308,1.3298623490116182
283,Lenovo,IdeaPad 320-17ISK,Notebook,17.3,1600x900,Intel Core i3 6006U 2GHz,4GB,1TB HDD,Intel HD Graphics 520,Windows 10,2.8kg,489.0,9.524196098371762,1.4505554491632253,0.0
284,Lenovo,IdeaPad 320-17IKBR,Notebook,17.3,Full HD 1920x1080,Intel Core i7 8550U 1.8GHz,8GB,2TB HDD,Nvidia GeForce MX150,No OS,2.8kg,849.0,8.552508616181479,0.3265830511463962,0.7394563654078092
285,Lenovo,IdeaPad 320-17IKB,Notebook,17.3,1600x900,Intel Core i7 7500U 2.7GHz,6GB,128GB SSD +  1TB HDD,Nvidia GeForce 940MX,Windows 10,2.8kg,859.0,8.934695732741083,1.205462023338293,0.7351198582459788
286,Dell,Inspiron 3567,Notebook,15.6,Full HD 1920x1080,Intel Core i3 6006U 2.0GHz,4GB,1TB HDD,AMD Radeon R5 M430,Linux,2.25kg,428.0,10.0,0.7717451833868213,1.5393622056891214
287,Lenovo,Legion Y520-15IKBN,Gaming,15.6,IPS Panel Full HD 1920x1080,Intel Core i5 7300HQ 2.5GHz,8GB,256GB SSD,Nvidia GeForce GTX 1050,Windows 10,2.5kg,829.0,10.0,1.6599697178780257,0.7974677826972196
288,Lenovo,Ideapad 320-15IKBN,Notebook,15.6,Full HD 1920x1080,Intel Core i5 7200U 2.5GHz,6GB,256GB SSD,Intel HD Graphics 620,Windows 10,2.2kg,579.0,8.326203297141053,0.8246975480192487,0.9899354915902112
289,Acer,Aspire A517-51G,Notebook,15.6,IPS Panel Full HD 1920x1080,Intel Core i7 8550U 1.8GHz,8GB,256GB SSD,Nvidia GeForce MX150,Windows 10,3kg,951.0,10.0,1.0177701337966332,1.4243981171332616
290,Acer,SP315-51 (i7-7500U/12GB/1TB/FHD/W10),Notebook,15.6,IPS Panel Full HD / Touchscreen 1920x1080,Intel Core i7 7500U 2.7GHz,12GB,1TB HDD,Intel HD Graphics 620,Windows 10,2.15kg,659.0,7.619764359538117,0.1564932243249061,0.0
291,Lenovo,Thinkpad T570,Notebook,15.6,IPS Panel Full HD 1920x1080,Intel Core i7 7500U 2.7GHz,8GB,256GB SSD,Intel HD Graphics 630,Windows 10,1.95kg,1097.0,8.320766016798538,1.6267210136100956,2.1723716804783857
292,Asus,VivoBook S15,Ultrabook,15.6,Full HD 1920x1080,Intel Core i5 7200U 2.5GHz,8GB,256GB SSD,Nvidia GeForce 940MX,Windows 10,1.7kg,977.0,9.115379503584286,0.49756305201488993,1.5275914659684058
293,Lenovo,Legion Y520-15IKBN,Gaming,15.6,IPS Panel Full HD 1920x1080,Intel Core i7 7700HQ 2.8GHz,16GB,256GB SSD +  1TB HDD,Nvidia GeForce GTX 1050 Ti,Windows 10,2.5kg,1179.0,8.528590962542456,0.0,2.1028174433852413
294,Lenovo,IdeaPad 320-15IKB,Notebook,15.6,Full HD 1920x1080,Intel Core i7 7500U 2.7GHz,8GB,1TB HDD,Nvidia GeForce 940MX,No OS,2.2kg,659.01,8.683258105662512,1.167830121807147,3.959572443630074
295,Acer,Chromebook C910-C2ST,Notebook,15.6,1366x768,Intel Celeron Dual Core 3205U 1.5GHz,2GB,16GB SSD,Intel HD Graphics,Chrome OS,2.19kg,199.0,9.791308106887177,0.7653419656959605,0.0
296,Asus,FX753VD-GC071T (i7-7700HQ/8GB/1TB/GeForce,Gaming,17.3,Full HD 1920x1080,Intel Core i7 7700HQ 2.8GHz,8GB,1TB HDD,Nvidia GeForce GTX 1050,Windows 10,3kg,1187.0,7.895894610922723,0.0,3.089461961159098
297,HP,17-BS037cl (i3-6006U/8GB/1TB/W10),Notebook,17.3,1600x900,Intel Core i3 6006U 2GHz,8GB,1TB HDD,Intel HD Graphics 520,Windows 10,2.54kg,489.0,8.996862624824379,0.0,0.3016875540999686
298,Dell,XPS 15,Notebook,15.6,Full HD 1920x1080,Intel Core i7 7700HQ 2.8GHz,8GB,256GB SSD,Nvidia GeForce GTX 1050,Windows 10,2kg,1829.0,7.886432732469141,3.288572353951838,3.0231120686700867
299,Lenovo,V330-15IKB (i5-8250U/8GB/256GB/FHD/W10),Notebook,15.6,Full HD 1920x1080,Intel Core i5 8250U 1.6GHz,8GB,256GB SSD,Intel UHD Graphics 620,Windows 10,2.05kg,739.0,9.332025890881742,2.5995828736596542,0.9171767016493017
300,Lenovo,Legion Y720-15IKB,Gaming,15.6,IPS Panel Full HD 1920x1080,Intel Core i7 7700HQ 2.8GHz,8GB,1TB HDD,Nvidia GeForce GTX 1060,Windows 10,3.2kg,1299.0,7.546938146576287,1.9153691433555162,1.5593451104967553
301,Acer,Aspire A715-71G,Notebook,15.6,Full HD 1920x1080,Intel Core i7 7700HQ 2.8GHz,8GB,256GB SSD,Nvidia GeForce GTX 1050 Ti,Linux,2.5kg,979.0,9.361030111317065,0.7762474360462284,0.9027834464385289
302,Dell,Precision 7720,Workstation,17.3,Full HD 1920x1080,Intel Core i7 7820HQ 2.9GHz,16GB,256GB SSD,Nvidia Quadro M1200,Windows 10,3.42kg,2884.86,5.67054847746078,4.428973986356634,4.838898127698913
303,Lenovo,IdeaPad 310-15ABR,Notebook,15.6,Full HD 1920x1080,AMD A10-Series 9600P 2.4GHz,6GB,1TB HDD,AMD Radeon R5 430,Windows 10,2.4kg,499.0,10.0,1.6484243420696028,0.0
304,Asus,ZenBook UX530UQ-PRO,Ultrabook,15.6,Full HD 1920x1080,Intel Core i7 7500U 2.7GHz,16GB,512GB SSD,Nvidia GeForce 940MX,Windows 10,1.63kg,1468.0,8.31973682881315,1.6671949014261105,2.784429578743151
305,Asus,VivoBook S14,Notebook,14.0,1366x768,Intel Core i3 7100U 2.4GHz,4GB,128GB SSD,Intel HD Graphics 620,Windows 10,1.3kg,509.0,8.771403147380486,0.0,0.23244531997365336
306,Asus,Rog GL702VS-GC095T,Gaming,17.3,Full HD 1920x1080,Intel Core i7 7700HQ 2.8GHz,16GB,256GB SSD +  1TB HDD,Nvidia GeForce GTX 1070,Windows 10,2.9kg,2122.0,6.264091454762255,2.901568895334543,2.383708241847883
307,Lenovo,IdeaPad 320-17IKB,Notebook,17.3,1600x900,Intel Core i5 7200U 2.5GHz,6GB,1TB HDD,Nvidia GeForce GTX 940M,Windows 10,2.8kg,649.0,9.79614712038553,0.039024877106110356,0.44167747731642926
308,Lenovo,IdeaPad 320-15IKBN,Notebook,15.6,1366x768,Intel Core i5 7200U 2.5GHz,8GB,2TB HDD,Nvidia GeForce 940MX,No OS,2.2kg,549.0,9.855384819941708,0.7310476452008998,1.6386307658951216
309,Asus,GL553VE-FY082T (i7-7700HQ/8GB/1TB,Gaming,15.6,Full HD 1920x1080,Intel Core i7 7700HQ 2.8GHz,8GB,128GB SSD +  1TB HDD,Nvidia GeForce GTX 1050 Ti,Windows 10,2.5kg,1265.0,8.141928513858216,3.1410929777461125,1.4130821413574854
310,Lenovo,IdeaPad 320-15IAP,Notebook,15.6,1366x768,Intel Pentium Quad Core N4200 1.1GHz,4GB,1TB HDD,Intel HD Graphics 505,No OS,2.2kg,359.99,9.779954733651245,0.5723705914886039,0.6006700675634769
311,HP,EliteBook x360,2 in 1 Convertible,13.3,Full HD / Touchscreen 1920x1080,Intel Core i7 7600U 2.8GHz,16GB,256GB SSD,Intel HD Graphics 620,Windows 10,1.28kg,1975.0,7.982469469373356,2.837779645556354,2.4548974266850054
312,Toshiba,Satellite Pro,Notebook,15.6,IPS Panel Full HD 1920x1080,Intel Core i7 6500U 2.5GHz,8GB,256GB SSD,Nvidia GeForce 930M,Windows 10,2.2kg,1043.0,8.06007622226467,1.2332176515342315,2.0730041466055624
313,Lenovo,IdeaPad 320-15IKB,Notebook,15.6,Full HD 1920x1080,Intel Core i5 7200U 2.5GHz,8GB,128GB SSD +  1TB HDD,Nvidia GeForce 940MX,Windows 10,2.3kg,819.0,9.349070309999322,0.0,1.6370137859688723
314,HP,250 G6,Notebook,15.6,Full HD 1920x1080,Intel Core i3 6006U 2GHz,4GB,1TB HDD,Intel HD Graphics 520,Windows 10,1.86kg,469.0,9.340355582694235,1.204378117076377,1.976777361995779
315,Lenovo,IdeaPad 720S-13IKB,Notebook,13.3,IPS Panel Full HD 1920x1080,Intel Core i5 7200U 2.5GHz,8GB,256GB SSD,Intel HD Graphics 620,Windows 10,1.1kg,999.0,8.433449974127084,1.3301353056808976,1.2519539068917667
316,Dell,XPS 13,Ultrabook,13.3,IPS Panel 4K Ultra HD / Touchscreen 3840x2160,Intel Core i7 8550U 1.8GHz,16GB,1TB SSD,Intel UHD Graphics 620,Windows 10,1.21kg,2499.0,6.95497084867836,3.7796667020388917,4.458974476717717
317,MSI,GE63VR 7RF,Gaming,15.6,IPS Panel Full HD 1920x1080,Intel Core i7 7700HQ 2.8GHz,16GB,256GB SSD +  1TB HDD,Nvidia GeForce GTX 1070,Windows 10,2.8kg,2099.0,7.411387931511098,5.803431201955213,3.3273991793104805
318,Acer,ES1-523-84K7 (A8-7410/8GB/256GB/FHD/W10),Notebook,15.6,Full HD 1920x1080,AMD A8-Series 7410 2.2GHz,8GB,256GB SSD,AMD Radeon R5,Windows 10,2.23kg,469.0,10.0,0.7368926220511988,1.5345877208490613
319,Asus,VivoBook Flip,2 in 1 Convertible,11.6,Touchscreen 1366x768,Intel Celeron Dual Core N3350 1.1GHz,2GB,32GB Flash Storage,Intel HD Graphics 500,Windows 10,1.1kg,275.0,10.0,0.0,0.0
320,Dell,Inspiron 5570,Notebook,15.6,Full HD 1920x1080,Intel Core i5 8250U 1.6GHz,8GB,128GB SSD +  1TB HDD,AMD Radeon 530,Windows 10,2.33kg,844.0,8.886001385542494,0.7897156107992784,1.7268059380655378
321,HP,Spectre x360,2 in 1 Convertible,13.3,IPS Panel 4K Ultra HD / Touchscreen 3840x2160,Intel Core i7 8550U 1.8GHz,16GB,1TB SSD,Intel UHD Graphics 620,Windows 10,1.29kg,2449.0,6.705899929778587,4.758419014614788,3.6839046103640385
322,Lenovo,ThinkPad 13,Notebook,13.3,1366x768,Intel Celeron Dual Core 3855U 1.6GHz,4GB,16GB Flash Storage,Intel HD Graphics 510,Chrome OS,1.45kg,459.9,9.269254949155615,0.5731479739998318,0.431181103882822
323,HP,ProBook 640,Notebook,14.0,Full HD 1920x1080,Intel Core i5 7200U 2.5GHz,8GB,256GB SSD,Intel HD Graphics 620,Windows 10,1.95kg,980.0,8.898995529248136,0.20971517008872254,1.4337395403013142
324,Acer,TravelMate B,Notebook,11.6,1366x768,Intel Pentium Quad Core N3710 1.6GHz,4GB,128GB Flash Storage,Intel HD Graphics 405,Windows 10,1.4kg,485.0,9.37099104173792,1.2602776624280954,0.7266868319092744
325,HP,Elitebook 840,Notebook,14.0,Full HD 1920x1080,Intel Core i7 7500U 2.7GHz,8GB,256GB SSD,Intel HD Graphics 620,Windows 10,1.48kg,1292.0,8.190676940770546,1.3524045627924335,1.7939365967260623
326,Lenovo,IdeaPad 320-17IKB,Notebook,17.3,1600x900,Intel Core i5 7200U 2.5GHz,4GB,1TB HDD,Nvidia GeForce 920MX,Windows 10,2.79kg,589.0,9.775703679421262,2.1990601619023065,0.872192487464691
327,Asus,ZenBook UX410UA-GV183T,Notebook,14.0,Full HD 1920x1080,Intel Core i7 7500U 2.7GHz,8GB,256GB SSD,Intel HD Graphics 620,Windows 10,2kg,1094.0,7.792680837379466,2.4167810686054745,2.815237062083503
329,HP,ProBook 450,Notebook,15.6,IPS Panel Full HD 1366x768,Intel Core i7 8550U 1.8GHz,8GB,1TB HDD,Intel UHD Graphics 620,Windows 10,2.1kg,902.0,10.0,0.8708344665953618,2.0170517316145373
330,Acer,Aspire 5,Notebook,15.6,1366x768,AMD A12-Series 9720P 2.7GHz,8GB,256GB SSD,AMD Radeon RX 540,Windows 10,2.2kg,659.0,8.376620693956356,1.8433784902319723,1.5138890748413991
331,Lenovo,IdeaPad 120S-14IAP,Notebook,14.0,1366x768,Intel Celeron Dual Core N3350 1.1GHz,4GB,32GB Flash Storage,Intel HD Graphics 500,Windows 10,1.44kg,292.0,8.829492991626354,0.2534405265653826,0.0
332,Acer,Aspire E5-575,Notebook,15.6,1366x768,Intel Core i5 7200U 2.5GHz,6GB,1TB HDD,Intel HD Graphics 620,Windows 10,2.23kg,549.0,10.0,1.315130332502839,0.0
333,Asus,VivoBook S15,Ultrabook,15.6,Full HD 1920x1080,Intel Core i7 7500U 2.7GHz,8GB,256GB SSD,Nvidia GeForce 940MX,Windows 10,1.7kg,1049.9,9.155017918883427,1.8660984901225,2.2425526828771223
334,HP,Elitebook 820,Ultrabook,12.5,Full HD 1920x1080,Intel Core i7 7500U 2.7GHz,8GB,256GB SSD,Intel HD Graphics 620,Windows 10,1.26kg,1335.0,8.539802182755649,1.2824083468933773,2.6603311049099116
335,Dell,XPS 15,Notebook,15.6,4K Ultra HD / Touchscreen 3840x2160,Intel Core i7 7700HQ 2.8GHz,32GB,1TB SSD,Nvidia GeForce GTX 1050,Windows 10,2.06kg,2639.0,6.3423388546688075,3.6454976868886466,5.338474093343402
336,MSI,GL72M 7REX,Gaming,17.3,Full HD 1920x1080,Intel Core i7 7700HQ 2.8GHz,8GB,256GB SSD +  1TB HDD,Nvidia GeForce GTX 1050 Ti,Windows 10,2.7kg,1199.0,8.260244775815295,2.553926459972102,1.2467733051317893
337,Toshiba,Satellite Pro,Notebook,15.6,IPS Panel Full HD 1920x1080,Intel Core i5 7200U 2.5GHz,8GB,256GB SSD,Intel HD Graphics 620,Windows 10,2.0kg,943.0,7.9843062074526845,1.0300700296734173,1.1142513710703723
338,Asus,UX510UX-CN269T (i7-7500U/8GB/256GB,Notebook,14.0,Full HD 1920x1080,Intel Core i7 7500U 2.7GHz,8GB,256GB SSD +  1TB HDD,Intel HD Graphics 620,Windows 10,2kg,1334.0,8.102837739381984,1.6348871365793984,0.6462185771526485
339,Lenovo,V310-15ISK (i3-6006U/4GB/1TB/FHD/W10),Notebook,15.6,Full HD 1920x1080,Intel Core i3 6006U 2GHz,4GB,1TB HDD,Intel HD Graphics 520,Windows 10,1.85kg,449.0,8.994135609693265,0.0,0.15015813624834806
340,Asus,FX553VD-FY647T (i7-7700HQ/8GB/256GB/GeForce,Gaming,15.6,Full HD 1920x1080,Intel Core i7 7700HQ 2.8GHz,8GB,256GB SSD,Nvidia GeForce GTX 1050,Windows 10,2.5kg,999.0,9.387690723443061,1.731284315765908,2.1896614717546967
341,HP,EliteBook 840,Notebook,14.0,Full HD 1920x1080,Intel Core i5 7300U 2.6GHz,8GB,256GB SSD,Intel HD Graphics 620,Windows 10,1.48kg,1268.0,8.035940592688585,3.496433437504221,1.4732171987271463
342,Dell,Inspiron 7570,Ultrabook,15.6,IPS Panel Full HD 1920x1080,Intel Core i5 8250U 1.6GHz,8GB,128GB SSD +  1TB HDD,Nvidia GeForce 940MX,Windows 10,1.9kg,1049.0,7.862808993620843,0.6227669175417293,1.9891770851058066
343,HP,Elitebook 850,Notebook,15.6,Full HD 1920x1080,Intel Core i5 7200U 2.5GHz,8GB,256GB SSD,Intel HD Graphics 620,Windows 10,1.84kg,1144.0,8.105760524989842,1.65650636702597,1.4847283168895147
344,Asus,X541NA (N3350/4GB/1TB/Linux),Notebook,15.6,1366x768,Intel Celeron Dual Core N3350 1.1GHz,4GB,1TB HDD,Intel HD Graphics 500,Linux,2kg,274.99,10.0,1.3002237017163099,0.4296928799612148
345,Dell,Inspiron 7570,Notebook,15.6,Full HD 1920x1080,Intel Core i5 8250U 1.6GHz,8GB,256GB SSD,Nvidia GeForce 940MX,Windows 10,2kg,1142.75,7.913999260710407,1.5713079840498416,0.7168679851938797
346,Dell,Inspiron 3552,Notebook,15.6,1366x768,Intel Celeron Dual Core N3060 1.6GHz,4GB,500GB HDD,Intel HD Graphics,Linux,2.2kg,274.9,9.171928324897067,0.5321927956495762,0.23846291835690986
347,Lenovo,IdeaPad 320-15ABR,Notebook,15.6,Full HD 1920x1080,AMD A12-Series 9720P 3.6GHz,12GB,2TB HDD,AMD Radeon 530,Windows 10,2.2kg,899.0,8.971321077210407,0.3737138694656187,0.0
348,HP,ProBook 450,Notebook,15.6,IPS Panel Full HD 1920x1080,Intel Core i3 7100U 2.4GHz,8GB,1TB HDD,Nvidia GeForce 930MX ,Windows 10,2.1kg,716.0,9.281205324397527,1.2574136102555702,0.7652510059598635
349,Lenovo,Yoga 920-13IKB,2 in 1 Convertible,13.9,IPS Panel 4K Ultra HD / Touchscreen 3840x2160,Intel Core i7 8550U 1.8GHz,16GB,512GB SSD,Intel UHD Graphics 620,Windows 10,1.4kg,2099.0,6.345500312023771,3.099229735675686,1.9445665527072125
350,Dell,XPS 13,Ultrabook,13.3,Full HD 1920x1080,Intel Core i7 8550U 1.8GHz,8GB,256GB SSD,Intel UHD Graphics 620,Windows 10,1.2kg,1579.0,7.251861338627704,3.1598920134215276,3.33610363011509
351,Lenovo,Legion Y520-15IKBN,Gaming,15.6,IPS Panel Full HD 1920x1080,Intel Core i7 7700HQ 2.8GHz,16GB,256GB SSD +  2TB HDD,Nvidia GeForce GTX 1050 Ti,Windows 10,2.4kg,1129.0,8.573825603894548,2.5617231872433623,2.23374022820317
352,HP,Stream 14-AX001nv,Notebook,14.0,1366x768,Intel Celeron Dual Core N3060 1.6GHz,2GB,32GB Flash Storage,Intel HD Graphics 400,Windows 10,1.44kg,279.0,8.664317336928724,2.248866103488309,0.5505519754462826
353,Dell,Latitude 5590,Ultrabook,15.6,Full HD 1920x1080,Intel Core i7 8650U 1.9GHz,16GB,512GB SSD +  256GB SSD,Intel UHD Graphics 620,Windows 10,1.88kg,1607.96,6.4538433264903174,2.883892192579299,3.636990635735943
354,Asus,VivoBook Flip,2 in 1 Convertible,11.6,Touchscreen 1366x768,Intel Celeron Dual Core N3350 1.1GHz,4GB,32GB Flash Storage,Intel HD Graphics 500,Windows 10,1.5kg,375.0,9.086004116668937,0.5998775595948471,0.0
355,Dell,Inspiron 5570,Ultrabook,15.6,Full HD 1920x1080,Intel Core i5 8250U 1.6GHz,8GB,1TB HDD,AMD Radeon 530,Windows 10,1.9kg,663.0,9.00392582293432,0.9808238969580714,2.223207014028649
356,Dell,XPS 15,Notebook,15.6,4K Ultra HD / Touchscreen 3840x2160,Intel Core i7 7700HQ 2.8GHz,16GB,512GB SSD,Nvidia GeForce GTX 1050,Windows 10,2.06kg,2027.42,7.120591031381356,2.845601986848496,3.8738882725053543
357,HP,Elitebook 850,Notebook,15.6,Full HD 1920x1080,Intel Core i7 7500U 2.7GHz,8GB,256GB SSD,Intel HD Graphics 620,Windows 10,1.84kg,1304.0,9.27311197777905,2.177960070549944,1.7179287660054339
358,MSI,GP72MVR 7RFX,Gaming,17.3,Full HD 1920x1080,Intel Core i7 7700HQ 2.8GHz,8GB,128GB SSD +  1TB HDD,Nvidia GeForce GTX 1060,Windows 10,2.7kg,1409.0,8.601739512907606,1.8480670575427847,2.9928843034003636
359,HP,Zbook 15,Workstation,15.6,Full HD 1920x1080,Intel Core i7 7700HQ 2.8GHz,8GB,256GB SSD,Nvidia Quadro M1200,Windows 10,2.6kg,1738.27,7.231931032569343,2.774886924475607,1.7550833335306084
360,Toshiba,Tecra A50-C-21G,Notebook,15.6,IPS Panel Full HD 1920x1080,Intel Core i7 6500U 2.5GHz,16GB,512GB SSD,Nvidia GeForce 930M,Windows 10,2.4kg,1403.0,7.910525430302322,3.128339631861895,1.4146502741533884
361,Dell,Inspiron 5570,Notebook,15.6,Full HD 1920x1080,Intel Core i7 8550U 1.8GHz,8GB,128GB SSD +  2TB HDD,AMD Radeon 530,Windows 10,2.02kg,970.9,7.852997605336166,0.5397448507298734,0.858107124361826
362,Lenovo,IdeaPad 320-15IAP,Notebook,15.6,1366x768,Intel Celeron Dual Core N3350 1.1GHz,4GB,1TB HDD,Intel HD Graphics 500,No OS,2.2kg,321.99,9.735417339307354,1.1616750008019705,0.0
363,Dell,Inspiron 7577,Gaming,15.6,Full HD 1920x1080,Intel Core i5 7300HQ 2.5GHz,8GB,1TB HDD,Nvidia GeForce GTX 1050,Windows 10,2.65kg,999.0,8.37666802557275,2.4460971171630312,0.5471589490829368
364,Dell,Inspiron 3567,Notebook,15.6,Touchscreen 1366x768,Intel Core i5 7200U 2.5GHz,8GB,2TB HDD,Intel HD Graphics 620,Windows 10,2.36kg,557.37,9.611136873586927,0.5525831530906813,1.6255044283598044
365,Dell,Latitude 7480,Notebook,14.0,Full HD 1920x1080,Intel Core i5 7300U 2.6GHz,8GB,256GB SSD,Intel HD Graphics 620,Windows 10,1.36kg,1427.0,7.22344731266869,0.4172840132825757,1.907684412193586
366,HP,250 G6,Notebook,15.6,1366x768,Intel Core i3 6006U 2GHz,4GB,500GB HDD,Intel HD Graphics 520,Windows 10,1.86kg,439.0,9.968219827426694,0.0,0.7292613586517483
367,Asus,Zenbook UX410UA-GV027T,Notebook,14.0,Full HD 1920x1080,Intel Core i5 7200U 2.5GHz,8GB,256GB SSD,Intel HD Graphics 620,Windows 10,2kg,945.0,9.924925307617253,2.3388614600336974,0.8449847296538655
368,Lenovo,IdeaPad 320-17IKB,Notebook,17.3,1600x900,Intel Core i5 7200U 2.5GHz,6GB,128GB SSD +  1TB HDD,Nvidia GeForce GTX 940MX,Windows 10,2.8kg,719.0,8.993160657605822,0.9015367737895863,0.0
369,HP,250 G6,Notebook,15.6,Full HD 1920x1080,Intel Core i5 7200U 2.5GHz,8GB,1TB HDD,Intel HD Graphics 620,Windows 10,1.86kg,639.0,9.536559251096874,0.0,1.000856013295416
370,Lenovo,IdeaPad 320-15ISK,Notebook,15.6,1366x768,Intel Core i3 6006U 2GHz,8GB,256GB SSD,Nvidia GeForce 920MX ,No OS,2.2kg,499.0,10.0,0.14470326976848097,0.0
371,HP,15-AY023na (N3710/8GB/2TB/W10),Notebook,15.6,1366x768,Intel Pentium Quad Core N3710 1.6GHz,8GB,2TB HDD,Intel HD Graphics 405,Windows 10,2.04kg,389.0,9.316154424179095,1.0353652195158787,0.30796196144386134
372,Dell,Inspiron 5770,Notebook,17.3,Full HD 1920x1080,Intel Core i5 8250U 1.6GHz,8GB,128GB SSD +  1TB HDD,AMD Radeon 530,Windows 10,2.8kg,1085.0,8.641721242832299,1.9749395971771373,0.4429007115497854
373,Lenovo,Legion Y520-15IKBN,Gaming,15.6,IPS Panel Full HD 1920x1080,Intel Core i5 7300HQ 2.5GHz,8GB,128GB SSD +  1TB HDD,Nvidia GeForce GTX 1050,No OS,2.4kg,809.0,8.938343962819529,0.8805842784701517,2.661550757190554
374,Dell,Inspiron 5567,Notebook,15.6,Full HD 1920x1080,Intel Core i7 7500U 2.7GHz,8GB,256GB SSD,AMD Radeon R7 M445,Windows 10,2.33kg,899.0,8.854512186855942,0.9301691625313724,1.9527188697228999
375,HP,Elitebook 1040,Ultrabook,14.0,IPS Panel Full HD 1920x1080,Intel Core i7 7500U 2.7GHz,8GB,256GB SSD,Intel HD Graphics 620,Windows 10,1.36kg,1750.0,6.721676561101282,2.346509092579288,2.74451864483153
376,Asus,ZenBook Flip,2 in 1 Convertible,15.6,Full HD / Touchscreen 1920x1080,Intel Core i7 7500U 2.7GHz,12GB,512GB SSD +  2TB HDD,Nvidia GeForce GT 940MX,Windows 10,2.26kg,1099.0,8.458426704807998,0.823253287000354,2.5721467767228914
377,Acer,Aspire 3,Notebook,15.6,1366x768,AMD A9-Series 9420 3GHz,4GB,128GB SSD,AMD Radeon R5,Windows 10,2.1kg,426.0,9.973082177300157,1.717617007271756,0.0
378,Asus,Rog Strix,Gaming,17.3,IPS Panel Full HD 1920x1080,AMD Ryzen 1700 3GHz,16GB,256GB SSD +  1TB HDD,AMD Radeon RX 580,Windows 10,3.25kg,2199.0,7.743193367248692,3.15986514361827,3.8525050219234163
379,Lenovo,IdeaPad 110-17ACL,Notebook,17.3,1600x900,AMD A8-Series 7410 2.2GHz,4GB,128GB SSD,AMD Radeon R5,Windows 10,2.6kg,489.0,10.0,1.5053723862806503,0.6914939165952239
380,Dell,Inspiron 5379,2 in 1 Convertible,13.3,Full HD / Touchscreen 1920x1080,Intel Core i7 8550U 1.8GHz,8GB,256GB SSD,Intel UHD Graphics 620,Windows 10,1.62kg,869.01,10.0,2.390065499765809,1.3842287232947843
381,HP,15-bw003nv (A9-Series-9420/4GB/256GB/FHD/W10),Notebook,15.6,Full HD 1920x1080,AMD A9-Series 9420 3GHz,4GB,256GB SSD,AMD Radeon R5,Windows 10,1.91kg,488.99,8.854493257706437,1.3302774105014907,1.5495114920685367
382,Lenovo,Yoga 11e,Netbook,11.6,IPS Panel 1366x768,Intel Celeron Quad Core N3450 1.1GHz,4GB,128GB SSD,Intel HD Graphics 500,Windows 10,1.59kg,553.0,10.0,0.2943661970829452,1.2256561294812258
383,Dell,Inspiron 3552,Notebook,15.6,1366x768,Intel Celeron Dual Core N3060 1.60GHz,4GB,500GB HDD,Intel HD Graphics 400,Windows 10,1.8kg,309.0,9.91882550332486,0.5508321735351104,0.45882703152584137
384,Asus,VivoBook E403NA,Notebook,14.0,1366x768,Intel Celeron Dual Core N3350 1.1GHz,4GB,32GB Flash Storage,Intel HD Graphics 500,Windows 10,1.5kg,286.0,10.0,0.16967305075224595,0.0
385,Acer,Aspire 7,Notebook,15.6,Full HD 1920x1080,Intel Core i7 7700HQ 2.8GHz,8GB,1TB HDD,Nvidia GeForce GTX 1050,Linux,2.4kg,846.0,8.219184156526007,0.4112157266057709,0.36614017896630247
386,HP,Omen 17-w212nv,Gaming,17.3,IPS Panel Full HD 1920x1080,Intel Core i7 7700HQ 2.8GHz,8GB,128GB SSD +  1TB HDD,Nvidia GeForce GTX 1050,Windows 10,3.35kg,1191.0,7.611766830052847,1.9759431215798138,1.6182885493259522
387,Lenovo,V310-15ISK (i3-6006U/4GB/128GB/FHD/No,Notebook,15.6,Full HD 1920x1080,Intel Core i3 6006U 2GHz,4GB,128GB SSD,Intel HD Graphics 520,No OS,1.85kg,403.5,9.133144111492884,0.0,0.46203967157321973
388,Asus,ROG Strix,Gaming,15.6,IPS Panel Full HD 1920x1080,Intel Core i7 7700HQ 2.8GHz,8GB,128GB SSD +  1TB HDD,Nvidia GeForce GTX 1060,Windows 10,2.3kg,1655.0,5.801305361480424,3.4497215698409813,1.5954150793325912
389,Lenovo,IdeaPad 720S-14IKB,Notebook,14.0,IPS Panel Full HD 1920x1080,Intel Core i5 7200U 2.5GHz,8GB,256GB SSD,Nvidia GeForce 940MX,Windows 10,1.5kg,1099.0,8.018214548056235,1.1894875967604417,3.4905227750618932
390,Asus,Zenbook Flip,Ultrabook,13.3,Full HD / Touchscreen 1920x1080,Intel Core i7 7500U 2.7GHz,16GB,512GB SSD,Intel HD Graphics 620,Windows 10,1.1kg,1748.9,6.734634799027084,2.818986796428229,3.871174315932816
391,Lenovo,Thinkpad X1,Ultrabook,14.0,IPS Panel 2560x1440,Intel Core i7 7500U 2.7GHz,8GB,512GB SSD,Intel HD Graphics 620,Windows 10,1.13kg,2282.0,6.562509122007971,3.7844362044099094,4.039500563486982
392,Lenovo,Ideapad 510S-13IKB,Notebook,13.3,IPS Panel Full HD 1920x1080,Intel Core i3 7100U 2.4GHz,4GB,128GB SSD,Intel HD Graphics 620,Windows 10,1.5kg,549.0,9.640493388216665,0.4257874134418015,0.6905408814320592
393,Dell,Precision 3510,Workstation,15.6,Full HD 1920x1080,Intel Core i5 6440HQ 2.6GHz,8GB,500GB HDD,AMD FirePro W5130M,Windows 10,2.23kg,1369.0,9.484059034241907,2.4862326783110213,1.84711046120988
394,Dell,Precision 5520,Workstation,15.6,IPS Panel Full HD 1920x1080,Intel Core i7 6820HQ 2.7GHz,8GB,256GB SSD,Nvidia Quadro M1200,Windows 10,2kg,2135.0,7.4506344291986295,2.929781716052191,2.548169873332422
395,Lenovo,ThinkPad X1,2 in 1 Convertible,14.0,Touchscreen 2560x1440,Intel Core i7 7500U 2.7GHz,16GB,512GB SSD,Intel HD Graphics 620,Windows 10,1.42kg,2509.0,5.597548805427883,4.63796610800799,4.002912684857284
396,Asus,Rog GL753VD-GC042T,Gaming,17.3,Full HD 1920x1080,Intel Core i7 7700HQ 2.8GHz,8GB,1TB HDD,Nvidia GeForce GTX 1050,Windows 10,3kg,1039.0,7.821352651106968,0.3831318676169473,1.6661176439285468
397,Asus,Rog GL753VE-GC070T,Gaming,17.3,Full HD 1920x1080,Intel Core i7 7700HQ 2.8GHz,16GB,256GB SSD +  1TB HDD,Nvidia GeForce GTX 1050 Ti,Windows 10,3kg,1591.0,8.001974155770606,2.4926648450717286,1.3981527210492997
399,Acer,Aspire 5,Notebook,15.6,IPS Panel 1366x768,Intel Core i5 8250U 1.6GHz,12GB,1TB HDD,Nvidia GeForce MX130,Windows 10,2.2kg,693.99,8.066193181218928,2.428763452411185,1.1449613869604751
400,MSI,Leopard GP72M,Gaming,17.3,Full HD 1920x1080,Intel Core i7 7700HQ 2.8GHz,8GB,256GB SSD,Nvidia GeForce GTX 1050 Ti,Windows 10,2.7kg,1349.0,9.482044649814284,1.1828573031847385,1.8589151238093993
401,Dell,Inspiron 5567,Notebook,15.6,Full HD 1920x1080,Intel Core i7 7500U 2.7GHz,8GB,256GB SSD,AMD Radeon R7 M445,Linux,2.33kg,778.87,9.922674459446228,0.47868166071092044,0.0
402,HP,15-BW004nv (A9-9420/4GB/256GB/Radeon,Ultrabook,15.6,Full HD 1920x1080,AMD A9-Series 9420 3GHz,4GB,256GB SSD,AMD Radeon 520,Windows 10,1.91kg,499.0,9.076136271565181,0.9596494864781869,0.0
403,Lenovo,ThinkPad E580,Notebook,15.6,IPS Panel Full HD 1920x1080,Intel Core i7 8550U 1.8GHz,8GB,256GB SSD,AMD Radeon RX 550,Windows 10,2.1kg,1229.56,6.847956511748396,1.925201290530581,1.4506514382415874
404,Lenovo,ThinkPad L470,Notebook,14.0,IPS Panel Full HD 1920x1080,Intel Core i5 7200U 2.5GHz,8GB,256GB SSD,Intel HD Graphics 620,Windows 10,1.9kg,938.0,9.793646422539082,1.5699555562120961,2.799601602665401
405,Dell,Precision M5520,Workstation,15.6,4K Ultra HD / Touchscreen 3840x2160,Intel Core i7 7700HQ 2.8GHz,8GB,256GB SSD,Nvidia Quadro M1200,Windows 10,1.78kg,2712.0,5.6248238200004375,4.674894007915599,4.728786803424475
406,Lenovo,Thinkpad X1,Ultrabook,14.0,IPS Panel 2560x1440,Intel Core i7 7500U 2.7GHz,16GB,1TB SSD,Intel HD Graphics 620,Windows 10,1.13kg,2625.0,6.853544188819276,4.644486035608909,3.0683236054795806
407,Lenovo,IdeaPad 320-15IAP,Notebook,15.6,1366x768,Intel Celeron Dual Core N3350 1.1GHz,4GB,1TB HDD,Intel HD Graphics 500,Windows 10,2.2kg,306.0,8.501673062837924,1.110544683691561,0.6116138416606919
408,Asus,FX753VD-GC461T (i7-7700HQ/16GB/1TB,Gaming,17.3,Full HD 1920x1080,Intel Core i7 7700HQ 2.8GHz,16GB,256GB SSD +  1TB HDD,Nvidia GeForce GTX 1050,Windows 10,2.9kg,1529.0,7.233580150413354,2.6147747567664386,1.0490766400729363
409,Lenovo,ThinkPad E580,Notebook,15.6,IPS Panel Full HD 1920x1080,Intel Core i5 8250U 1.6GHz,8GB,256GB SSD +  1TB HDD,AMD Radeon RX 550,Windows 10,2.1kg,1144.5,8.366220276230242,1.4449685598494697,2.504127526653962
410,Acer,Aspire 7,Notebook,15.6,Full HD 1920x1080,Intel Core i7 7700HQ 2.8GHz,8GB,256GB SSD,Nvidia GeForce GTX 1050,Linux,2.5kg,879.0,8.847711057290276,1.727932378683704,0.812973696267216
411,MSI,GE73VR 7RF,Gaming,17.3,Full HD 1920x1080,Intel Core i7 7700HQ 2.8GHz,16GB,256GB SSD +  1TB HDD,Nvidia GeForce GTX 1070,Windows 10,2.8kg,2249.0,6.137837918175255,5.022015252557523,3.4272007536500135
412,Asus,Zenbook 3,Ultrabook,14.0,Full HD 1920x1080,Intel Core i7 7500U 2.7GHz,8GB,512GB SSD,Intel HD Graphics 620,Windows 10,1.10kg,1873.0,7.6307693973547925,2.761403551417148,3.9281478665569587
413,Toshiba,Portege Z30-C-16P,Ultrabook,13.3,Full HD 1920x1080,Intel Core i7 6500U 2.5GHz,16GB,512GB SSD,Intel HD Graphics 520,Windows 10,1.2kg,1747.0,6.4910513358188195,1.8752288769385923,1.6251214658077056
414,Dell,Latitude 7480,Ultrabook,14.0,Full HD 1920x1080,Intel Core i7 7600U 2.8GHz,8GB,512GB SSD,Intel HD Graphics,Windows 10,1.36kg,1680.0,7.344324260084232,3.427436687328312,1.424077603808341
415,Lenovo,IdeaPad 320-15ISK,Notebook,15.6,Full HD 1920x1080,Intel Core i3 6006U 2GHz,4GB,500GB HDD,Intel HD Graphics 520,Windows 10,2.2kg,409.0,9.69961203279568,0.30031954141096107,0.0
416,Lenovo,Lenovo IdeaPad,Notebook,11.6,1366x768,Intel Celeron Dual Core N3350 1.1GHz,2GB,32GB Flash Storage,Intel HD Graphics 500,Windows 10,1.15kg,304.45,10.0,0.0,1.0508718571867612
417,Lenovo,ThinkPad P51,Workstation,15.6,Full HD 1920x1080,Intel Core i7 7700HQ 2.8GHz,8GB,512GB SSD,Nvidia Quadro M1200,Windows 10,2.67kg,1925.0,7.614017640867736,3.633211603323713,1.7397974012219015
418,Lenovo,Thinkpad T470p,Ultrabook,14.0,IPS Panel Full HD 2560x1440,Intel Core i7 7700HQ 2.8GHz,8GB,512GB SSD,Nvidia GeForce GT 940MX,Windows 10,1.7kg,1943.0,6.114632318090886,2.55739145967568,0.7199295299503632
419,HP,15-BS028nv (i3-6006U/4GB/1TB/Radeon,Notebook,15.6,Full HD 1920x1080,Intel Core i3 6006U 2GHz,4GB,1TB HDD,AMD Radeon 520,Windows 10,2.1kg,469.0,8.274818368052852,0.4254636695153211,0.13696320863145073
420,Acer,Aspire R7,2 in 1 Convertible,13.3,IPS Panel Full HD / Touchscreen 1920x1080,Intel Core i7 6500U 2.5GHz,8GB,256GB SSD,Intel HD Graphics 520,Windows 10,1.6kg,789.01,9.984149896337371,1.303575825636646,1.4793842011101708
421,Asus,ZenBook Flip,2 in 1 Convertible,13.3,IPS Panel Full HD / Touchscreen 1920x1080,Intel Core i5 7200U 2.5GHz,8GB,256GB SSD,Intel HD Graphics 620,Windows 10,1.27kg,928.0,8.993277369921225,1.4249735834857005,2.2327832394535108
422,Dell,Inspiron 3567,Notebook,15.6,Full HD 1920x1080,Intel Core i5 7200U 2.5GHz,4GB,256GB SSD,AMD Radeon R5 M430,Linux,2.3kg,598.9,8.684079969066993,1.2846922553989952,0.34660171201944445
423,Dell,Latitude 3380,Notebook,13.3,1366x768,Intel Core i3 6006U 2GHz,4GB,128GB SSD,Intel HD Graphics 520,Windows 10,1.65kg,689.0,10.0,0.5208092157804122,0.5400570265434849
424,HP,EliteBook 1040,Ultrabook,14.0,Full HD 1920x1080,Intel Core i7 6500U 2.5GHz,8GB,256GB SSD,Intel HD Graphics 520,Windows 10,1.43kg,1500.0,7.854565023889983,2.64845932208517,3.1610952709489015
425,Dell,Inspiron 3567,Notebook,15.6,1366x768,Intel Core i5 7200U 2.5GHz,8GB,1TB HDD,Intel HD Graphics 620,Windows 10,2.14kg,539.95,10.0,0.4099997887345541,0.0
426,Lenovo,ThinkPad E480,Ultrabook,14.0,IPS Panel Full HD 1920x1080,Intel Core i7 8550U 1.8GHz,8GB,256GB SSD,AMD Radeon RX 550,Windows 10,1.75kg,1215.38,8.29641140960066,2.348651760237429,1.446786755381019
427,Lenovo,Yoga 720-15IKB,2 in 1 Convertible,15.6,IPS Panel 4K Ultra HD / Touchscreen 3840x2160,Intel Core i7 7700HQ 2.8GHz,16GB,512GB SSD,Nvidia GeForce GTX 1050,Windows 10,2kg,1899.0,8.737205934842299,3.403686392273734,3.0637315170033372
428,Chuwi,LapBook 12.3,Notebook,12.3,IPS Panel Retina Display 2736x1824,Intel Celeron Quad Core N3450 1.1GHz,6GB,64GB Flash Storage,Intel HD Graphics 500,Windows 10,1.4kg,449.0,10.0,0.0,0.8235099981250739
429,HP,ProBook 650,Notebook,15.6,Full HD 1920x1080,Intel Core i7 7820HQ 2.9GHz,8GB,256GB SSD,Intel HD Graphics 630,Windows 10,2.31kg,1427.0,7.686060748727289,2.983553625429477,1.7069225779367454
430,Asus,X542UQ-DM117 (i3-7100U/8GB/1TB/GeForce,Notebook,15.6,Full HD 1920x1080,Intel Core i3 7100U 2.4GHz,8GB,1TB HDD,Nvidia GeForce 940MX,Linux,2.3kg,597.0,10.0,0.285153294541673,0.7414768599975845
431,Dell,Alienware 17,Gaming,17.3,IPS Panel 2560x1440,Intel Core i7 7820HK 2.9GHz,16GB,256GB SSD +  1TB HDD,Nvidia GeForce GTX 1070,Windows 10,4.42kg,2799.0,6.085921012832676,5.076825985460359,2.439717864105051
432,Dell,Inspiron 7577,Gaming,15.6,IPS Panel Full HD 1920x1080,Intel Core i7 7700HQ 2.8GHz,8GB,128GB SSD +  1TB HDD,Nvidia GeForce GTX 1050 Ti,Windows 10,2.62kg,1159.0,9.432457988641913,1.956277108105039,1.1358485275168877
433,Dell,Inspiron 5570,Notebook,15.6,Full HD 1920x1080,Intel Core i7 8550U 1.8GHz,8GB,256GB SSD +  2TB HDD,AMD Radeon 530,Windows 10,2.02kg,1142.4,7.593630851789079,3.104977321182934,1.9972373497904097
434,Dell,Latitude 5480,Ultrabook,14.0,Full HD 1920x1080,Intel Core i7 7600U 2.8GHz,8GB,256GB SSD,Intel HD Graphics 620,Linux,1.6kg,1099.0,8.987659733399596,1.3824086487016745,0.7753462071954125
435,HP,Omen 17-w207nv,Gaming,17.3,Full HD 1920x1080,Intel Core i7 7700HQ 2.8GHz,12GB,256GB SSD +  1TB HDD,Nvidia GeForce GTX 1070,Windows 10,3.35kg,1999.0,7.766570813108363,2.80071533947675,3.127356153642986
436,Mediacom,FlexBook Edge,2 in 1 Convertible,11.6,IPS Panel Full HD / Touchscreen 1920x1080,Intel Celeron Dual Core N3350 1.1GHz,4GB,32GB SSD,Intel HD Graphics 500,Windows 10,1.16kg,299.0,8.382037946726488,0.19543477942483498,0.5684684647771795
437,Samsung,Chromebook 3,Netbook,11.6,1366x768,Intel Celeron Dual Core N3060 1.6GHz,4GB,16GB Flash Storage,Intel HD Graphics 400,Chrome OS,1.15kg,269.0,8.893055637124764,0.0,0.0
438,Lenovo,Thinkpad 13,Notebook,13.3,IPS Panel Full HD 1920x1080,Intel Core i7 7500U 2.7GHz,8GB,256GB SSD,Intel HD Graphics 620,Windows 10,1.4kg,1010.0,6.9576437936568984,2.050923985688661,1.5473414809322776
439,Lenovo,IdeaPad 320s-14IKB,Notebook,14.0,IPS Panel Full HD 1920x1080,Intel Core i3 7130U 2.7GHz,4GB,128GB SSD,Intel HD Graphics 620,Windows 10,1.7kg,599.0,9.067174954385282,0.0,0.0
440,Lenovo,Thinkpad T570,Workstation,15.6,IPS Panel 4K Ultra HD 3840x2160,Intel Core i7 7600U 2.8GHz,16GB,512GB SSD,Nvidia GeForce 940MX,Windows 10,2.3kg,2445.0,6.741122412231707,2.98996545708798,3.667622368648226
441,Lenovo,Thinkpad P51,Notebook,15.6,Full HD 1920x1080,Intel Core i7 7820HQ 2.9GHz,16GB,512GB SSD,Nvidia Quadro M2200M,Windows 10,2.5kg,2449.0,7.362223194419439,2.9854201099940294,4.327835382928762
442,Asus,Rog Strix,Gaming,17.3,Full HD 1920x1080,AMD Ryzen 1600 3.2GHz,8GB,256GB SSD +  1TB HDD,AMD Radeon RX 580,Windows 10,3.2kg,1695.0,7.492187216740884,3.3273346811737974,2.6926669763696838
443,HP,15-ra044nv (N3060/4GB/500GB/W10),Notebook,15.6,1366x768,Intel Celeron Dual Core N3060 1.6GHz,4GB,500GB HDD,Intel HD Graphics 400,Windows 10,2.1kg,347.0,10.0,1.6604738204284095,0.0
444,Google,Pixelbook (Core,Ultrabook,12.3,Touchscreen 2400x1600,Intel Core i7 7Y75 1.3GHz,16GB,512GB SSD,Intel HD Graphics 615,Chrome OS,1.1kg,2199.0,5.478197314440744,3.334162144157365,3.597094642419976
445,Lenovo,ThinkPad T470s,Ultrabook,14.0,2560x1440,Intel Core i7 7500U 2.7GHz,24GB,512GB SSD,Intel HD Graphics 620,Windows 10,1.32kg,2382.0,4.910711770034864,3.591524899929004,4.298270110990307
446,Asus,VivoBook Max,Notebook,15.6,Full HD 1920x1080,Intel Core i5 7200U 2.5GHz,4GB,256GB SSD,Intel HD Graphics 620,Linux,2kg,559.0,9.30577281134684,0.70583076002641,0.0
447,Lenovo,IdeaPad 320-15AST,Notebook,17.3,1600x900,AMD A6-Series 9220 2.5GHz,8GB,1TB HDD,AMD Radeon R4,Windows 10,2.8kg,519.0,9.724973878138789,1.5117811230992106,1.5095377329773765
448,Dell,Inspiron 5570,Notebook,15.6,Full HD 1920x1080,Intel Core i5 8250U 1.6GHz,4GB,256GB SSD,AMD Radeon 530,Windows 10,2.2kg,749.0,9.003380066503627,0.22858162766863765,0.7014603440762394
449,Lenovo,ThinkPad X270,Ultrabook,12.5,IPS Panel Full HD 1920x1080,Intel Core i5 7200U 2.5GHz,8GB,256GB SSD,Intel HD Graphics 620,Windows 10,1.36kg,1429.0,6.227902860052487,2.30883864610344,2.458535406507796
450,Lenovo,IdeaPad 320-15IAP,Notebook,15.6,Full HD 1920x1080,Intel Pentium Quad Core N4200 1.1GHz,4GB,128GB SSD,Intel HD Graphics 505,Windows 10,2.2kg,349.0,9.633345318600739,1.0755167536149735,1.2531561887052118
451,HP,Omen 15-AX205na,Gaming,15.6,IPS Panel Full HD 1920x1080,Intel Core i7 7700HQ 2.8GHz,8GB,128GB SSD +  1TB HDD,Nvidia GeForce GTX 1050,Windows 10,2.2kg,1099.0,7.395242964996961,1.9620567705510323,0.4638424768147833
452,Dell,Latitude 5480,Notebook,14.0,Full HD 1920x1080,Intel Core i5 7440HQ 2.8GHz,8GB,256GB SSD,Nvidia GeForce 930MX,Windows 10,1.64kg,1179.0,8.83953550741846,1.8478678249245644,1.1286497297035323
453,Acer,Aspire ES1-572,Notebook,15.6,1366x768,Intel Core i5 7200U 2.5GHz,4GB,500GB HDD,Intel HD Graphics 620,Linux,2.4kg,441.8,9.84129547451461,1.2528199964165823,0.22114416566230538
454,Dell,Precision 3520,Workstation,15.6,Full HD 1920x1080,Intel Xeon E3-1505M V6 3GHz,8GB,64GB Flash Storage +  1TB HDD,Nvidia Quadro M620,Windows 10,2.23kg,1993.0,6.1780539768452885,0.9074563596934371,2.4430393771932843
455,MSI,GV62 7RD-1686NL,Gaming,15.6,Full HD 1920x1080,Intel Core i5 7300HQ 2.5GHz,8GB,256GB SSD,Nvidia GeForce GTX 1050,Windows 10,2.2kg,1027.74,8.147995073725582,1.9832116480297897,2.82886065307451
456,Microsoft,Surface Laptop,Ultrabook,13.5,Touchscreen 2256x1504,Intel Core i7 7660U 2.5GHz,16GB,512GB SSD,Intel Iris Plus Graphics 640,Windows 10 S,1.25kg,2589.0,5.076679815400231,3.5526888205866687,3.3905316920271735
457,HP,15-bs024nv (i5-7200U/8GB/128GB/W10),Notebook,15.6,1366x768,Intel Core i5 7200U 2.5GHz,8GB,128GB SSD,Intel HD Graphics 620,Windows 10,1.91kg,589.0,9.249434781253193,0.0,0.25598451733877664
458,Dell,Precision 3520,Workstation,15.6,IPS Panel Full HD 1920x1080,Intel Core i7 6820HQ 2.7GHz,16GB,256GB SSD,Nvidia Quadro M620,Windows 10,2.17kg,1975.0,7.724451409143606,3.4486245268773685,3.2031736725397653
459,HP,ProBook 650,Workstation,15.6,IPS Panel Full HD 1920x1080,Intel Core i7 7820HQ 2.9GHz,8GB,512GB SSD,Intel HD Graphics 620,Windows 10,2.31kg,1534.0,6.916060513142535,3.3942854859193954,1.3336390289281583
460,Lenovo,ThinkPad T470,Notebook,14.0,Full HD 1920x1080,Intel Core i5 7200U 2.5GHz,8GB,256GB SSD,Intel HD Graphics 620,Windows 10,1.65kg,1345.0,8.426865904397397,1.8664124963147242,1.6598267386118666
461,Dell,Inspiron 5570,Notebook,15.6,Full HD 1920x1080,Intel Core i7 8550U 1.8GHz,8GB,128GB SSD +  1TB HDD,AMD Radeon 530,Windows 10,2.36kg,979.0,8.217144116272513,2.120949426791887,1.612612398029676
462,Dell,Inspiron 3168,2 in 1 Convertible,11.6,Touchscreen 1366x768,Intel Pentium Quad Core N3710 1.6GHz,4GB,500GB HDD,Intel HD Graphics 405,Windows 10,1.47kg,479.0,8.850933801700673,1.804590538880368,0.2484796089834425
463,Dell,Alienware 17,Notebook,17.3,IPS Panel Full HD 1920x1080,Intel Core i7 7700HQ 2.7GHz,8GB,1TB HDD,Nvidia GeForce GTX 1060,Windows 10,4.42kg,2046.0,6.754882041150279,4.211425233753314,3.0847841837661174
464,Microsoft,Surface Laptop,Ultrabook,13.5,Touchscreen 2256x1504,Intel Core M m3-7Y30 2.2GHz,4GB,128GB SSD,Intel HD Graphics 615,Windows 10 S,1.252kg,989.0,7.7962787159041635,2.6874990496574522,0.9520617362016409
465,Microsoft,Surface Laptop,Ultrabook,13.5,Touchscreen 2256x1504,Intel Core i7 7660U 2.5GHz,8GB,256GB SSD,Intel Iris Plus Graphics 640,Windows 10 S,1.25kg,1799.0,6.81446452196698,3.336318026612788,1.5310397864106604
466,HP,17-BS092ND (i3-6006U/8GB/256GB/W10),Notebook,17.3,1600x900,Intel Core i3 6006U 2GHz,8GB,256GB SSD,Intel HD Graphics 520,Windows 10,2.5kg,639.9,8.25536857200487,0.8466760250453247,1.0436036829954414
467,Acer,Aspire E5-576G,Notebook,15.6,Full HD 1920x1080,Intel Core i3 6006U 2GHz,4GB,1TB HDD,Nvidia GeForce 940MX,Windows 10,2.23kg,544.0,10.0,0.0,2.0284190311574557
468,Acer,TravelMate B,Netbook,11.6,1366x768,Intel Celeron Dual Core N3060 1.6GHz,4GB,128GB SSD,Intel HD Graphics 400,Windows 10,1.4kg,435.0,9.587704512463459,0.2436563386099652,0.45522763374067454
469,Asus,Pro P2540UA-AB51,Notebook,15.6,Full HD 1920x1080,Intel Core i5 7200U 2.5GHz,8GB,1TB HDD,Intel HD Graphics 620,Windows 10,2.37kg,749.0,8.469755458584833,0.29586685876814356,1.1506754288191365
470,Lenovo,IdeaPad 510s-14IKB,Notebook,14.0,IPS Panel Full HD 1920x1080,Intel Core i7 7500U 2.7GHz,8GB,512GB SSD,AMD Radeon R7 M460,No OS,1.5kg,799.0,9.11633160791227,2.7916064946733563,1.6090305247685932
471,Lenovo,Thinkpad P51,Notebook,15.6,Full HD 1920x1080,Intel Core i7 7820HQ 2.9GHz,8GB,256GB SSD,Nvidia Quadro M2200M,Windows 10,2.67kg,2090.0,6.676382285985734,3.093046624315734,2.218290877024244
472,Asus,X541NA-PD1003Y (N4200/4GB/500GB/W10),Notebook,15.6,1366x768,Intel Pentium Quad Core N4200 1.1GHz,4GB,500GB HDD,Intel HD Graphics 500,Windows 10,2kg,304.0,9.603815037673,0.3179731281280105,1.5814210092041066
473,Acer,Aspire 5,Notebook,15.6,1366x768,Intel Core i3 6006U 2GHz,4GB,500GB HDD,Nvidia GeForce GTX 940MX,Windows 10,2.2kg,469.0,9.993443064676091,0.9390785961910237,0.6597533324968914
474,Dell,Inspiron 5570,Notebook,15.6,Full HD 1920x1080,Intel Core i5 8250U 1.6GHz,8GB,2TB HDD,AMD Radeon 530,Windows 10,2.02kg,759.0,9.618664395885945,1.0222237292498617,2.292827291423186
475,HP,Omen 17-an006nv,Gaming,17.3,IPS Panel Full HD 1920x1080,Intel Core i7 7700HQ 2.8GHz,12GB,1TB HDD,Nvidia GeForce GTX 1060,Windows 10,3.78kg,1699.0,7.001759419464321,3.9298804947918597,1.987413266028066
476,Lenovo,Thinkpad T460s,Ultrabook,14.0,IPS Panel Quad HD+ 2560x1440,Intel Core i7 6600U 2.6GHz,12GB,256GB SSD,Intel HD Graphics 520,Windows 10,1.4kg,1858.0,6.697151314657252,2.3440746034394424,4.296643630873264
477,HP,Spectre x360,2 in 1 Convertible,13.3,IPS Panel 4K Ultra HD / Touchscreen 3840x2160,Intel Core i7 8550U 1.8GHz,8GB,512GB SSD,Intel UHD Graphics 620,Windows 10,1.29kg,1999.0,6.699789865907377,3.2358547405611024,3.7002931715991347
478,HP,ZBook 15u,Notebook,15.6,Full HD 1920x1080,Intel Core i5 7200U 2.5GHz,8GB,500GB HDD,AMD FirePro W4190M ,Windows 10,1.9kg,1154.0,6.504454629392965,1.0600319702601269,2.0964405075004526
479,Google,Pixelbook (Core,Ultrabook,12.3,Touchscreen 2400x1600,Intel Core i5 7Y57 1.2GHz,8GB,128GB SSD,Intel HD Graphics 615,Chrome OS,1.1kg,1275.0,6.929619302139893,0.8022098391247012,2.045447411583784
480,Dell,Latitude 7390,Ultrabook,13.3,Full HD / Touchscreen 1920x1080,Intel Core i5 8250U 1.6GHz,8GB,256GB SSD,Intel UHD Graphics 620,Windows 10,1.42kg,1841.85,8.278562705094862,2.3255214361365306,2.6161138144011993
481,Asus,ZenBook Pro,Notebook,15.6,IPS Panel 4K Ultra HD 3840x2160,Intel Core i7 6700HQ 2.6GHz,12GB,128GB SSD +  1TB HDD,Intel HD Graphics 530,Windows 10,2.06kg,1299.0,9.417239993585838,1.8691047395764604,2.859159503994288
482,Dell,Latitude E5470,Notebook,14.0,1366x768,Intel Core i3 6100U 2.3GHz,8GB,128GB SSD,Intel HD Graphics 520,Windows 10,1.79kg,740.0,8.84549690675152,0.6118324819895675,1.067562157481813
483,Dell,Precision M5520,Workstation,15.6,Full HD 1920x1080,Intel Core i7 7700HQ 2.8GHz,8GB,256GB SSD,Nvidia Quadro M1200,Windows 10,1.78kg,2408.0,6.690781435423516,3.216527351122012,2.1968083721513754
484,Lenovo,Thinkpad T470,Notebook,14.0,Full HD 1920x1080,Intel Core i5 7200U 2.5GHz,8GB,180GB SSD,Intel HD Graphics 620,Windows 10,1.7kg,1364.0,8.240561305069427,0.8833848476279336,1.1146896491997986
485,Dell,Inspiron 3576,Notebook,15.6,Full HD 1920x1080,Intel Core i5 8250U 1.6GHz,8GB,1TB HDD,AMD Radeon 520,Windows 10,2.2kg,675.0,10.0,0.7790851621502088,0.6968930184989668
486,Toshiba,Portege X30-D-10J,Notebook,13.3,IPS Panel Full HD 1920x1080,Intel Core i5 7200U 2.5GHz,8GB,256GB SSD,Intel HD Graphics 620,Windows 10,1.05kg,1672.0,8.36738988695357,1.324493742969291,2.776269228726537
487,Dell,Inspiron 7570,Notebook,15.6,IPS Panel Full HD 1920x1080,Intel Core i7 8550U 1.8GHz,8GB,512GB SSD,Nvidia GeForce 940MX,Windows 10,2.16kg,1262.0,8.061379006984163,2.4443316907829056,1.791016128711307
488,Dell,Vostro 3568,Notebook,15.6,1366x768,Intel Core i3 7100U 2.4GHz,4GB,1TB HDD,Intel HD Graphics 620,Windows 10,2.18kg,586.6,8.539196339502782,0.7623231103644803,1.6715479398518083
489,HP,ProBook 430,Notebook,13.3,IPS Panel Full HD 1920x1080,Intel Core i5 8250U 1.6GHz,4GB,128GB SSD,Intel UHD Graphics 620,Windows 10,1.49kg,726.0,7.783197374173689,0.0,0.0
490,Chuwi,"Lapbook 15,6",Notebook,15.6,Full HD 1920x1080,Intel Atom x5-Z8350 1.44GHz,4GB,64GB Flash Storage,Intel HD Graphics,Windows 10,1.89kg,248.9,10.0,0.0,0.2412838513138328
491,Lenovo,ThinkPad E570,Notebook,15.6,1366x768,Intel Core i3 6006U 2.0GHz,4GB,128GB SSD,Intel HD Graphics 520,Windows 10,2.3kg,565.0,8.735003791958212,0.05819048734187926,0.0
492,Lenovo,ThinkPad E480,Notebook,14.0,IPS Panel Full HD 1920x1080,Intel Core i5 8250U 1.6GHz,8GB,256GB SSD,Intel UHD Graphics 620,Windows 10,1.75kg,1049.0,7.385403783376713,1.732132857280492,2.0845630853324826
493,Dell,Precision 3520,Workstation,15.6,IPS Panel Full HD 1920x1080,Intel Core i7 6820HQ 2.7GHz,16GB,512GB SSD,Nvidia Quadro M620,Windows 10,2.17kg,2338.0,5.830421017500494,4.724681031924001,3.576753703551883
494,Dell,XPS 15,Notebook,15.6,Full HD 1920x1080,Intel Core i7 7700HQ 2.8GHz,16GB,512GB SSD,Nvidia GeForce GTX 1050,Windows 10,2.06kg,1899.0,6.223369192045193,1.4112544293466953,3.2470803826825856
495,Lenovo,Thinkpad X270,Ultrabook,12.5,IPS Panel Full HD 1920x1080,Intel Core i7 7500U 2.7GHz,16GB,512GB SSD,Intel HD Graphics 620,Windows 10,1.36kg,1798.0,8.608785038015858,2.8329491333601275,2.0498219015703807
496,Asus,Zenbook UX390UA,Ultrabook,12.5,Full HD 1920x1080,Intel Core i7 7500U 2.7GHz,16GB,512GB SSD,Intel HD Graphics 620,Windows 10,0.91kg,1950.0,7.707843451129181,2.8693621179770674,4.021040299756581
497,Lenovo,Thinkpad E570,Notebook,15.6,IPS Panel Full HD 1920x1080,Intel Core i5 7200U 2.5GHz,8GB,256GB SSD,Nvidia GeForce 940MX,Windows 10,2.3kg,1011.99,8.579292773022654,1.9514011750844233,2.247708845171132
498,Toshiba,Portege X30-D-10L,Ultrabook,13.3,Full HD / Touchscreen 1920x1080,Intel Core i7 7500U 2.7GHz,32GB,512GB SSD,Intel HD Graphics 620,Windows 10,1.05kg,2799.0,6.753575564276579,4.600937049425594,4.897215189244953
499,Asus,VivoBook Pro,Gaming,15.6,Full HD 1920x1080,Intel Core i7 7700HQ 2.8GHz,8GB,128GB SSD +  1TB HDD,Nvidia GeForce GTX 1050,Windows 10,1.99kg,1350.0,8.077084519535816,1.383234661191223,1.8811963290915257
500,Acer,Aspire 5,Notebook,15.6,1366x768,AMD A10-Series 9620P 2.5GHz,8GB,1TB HDD,AMD Radeon RX 540,Windows 10,2.2kg,579.0,8.627428335139921,0.4283011552641739,1.1474301320335742
501,Asus,Rog G752VL-UH71T,Gaming,17.3,IPS Panel Full HD / Touchscreen 1920x1080,Intel Core i7 6700HQ 2.6GHz,24GB,256GB SSD +  1TB HDD,Nvidia GeForce GTX 965M,Windows 10,4.33kg,1269.0,9.370397995992942,1.2112805803799938,1.2825872114329058
502,Lenovo,Thinkpad X260,Ultrabook,12.5,IPS Panel 1366x768,Intel Core i5 6200U 2.3GHz,8GB,180GB SSD,Intel HD Graphics 520,Windows 10,1.3kg,1099.0,8.869946600348571,2.4219871454780346,2.2456259618157257
503,Lenovo,Ideapad 520-15IKBR,Notebook,15.6,Full HD 1920x1080,Intel Core i7 8550U 1.8GHz,8GB,256GB SSD,Intel UHD Graphics 620,Windows 10,2.17kg,898.9,7.946743160927021,1.2405092345493682,2.543044631070951
504,HP,EliteBook 840,Notebook,14.0,Full HD 1920x1080,Intel Core i7 7600U 2.8GHz,8GB,1TB SSD,Intel HD Graphics 620,Windows 10,1.48kg,1749.0,7.189501209431848,4.179180396703671,3.5147162960846146
505,Lenovo,ThinkPad 13,Notebook,13.3,IPS Panel Full HD 1920x1080,Intel Core i3 7100U 2.4GHz,8GB,256GB SSD,Intel HD Graphics 620,Windows 10,1.4kg,949.0,7.991488519655064,1.2594882265854341,0.7243349017912032
506,Lenovo,ThinkPad L570,Notebook,15.6,IPS Panel Full HD 1920x1080,Intel Core i5 7200U 2.5GHz,8GB,256GB SSD,Intel HD Graphics 620,Windows 10,2.3kg,911.0,7.649878358688446,0.6771564430117142,1.5330157103585669
507,Asus,VivoBook E201NA,Netbook,11.6,1366x768,Intel Celeron Dual Core N3350 1.1GHz,4GB,64GB Flash Storage,Intel HD Graphics 500,Windows 10 S,1.2kg,340.0,10.0,0.0,0.0
508,HP,15-BS026nv (i5-7200U/8GB/256GB/Radeon,Notebook,15.6,1366x768,Intel Core i5 7200U 2.5GHz,8GB,256GB SSD,AMD Radeon 520,Windows 10,1.91kg,618.99,10.0,0.0,1.208950223624085
509,Lenovo,Yoga 920-13IKB,2 in 1 Convertible,13.9,IPS Panel Full HD / Touchscreen 1920x1080,Intel Core i5 8250U 1.6GHz,8GB,256GB SSD,Intel UHD Graphics 620,Windows 10,1.4kg,1599.0,6.476082649805447,1.1377545367348485,2.7655460214292713
510,Lenovo,IdeaPad 320-14IAP,Notebook,14.0,1366x768,Intel Celeron Dual Core N3350 1.1GHz,4GB,500GB HDD,Intel HD Graphics 500,Windows 10,2.1kg,299.0,10.0,0.4246717849442078,0.0
511,Lenovo,Chromebook N23,Netbook,11.6,1366x768,Intel Celeron Dual Core N3060 1.6GHz,4GB,16GB SSD,Intel HD Graphics 400,Chrome OS,1.25kg,265.0,9.325899446812244,0.5605665164742425,0.0
512,Lenovo,ThinkPad 13,Notebook,13.3,Full HD 1920x1080,Intel Core i5 7200U 2.5GHz,8GB,256GB SSD,Intel HD Graphics 620,Windows 10,1.44kg,949.0,8.302282815351113,0.04306431601142391,1.0815057602421172
513,Asus,ZenBook UX510UX-CN211T,Notebook,15.6,Full HD 1920x1080,Intel Core i7 7500U 2.7GHz,8GB,256GB SSD +  1TB HDD,Intel HD Graphics 620,Windows 10,2kg,1224.0,7.753932961874727,2.4881825499950696,1.5314641010215162
514,Acer,Aspire A515-51G-59QF,Notebook,15.6,IPS Panel Full HD 1920x1080,Intel Core i5 8250U 1.6GHz,4GB,1TB HDD,Nvidia GeForce MX150,Windows 10,2.2kg,613.0,8.567879114213953,0.35447942869544236,0.0
515,HP,Envy 13-AB002nv,Ultrabook,13.3,IPS Panel Full HD 1920x1080,Intel Core i7 7500U 2.7GHz,8GB,512GB SSD,Intel HD Graphics 620,Windows 10,1.34kg,1323.0,8.099576796026748,2.0566749159175535,2.250423489810861
516,Lenovo,Legion Y520-15IKBN,Gaming,15.6,IPS Panel Full HD 1920x1080,Intel Core i7 7700HQ 2.8GHz,8GB,256GB SSD +  1TB HDD,Nvidia GeForce GTX 1060,No OS,2.4kg,1149.0,7.689670286618005,2.9353461228575037,1.846748507405574
517,Dell,XPS 13,Ultrabook,13.3,IPS Panel Full HD / Touchscreen 1920x1080,Intel Core i5 7200U 2.5GHz,8GB,128GB SSD,Intel HD Graphics 620,Windows 10,1.29kg,899.0,8.992736768640748,1.941100144675548,1.068213386400307
518,Acer,Aspire A515-51G,Notebook,15.6,Full HD 1920x1080,Intel Core i7 7500U 2.7GHz,4GB,500GB HDD,Nvidia GeForce 940MX,Windows 10,2.2kg,639.0,9.174999385858412,0.5699856082576126,0.18017692645558803
519,Dell,Vostro 5568,Notebook,15.6,Full HD 1920x1080,Intel Core i5 7200U 2.5GHz,8GB,1TB HDD,Intel HD Graphics 620,Windows 10,2.18kg,836.0,8.6915419844478,0.40434579772684176,1.9562652791923227
520,Dell,Inspiron 5570,Notebook,15.6,Full HD 1920x1080,Intel Core i7 8550U 1.8GHz,16GB,256GB SSD +  2TB HDD,AMD Radeon 530,Windows 10,2.2kg,1219.24,7.5098309269068055,0.042665822396471764,3.088443833930552
521,Xiaomi,Mi Notebook,Notebook,15.6,IPS Panel Full HD 1920x1080,Intel Core i7 8550U 1.8GHz,16GB,256GB SSD,Nvidia GeForce MX150,No OS,1.95kg,1399.95,7.4694690114947,1.493791268656697,1.6822647369734034
522,Asus,VivoBook E12,Netbook,11.6,1366x768,Intel Celeron Dual Core N3350 1.1GHz,2GB,32GB Flash Storage,Intel HD Graphics 500,Windows 10,1.1kg,245.0,10.0,0.0,0.0
523,HP,15-bs190od (i5-8250U/4GB/1TB/W10),Notebook,15.6,Touchscreen 1366x768,Intel Core i5 8250U 1.6GHz,4GB,1TB HDD,Intel UHD Graphics 620,Windows 10,2.04kg,521.47,9.814286492715539,0.0,0.9794133897135633
524,Asus,ROG Zephyrus,Gaming,15.6,Full HD 1920x1080,Intel Core i7 7700HQ 2.8GHz,24GB,512GB SSD,Nvidia GeForce GTX1080,Windows 10,2.24kg,2968.0,4.502343989815167,4.610606240672148,4.429188310548403
525,HP,Probook 450,Notebook,15.6,Full HD 1920x1080,Intel Core i5 7200U 2.5GHz,8GB,256GB SSD,Nvidia GeForce 930MX,Windows 10,2.04kg,889.0,8.87271478949106,1.2682325612193353,1.0952332943217333
526,Asus,FX753VE-GC155T (i7-7700HQ/16GB/1TB,Gaming,17.3,Full HD 1920x1080,Intel Core i7 7700HQ 2.8GHz,16GB,256GB SSD +  1TB HDD,Nvidia GeForce GTX1050 Ti,Windows 10,3kg,1504.0,8.356383960300807,2.0648409529501617,2.8364482597763616
527,Lenovo,Legion Y720-15IKB,Gaming,15.6,IPS Panel Full HD 1920x1080,Intel Core i7 7700HQ 2.8GHz,8GB,256GB SSD +  1TB HDD,Nvidia GeForce GTX 1060,Windows 10,3.2kg,1399.0,6.596965226579695,1.5475084838644388,0.5400256785173725
528,HP,Spectre X360,Ultrabook,13.3,IPS Panel Full HD 1920x1080,Intel Core i7 7500U 2.7GHz,8GB,256GB SSD,Intel HD Graphics 620,Windows 10,1.32kg,1399.0,8.367177605380741,2.202434286096589,3.1221524084053422
529,Dell,Latitude 5480,Notebook,14.0,Full HD 1920x1080,Intel Core i5 7300U 2.6GHz,8GB,256GB SSD,Intel HD Graphics 620,Windows 10,1.64kg,1279.73,7.603690022379189,2.219763490119662,1.924355389927608
530,HP,ProBook 440,Notebook,15.6,1366x768,Intel Core i3 6006U 2GHz,4GB,128GB SSD,Intel HD Graphics 520,Windows 10,1.63kg,689.0,9.58728062263824,0.0,0.5400037965865426
531,Dell,Inspiron 5770,Notebook,17.3,IPS Panel Full HD 1920x1080,Intel Core i5 8250U 1.6GHz,8GB,128GB SSD +  1TB HDD,AMD Radeon 530,Linux,2.8kg,889.0,8.182641619913666,2.335496958649337,1.1353637314751615
532,Lenovo,ThinkPad L470,Notebook,14.0,Full HD 1920x1080,Intel Core i5 6200U 2.3GHz,8GB,256GB SSD,Intel HD Graphics 520,Windows 7,2.02kg,1340.0,6.588161830016907,1.8890619836240674,1.9378759734678919
533,Lenovo,IdeaPad 320-15IKB,Notebook,15.6,Full HD 1920x1080,Intel Core i7 7500U 2.7GHz,4GB,1TB HDD,Nvidia GeForce 920MX,Windows 10,2.2kg,799.0,7.6431137290183635,1.0699320190309836,0.0
534,Lenovo,IdeaPad 320-15ISK,Notebook,15.6,1366x768,Intel Core i3 6006U 2GHz,8GB,2TB HDD,Nvidia GeForce 920MX ,No OS,2.2kg,459.0,9.557455299101257,1.047584196833094,1.676963240190437
535,Dell,Inspiron 3567,Notebook,15.6,Full HD 1920x1080,Intel Core i5 7200U 2.5GHz,4GB,500GB HDD,AMD Radeon R5 M430,Windows 10,2.3kg,585.0,9.514107115301236,0.8802437910867508,0.7267313918924442
536,Dell,Latitude 5580,Notebook,15.6,Full HD 1920x1080,Intel Core i5 7440HQ 2.8GHz,8GB,256GB SSD,Intel HD Graphics 620,Windows 10,1.9kg,1377.0,7.24616695308103,2.7928890539660394,2.3847814511933434
537,Dell,Alienware 17,Gaming,17.3,IPS Panel Full HD 1920x1080,Intel Core i7 7700HQ 2.8GHz,16GB,128GB SSD +  1TB HDD,Nvidia GeForce GTX 1070,Windows 10,4.42kg,3012.77,5.719700971241309,5.020872327942049,5.552412812239824
538,Toshiba,Satellite Pro,Notebook,15.6,IPS Panel Full HD 1920x1080,Intel Core i5 7200U 2.5GHz,8GB,500GB HDD,Intel HD Graphics 620,Windows 10,2.0kg,860.0,7.512978043011836,0.6678560074606454,0.3408759411247556
539,Asus,Zenbook UX510UW-FI095T,Notebook,15.6,IPS Panel 4K Ultra HD 3840x2160,Intel Core i7 7500U 2.7GHz,8GB,256GB SSD +  1TB HDD,Nvidia GeForce GTX 960M,Windows 10,2kg,1299.0,8.048401983866958,2.1879369973800715,2.277511696443373
540,Mediacom,SmartBook Edge,Notebook,13.3,IPS Panel Full HD 1920x1080,Intel Celeron Quad Core N3450 1.1GHz,4GB,32GB SSD,Intel HD Graphics 500,Windows 10,1.2kg,369.0,8.702073116139402,0.0,0.11500105133159808
541,Asus,ROG Strix,Gaming,15.6,IPS Panel Full HD 1920x1080,Intel Core i5 7300HQ 2.5GHz,8GB,128GB SSD +  1TB HDD,Nvidia GeForce GTX 1060,Windows 10,2.3kg,1649.0,6.989079636965023,2.5762992414144676,3.1668680969664442
542,Dell,Latitude 5580,Notebook,15.6,Full HD 1920x1080,Intel Core i7 7600U 2.8GHz,8GB,256GB SSD,Nvidia GeForce 930MX,Windows 10,1.93kg,1369.0,8.021041299922329,1.9902936446152328,0.31509570084960514
543,Dell,Inspiron 5570,Notebook,15.6,Full HD 1920x1080,Intel Core i5 8250U 1.6GHz,8GB,256GB SSD,AMD Radeon 530,Windows 10,2.2kg,797.41,8.25950053140153,0.8856752905532761,0.9728933361782927
544,HP,250 G6,Notebook,15.6,Full HD 1920x1080,Intel Pentium Quad Core N3710 1.6GHz,4GB,256GB SSD,Intel HD Graphics 405,Windows 10,1.86kg,398.99,9.312625606810233,0.2768999486547626,0.0
545,HP,Omen 15-ce006nv,Gaming,17.3,Full HD 1920x1080,Intel Core i7 7700HQ 2.8GHz,12GB,1TB HDD,Nvidia GeForce GTX 1060,Windows 10,2.62kg,1799.0,8.062418213616278,1.2371367973571628,3.0884263942625987
546,Lenovo,Thinkpad E470,Notebook,14.0,IPS Panel Full HD 1920x1080,Intel Core i7 7500U 2.7GHz,8GB,256GB SSD,Nvidia GeForce 940MX,Windows 10,1.87kg,859.0,8.382368360921566,0.7171382172671465,1.5321534933544774
547,Dell,XPS 13,Ultrabook,13.3,Quad HD+ / Touchscreen 3200x1800,Intel Core i7 8550U 1.8GHz,8GB,256GB SSD,Intel UHD Graphics 620,Windows 10,1.2kg,1399.0,8.601043141128907,2.1417864694360986,1.501409832665586
548,Dell,Vostro 5468,Notebook,14.0,Full HD 1920x1080,Intel Core i3 6006U 2GHz,4GB,128GB SSD,Intel HD Graphics 520,Windows 10,1.6kg,735.87,8.14793071880555,1.0761889110662748,0.3785647061275196
549,HP,Envy 13-AB020nr,Ultrabook,13.3,IPS Panel Quad HD+ 3200x1800,Intel Core i7 7500U 2.7GHz,8GB,256GB SSD,Intel HD Graphics 620,Windows 10,1.34kg,1145.0,8.785024776931383,0.8166784526600772,1.5502862705549803
550,Acer,Aspire 7,Gaming,15.6,Full HD 1920x1080,Intel Core i5 7300HQ 2.5GHz,8GB,1TB HDD,Nvidia GeForce GTX 1050,Linux,2.4kg,798.0,10.0,2.065730829653786,0.33585077510985883
551,Asus,VivoBook X540YA-XX519T,Notebook,15.6,1366x768,AMD E-Series 7110 1.8GHz,4GB,500GB HDD,AMD Radeon R2 Graphics,Windows 10,2kg,349.0,7.727325750109139,0.0,0.9689456061507311
552,HP,ProBook 450,Notebook,15.6,Full HD 1920x1080,Intel Core i3 7100U 2.4GHz,4GB,128GB SSD,Intel HD Graphics 620,Windows 10,2.1kg,705.5,8.465437382121507,1.6726121739234991,0.6016806531441528
553,Lenovo,ThinkPad E470,Notebook,14.0,Full HD 1920x1080,Intel Core i5 7200U 2.5GHz,4GB,500GB HDD,Intel HD Graphics 620,Windows 10,1.87kg,785.0,9.43043407305245,1.3729791181893312,0.0
554,Lenovo,V310-15ISK (i5-6200U/4GB/1TB/FHD/No,Notebook,15.6,Full HD 1920x1080,Intel Core i5 6200U 2.3GHz,4GB,1TB HDD,Intel HD Graphics 520,No OS,2.15kg,462.35,9.35089702449894,0.0,0.18680902136922178
555,HP,250 G6,Notebook,15.6,Full HD 1920x1080,Intel Core i3 6006U 2GHz,4GB,500GB HDD,Intel HD Graphics 520,Windows 10,1.86kg,397.0,9.92054539068017,1.7966200221044872,0.0
556,Lenovo,ThinkPad T570,Notebook,15.6,IPS Panel Full HD 1920x1080,Intel Core i7 7500U 2.7GHz,8GB,512GB SSD,Intel HD Graphics 620,Windows 10,1.99kg,1729.0,6.8923392767876805,1.6695631084344784,1.319451921470906
557,Lenovo,IdeaPad 320-15ISK,Notebook,15.6,Full HD 1920x1080,Intel Core i3 6006U 2GHz,4GB,128GB SSD,Intel HD Graphics 520,Windows 10,2.2kg,499.0,9.520748623227265,1.2838465456390562,0.0
558,Dell,Latitude 5580,Notebook,15.6,Full HD 1920x1080,Intel Core i5 7200U 2.5GHz,8GB,256GB SSD,Intel HD Graphics 620,Windows 10,1.9kg,1116.99,8.283913907888868,2.392010158231851,1.6790710812638445
559,Dell,Alienware 17,Gaming,17.3,IPS Panel Full HD 1920x1080,Intel Core i7 7700HQ 2.8GHz,16GB,256GB SSD +  1TB HDD,Nvidia GeForce GTX 1070,Windows 10,4.42kg,2699.0,6.67262227380042,3.72510720826611,5.324516038126011
560,HP,17-X047na (i3-6006U/8GB/1TB/W10),Notebook,17.3,1600x900,Intel Core i3 6006U 2GHz,8GB,1TB HDD,Intel HD Graphics 520,Windows 10,2.65kg,544.15,9.578810936244347,1.7386979784480876,0.8752733174886084
561,HP,ProBook 470,Notebook,17.3,Full HD 1920x1080,Intel Core i7 7500U 2.7GHz,8GB,1TB HDD,Nvidia GeForce 930MX,Windows 10,2.63kg,1280.0,8.403415462993495,1.6666294549875045,1.381463956094075
562,Asus,A541NA-GO342 (N3350/4GB/500GB/Linux),Notebook,15.6,1366x768,Intel Celeron Dual Core N3350 1.1GHz,4GB,500GB HDD,Intel HD Graphics 500,Linux,2kg,224.0,9.586110241448019,0.3153430890778941,0.44911154179057056
563,Mediacom,SmartBook 130,Notebook,13.3,IPS Panel Full HD 1920x1080,Intel Atom x5-Z8350 1.44GHz,4GB,32GB Flash Storage,Intel HD Graphics,Windows 10,1.35kg,255.0,9.47320615998251,0.3449663317764703,0.0
564,Lenovo,IdeaPad 320-17IKB,Notebook,17.3,1600x900,Intel Core i7 7500U 2.7GHz,6GB,128GB SSD +  1TB HDD,Nvidia GeForce 940MX,Windows 10,2.8kg,949.0,8.345936572107174,1.2005698844606925,0.7523365823066152
565,HP,15-bw007nv (A10-9620P/6GB/128GB/Radeon,Notebook,15.6,IPS Panel Full HD 1920x1080,AMD A10-Series A10-9620P 2.5GHz,6GB,128GB SSD,AMD Radeon 530,Windows 10,1.91kg,568.9,9.649063823607278,1.3151445088231843,0.0
566,Dell,Vostro 3568,Notebook,15.6,1366x768,Intel Core i3 6006U 2GHz,4GB,1TB HDD,AMD Radeon R5 M420,Windows 10,2.18kg,617.9,8.914014103107503,1.3839892886780572,0.0
567,Acer,Spin SP111-31,2 in 1 Convertible,11.6,IPS Panel Full HD / Touchscreen 1920x1080,Intel Celeron Dual Core N3350 2.0GHz,4GB,32GB Flash Storage,Intel HD Graphics 500,Windows 10,1.25kg,349.0,9.9364612357281,0.0,0.0
568,Lenovo,V330-15IKB (i3-7130U/4GB/128GB/FHD/W10),Notebook,15.6,Full HD 1920x1080,Intel Core i3 7130U 2.7GHz,4GB,128GB SSD,Intel HD Graphics 620,Windows 10,2.05kg,630.0,10.0,1.813092447467079,0.8960630451006625
569,HP,EliteBook 1030,Ultrabook,13.3,IPS Panel Quad HD+ / Touchscreen 3200x1800,Intel Core M 6Y75 1.2GHz,16GB,512GB SSD,Intel HD Graphics 515,Windows 10,1.16kg,1965.0,7.674114952618772,1.6927912196980428,2.9454858741146706
570,Lenovo,Thinkpad P71,Notebook,17.3,IPS Panel Full HD 1920x1080,Intel Core i7 7700HQ 2.8GHz,8GB,256GB SSD,Nvidia Quadro M620M,Windows 10,3.4kg,2999.0,4.971248684814251,5.593969452924803,4.43515894709359
571,Asus,FX553VD-DM627T (i5-7300HQ/8GB/1TB,Notebook,15.6,Full HD 1920x1080,Intel Core i5 7300HQ 2.5GHz,8GB,128GB SSD +  1TB HDD,Nvidia GeForce GTX 1050,Windows 10,2.5kg,839.0,9.838608268532843,2.023726978660379,0.36576602064088737
572,Dell,XPS 13,Ultrabook,13.3,IPS Panel 4K Ultra HD / Touchscreen 3840x2160,Intel Core i5 8250U 1.6GHz,8GB,128GB SSD,Intel UHD Graphics 620,Windows 10,1.21kg,1599.0,7.268476410443519,1.5322901469670818,2.8916602444872153
573,Dell,Latitude 5580,Notebook,15.6,1366x768,Intel Core i5 7300U 2.6GHz,4GB,500GB HDD,Intel HD Graphics 620,Windows 10,1.93kg,959.0,7.044605857089785,0.9962430844042647,0.2711889788106645
574,Fujitsu,Lifebook A557,Notebook,15.6,1366x768,Intel Core i5 7200U 2.5GHz,8GB,1TB HDD,Intel HD Graphics 620,Windows 10,2.2kg,739.0,8.23994445337578,0.06902276310154676,1.5744088289650757
575,Lenovo,IdeaPad 320-15IAP,Notebook,15.6,Full HD 1920x1080,Intel Pentium Quad Core N4200 1.1GHz,4GB,500GB HDD,Intel HD Graphics 505,Windows 10,2.2kg,344.0,8.216446631955687,0.11498300699264041,0.0
576,Lenovo,ThinkPad L470,Notebook,14.0,1366x768,Intel Core i5 7200U 2.5GHz,4GB,500GB HDD,Intel HD Graphics 620,Windows 10,2.02kg,990.0,8.341574022893536,1.1307877625248248,0.7752669999909897
577,HP,ZBook 17,Workstation,17.3,1600x900,Intel Core i5 7440HQ 2.8GHz,8GB,500GB HDD,Nvidia Quadro M1200,Windows 10,3.14kg,1860.99,7.167494197022528,3.470968932144586,1.6738123538365723
578,HP,14-am079na (N3710/8GB/2TB/W10),Notebook,14.0,1366x768,Intel Pentium Quad Core N3710 1.6GHz,8GB,2TB HDD,Intel HD Graphics 405,Windows 10,1.94kg,389.0,10.0,1.411116195207923,0.0
579,HP,15-cd005nv (A9-9420/6GB/256GB/Radeon,Notebook,15.6,IPS Panel Full HD 1920x1080,AMD A9-Series A9-9420 3GHz,6GB,256GB SSD,AMD Radeon 530,Windows 10,1.95kg,649.0,9.45985413529825,1.918234812345045,1.5819377304954634
580,Lenovo,Thinkpad E570,Notebook,15.6,Full HD 1920x1080,Intel Core i5 7200U 2.5GHz,8GB,256GB SSD,Intel HD Graphics 620,Windows 10,2.3kg,830.0,8.717546581172318,0.657438574517949,1.519675466535756
581,Lenovo,V330-15IKB (i5-8250U/4GB/500GB/FHD/W10),Notebook,15.6,Full HD 1920x1080,Intel Core i5 8250U 1.6GHz,4GB,500GB HDD,Intel HD Graphics 620,Windows 10,2.05kg,685.0,9.801077207562825,0.6950697583883441,1.6451849470063944
582,Mediacom,SmartBook 141,Notebook,14.0,Full HD 1920x1080,Intel Atom x5-Z8350 1.44GHz,4GB,32GB SSD,Intel HD Graphics,Windows 10,1.4kg,249.0,8.10450947431268,0.0,0.5442963152281614
583,Toshiba,Tecra X40-D-10H,Ultrabook,14.0,Full HD / Touchscreen 1920x1080,Intel Core i7 7500U 2.7GHz,16GB,512GB SSD,Intel HD Graphics 620,Windows 10,1.24kg,1865.0,7.3344832076682875,2.2093123856216144,1.97107257599427
584,Lenovo,IdeaPad Y910-17ISK,Gaming,17.3,IPS Panel Full HD 1920x1080,Intel Core i7 6820HK 2.7GHz,32GB,256GB SSD +  1TB HDD,Nvidia GeForce GTX 1070,Windows 10,4.6kg,2663.0,6.415848273253034,4.972725188334507,3.9362125023944947
585,MSI,GT73VR Titan,Gaming,17.3,Full HD 1920x1080,Intel Core i7 7820HK 2.9GHz,16GB,512GB SSD +  1TB HDD,Nvidia GeForce GTX 1070,Windows 10,4.14kg,2729.0,4.504894716456296,5.604702545758417,3.6880769836258613
586,Dell,Inspiron 3567,Notebook,15.6,Full HD 1920x1080,Intel Core i7 7500U 2.7GHz,8GB,256GB SSD,AMD Radeon R5 M430,Linux,2.2kg,749.01,9.944522221907315,0.0,2.03494093588946
587,Mediacom,SmartBook Edge,Notebook,14.0,IPS Panel Full HD 1920x1080,Intel Celeron Quad Core N3450 1.1GHz,4GB,32GB SSD,Intel HD Graphics 500,Windows 10,1.45kg,389.0,9.907927927683296,0.0,0.0
588,Dell,Latitude 5580,Notebook,15.6,1366x768,Intel Core i5 7300U 2.6GHz,8GB,500GB HDD,Intel HD Graphics 620,Windows 10,1.9kg,1008.52,8.259297095039695,1.387347968272521,2.1234307253509512
589,HP,ProBook 430,Notebook,13.3,Full HD 1920x1080,Intel Core i3 7100U 2.4GHz,4GB,128GB SSD,Intel HD Graphics 620,Windows 10,1.49kg,719.0,9.586394269256335,1.1439601506843773,1.6341943197157074
590,Dell,Latitude 5580,Notebook,15.6,Full HD 1920x1080,Intel Core i7 7600U 2.8GHz,16GB,256GB SSD,Nvidia GeForce 930MX,Windows 10,1.93kg,1537.39,9.515474117467146,1.6533973528390544,3.764776330149241
591,Dell,Chromebook 11,Netbook,11.6,1366x768,Intel Celeron Dual Core N3060 1.6GHz,4GB,16GB Flash Storage,Intel HD Graphics 400,Chrome OS,1.26kg,295.0,9.941273594764096,0.5434682448539723,0.0
592,MSI,GT80S 6QE,Gaming,17.3,Full HD 1920x1080,Intel Core i7 6820HK 2.7GHz,16GB,128GB SSD +  1TB HDD,Nvidia GeForce GTX 980M,Windows 10,4.5kg,2349.0,6.527690393090902,3.291814598292634,4.240743803613497
593,HP,Omen 17-AN010nv,Gaming,17.3,IPS Panel Full HD 1920x1080,Intel Core i7 7700HQ 2.8GHz,16GB,256GB SSD +  1TB HDD,Nvidia GeForce GTX 1050,Windows 10,3.78kg,1498.0,7.397912124249661,2.2230373394155203,4.059920625349218
594,Lenovo,Thinkpad T460s,Ultrabook,14.0,IPS Panel Full HD 1920x1080,Intel Core i7 6600U 2.6GHz,12GB,256GB SSD,Intel HD Graphics 520,Windows 10,1.4kg,1673.0,6.790166698520994,2.9669852043101326,2.0358444643602156
595,Lenovo,Ideapad 320-15IKBR,Notebook,15.6,Touchscreen 1366x768,Intel Core i7 8550U 1.8GHz,12GB,1TB HDD,Intel HD Graphics 620,Windows 10,2.2kg,609.0,9.930091438045523,0.7393150310386237,0.0
596,Asus,ROG Strix,Gaming,17.3,IPS Panel Full HD 1920x1080,Intel Core i5 7300HQ 2.5GHz,8GB,128GB SSD +  1TB HDD,Nvidia GeForce GTX 1060,Windows 10,2.73kg,1770.0,6.621462053196956,2.3445621736546944,1.1896628589497384
597,Asus,TP501UA-CJ131T (i5-7200U/8GB/1TB/W10),2 in 1 Convertible,15.6,Touchscreen 1366x768,Intel Core i5 7200U 2.5GHz,8GB,1TB HDD,Intel HD Graphics 520,Windows 10,2.2kg,739.0,9.103666491885217,0.8658986547496307,1.5237561209793604
598,Lenovo,IdeaPad 320-15ABR,Notebook,15.6,Full HD 1920x1080,AMD A12-Series 9720P 3.6GHz,12GB,512GB SSD,AMD Radeon 530,Windows 10,2.2kg,949.0,8.309857164950778,1.2373265102728626,0.0
599,Dell,Inspiron 3179,2 in 1 Convertible,11.6,Touchscreen 1366x768,Intel Core M 7Y30 1.0GHz,4GB,128GB SSD,Intel HD Graphics 615,Windows 10,1.39kg,603.0,9.659133227685722,0.42804180900569033,0.4261953905610542
600,Samsung,Notebook Odyssey,Notebook,15.6,Full HD 1920x1080,Intel Core i7 7700HQ 2.8GHz,16GB,128GB SSD +  1TB HDD,Nvidia GeForce GTX 1050,Windows 10,2.5kg,1699.0,7.693090021782301,2.3668028123135754,2.923690212078426
601,Lenovo,V320-17ISK (i3-6006U/4GB/500GB/FHD/No,Notebook,17.3,Full HD 1920x1080,Intel Core i3 6006U 2GHz,4GB,500GB HDD,Intel HD Graphics 520,No OS,2.8kg,529.0,10.0,1.8780738545472335,0.7472965476073912
602,Lenovo,IdeaPad 110-15ISK,Notebook,15.6,1366x768,Intel Core i3 6100U 2.3GHz,8GB,1TB HDD,Intel HD Graphics 520,Windows 10,2.29kg,459.0,9.110974222688354,0.9297482165808391,0.8213685495751859
603,Lenovo,ThinkPad Yoga,2 in 1 Convertible,13.3,IPS Panel Full HD / Touchscreen 1920x1080,Intel Core i7 7500U 2.7GHz,8GB,512GB SSD,Intel HD Graphics 620,Windows 10,1.37kg,2025.0,6.66004941885391,2.8876663784880643,3.301882517552076
604,Lenovo,Thinkpad T470p,Notebook,14.0,IPS Panel Full HD 1920x1080,Intel Core i5 7300HQ 2.5GHz,8GB,256GB SSD,Intel HD Graphics 630,Windows 10,1.7kg,1474.0,7.022896200369935,2.751656350612808,3.217185477654934
605,Dell,Latitude 5289,2 in 1 Convertible,12.5,Full HD / Touchscreen 1920x1080,Intel Core i5 7200U 2.5GHz,8GB,256GB SSD,Intel HD Graphics 620,Windows 10,1.34kg,1670.0,7.119670877171178,2.2578389229631246,1.763041410176895
606,Dell,Precision 3520,Workstation,15.6,Full HD / Touchscreen 1920x1080,Intel Core i7 7700HQ 2.8GHz,8GB,256GB SSD,Nvidia Quadro M620,Windows 10,2.06kg,1763.0,7.619983854351493,3.6203562501537014,2.140260429317563
607,HP,EliteBook 850,Notebook,15.6,Full HD 1920x1080,Intel Core i7 7500U 2.7GHz,8GB,256GB SSD,Intel HD Graphics 620,Windows 10,1.84kg,1219.0,8.841877813147505,2.0594268339272515,1.145585523952117
608,HP,ProBook 450,Notebook,15.6,1366x768,Intel Core i3 7100U 2.4GHz,4GB,500GB HDD,Intel HD Graphics 620,Windows 10,2.1kg,668.48,8.427702339814017,0.7487236856404987,1.4987188503339701
609,Acer,Aspire 1,Notebook,14.0,Full HD 1920x1080,Intel Celeron Quad Core N3450 1.1GHz,4GB,32GB Flash Storage,Intel HD Graphics 500,Windows 10,1.6kg,329.0,10.0,0.6197769161756482,0.9819222462434771
610,MSI,Laptop MSI,Gaming,17.3,Full HD 1920x1080,Intel Core i7 6820HK 2.7GHz,16GB,128GB SSD +  1TB HDD,Nvidia GeForce GTX 970M,Windows 10,4.14kg,2199.0,7.666788768056619,2.1610205973325423,3.7787017744421485
611,Dell,Vostro 3568,Notebook,15.6,1366x768,Intel Core i3 6006U 2GHz,4GB,1TB HDD,AMD Radeon R5 M420,Linux,2.18kg,465.0,9.839608682072633,0.0,1.4379341740182714
612,MSI,GS63VR 7RF,Gaming,15.6,4K Ultra HD 3840x2160,Intel Core i7 7700HQ 2.8GHz,16GB,256GB SSD +  2TB HDD,Nvidia GeForce GTX 1060,Windows 10,1.8kg,2299.0,7.914938759751094,2.6313578851761146,2.644065196394254
613,Toshiba,Tecra Z50-C-144,Notebook,15.6,IPS Panel Full HD 1920x1080,Intel Core i7 6500U 2.5GHz,8GB,256GB SSD,Intel HD Graphics 520,Windows 10,2.2kg,1399.0,7.313458092193935,2.181865024334172,3.4012898377641165
614,Lenovo,IdeaPad 310-15IKB,Notebook,15.6,Full HD 1920x1080,Intel Core i5 7200U 2.5GHz,6GB,1TB HDD,Intel HD Graphics 620,Windows 10,2.4kg,564.0,8.346048389249601,2.0442398476893393,1.8768187454710725
615,Lenovo,Yoga 720-15IKB,2 in 1 Convertible,15.6,IPS Panel Full HD / Touchscreen 1920x1080,Intel Core i7 7700HQ 2.8GHz,8GB,256GB SSD,Intel HD Graphics 630,Windows 10,2kg,1299.0,6.678289623661388,3.6837742941692957,2.4872317750117876
616,Acer,Swift SF114-31-P5HY,Notebook,14.0,1366x768,Intel Pentium Quad Core N3710 1.6GHz,4GB,128GB Flash Storage,Intel HD Graphics 405,Windows 10,1.6kg,349.0,10.0,0.8057995309416353,1.7207977768058775
617,Lenovo,Thinkpad P51,Notebook,15.6,IPS Panel 4K Ultra HD 3840x2160,Intel Xeon E3-1535M v6 3.1GHz,32GB,1TB SSD,Nvidia Quadro M2200M,Windows 10,2.5kg,4899.0,2.5488089807794485,8.375359124259363,6.649384978161578
618,Dell,Inspiron 7559,Gaming,15.6,Full HD 1920x1080,Intel Core i7 6700HQ 2.6GHz,16GB,1TB HDD,Nvidia GeForce GTX 960<U+039C>,Windows 10,2.59kg,879.01,8.765641967912986,0.0,0.7703317863485282
619,Dell,Vostro 3568,Notebook,15.6,1366x768,Intel Core i3 6006U 2.0GHz,4GB,1TB HDD,Intel HD Graphics 520,Linux,2.18kg,443.9,9.768447474895519,0.021388386373120127,0.0
620,Dell,Inspiron 3567,Notebook,15.6,1366x768,Intel Core i3 6006U 2.0GHz,4GB,1TB HDD,Intel HD Graphics 520,Linux,2.25kg,359.0,8.787372475241469,0.0,0.8894197459257058
621,Dell,Latitude 5580,Notebook,15.6,1366x768,Intel Core i5 7300U 2.6GHz,4GB,500GB HDD,Intel HD Graphics 620,Linux,1.93kg,869.0,10.0,0.6763177019898245,0.3328831889090009
622,Asus,FX753VD-GC007T (i7-7700HQ/8GB/1TB,Gaming,17.3,Full HD 1920x1080,Intel Core i7 7700HQ 2.8GHz,8GB,128GB SSD +  1TB HDD,Nvidia GeForce GTX 1050,Windows 10,3kg,1168.0,8.425739814778494,1.543122075933856,2.2836332502716763
623,Dell,Vostro 3568,Notebook,15.6,Full HD 1920x1080,Intel Core i5 7200U 2.5GHz,4GB,128GB SSD,AMD Radeon R5 M420,Linux,2.18kg,569.0,9.420849169017249,0.28899420450896474,1.7630955818640373
624,HP,EliteBook 850,Ultrabook,15.6,Full HD 1920x1080,Intel Core i7 7500U 2.7GHz,8GB,512GB SSD,Intel HD Graphics 620,Windows 10,1.84kg,1389.0,8.529980387726548,0.4671930630917751,2.606795231459605
625,MSI,GT62VR 7RE,Gaming,15.6,Full HD 1920x1080,Intel Core i7 7700HQ 2.8GHz,16GB,256GB SSD +  1TB HDD,Nvidia GeForce GTX 1070,Windows 10,2.94kg,2267.86,6.850866457119327,4.132269133164069,3.7609417471992432
626,Acer,CB5-132T-C9KK (N3160/4GB/32GB/Chrome,2 in 1 Convertible,11.6,IPS Panel Touchscreen 1366x768,Intel Celeron Quad Core N3160 1.6GHz,4GB,32GB Flash Storage,Intel HD Graphics 400,Chrome OS,1.25kg,379.0,9.83311565824187,0.0,0.0
627,HP,ProBook 650,Notebook,14.0,1366x768,Intel Core i5 7300U 2.6GHz,8GB,256GB SSD,Intel HD Graphics 620,Windows 10,2.31kg,1124.0,7.76424490821759,1.79477301871508,0.9258947545258688
628,Lenovo,ThinkPad T470,Notebook,14.0,Full HD 1920x1080,Intel Core i5 6200U 2.3GHz,8GB,256GB SSD,Intel HD Graphics 520,Windows 7,1.65kg,1465.0,8.198271732122299,3.8381690893864766,3.178598077823831
629,Dell,Inspiron 5570,Notebook,15.6,Full HD 1920x1080,Intel Core i5 8250U 1.6GHz,4GB,1TB HDD,AMD Radeon 530,Windows 10,2.2kg,776.0,10.0,0.28052608200512275,1.6395129583985275
630,Fujitsu,LifeBook A557,Notebook,15.6,1366x768,Intel Core i5 7200U 2.5GHz,8GB,256GB SSD,Intel HD Graphics 620,Windows 10,2.2kg,799.0,10.0,0.0,1.0236367051730701
631,HP,EliteBook 850,Notebook,15.6,1366x768,Intel Core i5 6200U 2.3GHz,4GB,500GB HDD,Intel HD Graphics 520,Windows 7,1.88kg,932.0,9.99522440679675,1.0505215170106792,0.9449972579020555
632,Lenovo,IdeaPad 320-15IKB,Notebook,15.6,Full HD 1920x1080,Intel Core i7 7500U 2.7GHz,8GB,1TB HDD,Nvidia GeForce 920MX,Windows 10,2.2kg,899.0,8.36739876687193,2.1043963999819795,0.0
633,Mediacom,SmartBook 140,Notebook,14.0,Full HD 1920x1080,Intel Atom x5-Z8350 1.44GHz,2GB,32GB Flash Storage,Intel HD Graphics,Windows 10,1.4kg,239.0,9.098611502442925,1.676382604726686,0.0
634,Lenovo,IdeaPad 320-15IKBN,Notebook,15.6,Full HD 1920x1080,Intel Core i5 7200U 2.5GHz,4GB,128GB SSD,Intel HD Graphics 620,No OS,2.2kg,468.0,9.40316793227471,0.0,2.0253378013573484
635,Asus,Q304UA-BHI5T11 (i5-7200U/6GB/1TB/FHD/W10),2 in 1 Convertible,13.3,Full HD / Touchscreen 1920x1080,Intel Core i5 7200U 2.5GHz,6GB,1TB HDD,Intel HD Graphics 620,Windows 10,1.5kg,639.01,9.259752925611547,1.1821863828086268,0.0
636,Dell,XPS 15,Notebook,15.6,Full HD 1920x1080,Intel Core i7 7700HQ 2.8GHz,8GB,256GB SSD,Nvidia GeForce GTX 1050,Windows 10,2kg,1820.0,8.0972941430468,2.405810706305915,2.9296429287068224
637,Asus,ZenBook 3,Ultrabook,14.0,Full HD 1920x1080,Intel Core i7 7500U 2.7GHz,16GB,512GB SSD,Intel HD Graphics 620,Windows 10,1.1kg,1900.0,5.732948127451773,2.828321485333063,3.71903534733253
639,Dell,Inspiron 7567,Gaming,15.6,Full HD 1920x1080,Intel Core i7 7700HQ 2.8GHz,16GB,256GB SSD +  1TB HDD,Nvidia GeForce GTX 1050 Ti,Windows 10,2.62kg,1479.0,9.021108609998869,4.318006323183248,1.1985935111677863
640,Lenovo,V330-15IKB (i5-8250U/4GB/256GB/FHD/W10),Notebook,15.6,Full HD 1920x1080,Intel Core i5 8250U 1.6GHz,4GB,256GB SSD,Intel UHD Graphics 620,Windows 10,1.8kg,829.0,8.768108449069299,0.0,1.2532536118923772
641,Lenovo,Ideapad 320-15ISK,Notebook,15.6,Full HD 1920x1080,Intel Core i3 6006U 2GHz,4GB,1TB HDD,Nvidia GeForce 920MX ,Windows 10,2.2kg,579.0,8.974950840244595,0.8865360329931272,1.4338767338059926
642,Asus,X541NA-GO414T (N3350/8GB/1TB/W10),Notebook,15.6,1366x768,Intel Celeron Dual Core N3350 1.1GHz,8GB,1TB HDD,Intel HD Graphics 500,Windows 10,2kg,399.0,8.810569664348828,0.7539013728553845,0.3897462929688383
643,Asus,VivoBook Pro,Notebook,15.6,Full HD 1920x1080,Intel Core i5 7300HQ 2.5GHz,8GB,1TB HDD,Nvidia GeForce GTX 1050,Windows 10,1.99kg,906.62,7.439625211030592,2.105118511428271,3.531211896010208
644,Dell,XPS 13,Ultrabook,13.3,Quad HD+ / Touchscreen 3200x1800,Intel Core i5 8250U 1.6GHz,8GB,256GB SSD,Intel UHD Graphics 620,Windows 10,1.23kg,1869.0,7.797776973498646,2.9391460164476024,1.52588008656833
645,Lenovo,IdeaPad 100S-14IBR,Notebook,14.0,1366x768,Intel Celeron Dual Core N3060 1.6GHz,2GB,32GB Flash Storage,Intel HD Graphics 400,Windows 10,1.42kg,249.0,9.932072095269712,0.37302271008429455,0.9735651023881158
646,Lenovo,Thinkpad Yoga,2 in 1 Convertible,13.3,IPS Panel Full HD / Touchscreen 1920x1080,Intel Core i7 7500U 2.7GHz,8GB,256GB SSD,Intel HD Graphics 620,Windows 10,1.37kg,1757.42,6.295592461641755,2.359119964627968,2.5341974286482296
647,Dell,XPS 15,Notebook,15.6,4K Ultra HD / Touchscreen 3840x2160,Intel Core i7 7700HQ 2.8GHz,16GB,1TB SSD,Nvidia GeForce GTX 1050,Windows 10,2.06kg,2399.0,5.208662720745731,3.970575814599462,4.372810385472716
648,Lenovo,Legion Y520-15IKBN,Gaming,15.6,IPS Panel Full HD 1920x1080,Intel Core i7 7700HQ 2.8GHz,8GB,128GB SSD +  1TB HDD,Nvidia GeForce GTX 1050M,Windows 10,2.5kg,1109.0,8.153313168837938,1.3035052513320293,1.9311047930893546
649,HP,17-AK091ND (A9-9420/8GB/1TB/W10),Notebook,17.0,1600x900,AMD A9-Series 9420 3GHz,8GB,1TB HDD,AMD Radeon R5,Windows 10,2.6kg,520.9,10.0,1.0827427439523514,0.0
650,Lenovo,ThinkPad X1,Ultrabook,14.0,IPS Panel Full HD 1920x1080,Intel Core i7 7500U 2.7GHz,16GB,512GB SSD,Intel HD Graphics 620,Windows 10,1.14kg,2450.0,5.9509767079386515,3.545661942135557,4.024547324937936
651,Asus,ROG GL553VE-FY022,Gaming,15.6,IPS Panel Full HD 1920x1080,Intel Core i7 7700HQ 2.8GHz,8GB,1TB HDD,Nvidia GeForce GTX 1050 Ti,No OS,2.5kg,1169.0,7.118160742990748,1.9810052096365172,0.19300373339613808
652,Acer,Extensa EX2540,Notebook,15.6,1366x768,Intel Core i3 6006U 2GHz,4GB,500GB HDD,Intel HD Graphics 520,Windows 10,2.4kg,450.0,9.337582763921118,0.44241253386214385,0.9484207852672416
653,Lenovo,IdeaPad 100S-14IBR,Notebook,14.0,1366x768,Intel Celeron Dual Core N3060 1.6GHz,4GB,32GB Flash Storage,Intel HD Graphics,Windows 10,1.43kg,274.0,9.613044772893847,1.0696165719257513,0.4073031441004374
654,Acer,Swift 3,Ultrabook,14.0,IPS Panel Full HD 1920x1080,Intel Core i5 7200U 2.5GHz,8GB,256GB SSD,Intel Graphics 620,Windows 10,1.8kg,919.0,6.585106719402017,1.216268987373937,1.768312101159208
655,Razer,Blade Pro,Gaming,14.0,Full HD 1920x1080,Intel Core i7 7700HQ 2.8GHz,16GB,256GB SSD,Nvidia GeForce GTX 1060,Windows 10,1.95kg,2599.0,5.863737102566341,2.6744010296539042,4.93932166428913
656,Toshiba,Portege Z30-C-16J,Notebook,13.3,Full HD 1920x1080,Intel Core i5 6200U 2.3GHz,8GB,256GB SSD,Intel HD Graphics 520,Windows 10,1.2kg,1213.0,8.061665877942762,2.763123698461489,2.047682370058064
657,Lenovo,Thinkpad X270,Ultrabook,12.5,IPS Panel Full HD 1920x1080,Intel Core i7 7500U 2.7GHz,8GB,256GB SSD,Intel HD Graphics 620,Windows 10,1.36kg,1584.0,8.177218256407697,1.6551609947529426,2.498218371281659
658,Asus,ROG G701VI,Gaming,17.3,IPS Panel Full HD 1920x1080,Intel Core i7 6820HK 2.7GHz,32GB,512GB SSD,Nvidia GeForce GTX 1080,Windows 10,3.8kg,2799.0,7.0487851291208345,3.9073666759163865,3.7255250775064086
659,Acer,A715-71G-59DH (i5-7300HQ/8GB/1TB/GeForce,Gaming,15.6,Full HD 1920x1080,Intel Core i5 7300HQ 2.5GHz,8GB,1TB HDD,Nvidia GeForce GTX 1050,Linux,2.4kg,709.0,9.998298437140315,0.42642455126309664,0.33317697557864956
660,Dell,XPS 13,Ultrabook,13.3,Full HD 1920x1080,Intel Core i5 8250U 1.6GHz,8GB,256GB SSD,Intel UHD Graphics 620,Windows 10,1.2kg,1449.9,7.631471326037148,3.252968196055642,3.1028054176608526
661,MSI,GL62M 7REX,Gaming,15.6,Full HD 1920x1080,Intel Core i7 7700HQ 2.8GHz,8GB,128GB SSD +  1TB HDD,Nvidia GeForce GTX 1050 Ti,Windows 10,2.2kg,1191.8,7.396973365833669,0.009266535990039237,2.8668742317377784
662,HP,250 G6,Notebook,15.6,1366x768,Intel Core i3 6006U 2GHz,4GB,500GB HDD,Intel HD Graphics 520,No OS,1.86kg,364.9,10.0,2.8323929197549997,0.1317057437773609
663,Toshiba,Tecra A50-D-11M,Notebook,15.6,IPS Panel Full HD 1920x1080,Intel Core i5 7200U 2.5GHz,8GB,500GB HDD,Intel HD Graphics 620,Windows 10,2.0kg,1064.0,8.54526504257024,2.346955151894192,1.5389119024439695
664,Dell,Inspiron 5570,Notebook,15.6,Full HD 1920x1080,Intel Core i7 8550U 1.8GHz,8GB,256GB SSD,AMD Radeon 530,Windows 10,2.2kg,919.0,8.753759467285631,1.4359750975480536,0.533692466249713
665,Dell,Inspiron 5570,Notebook,15.6,Full HD 1920x1080,Intel Core i7 8550U 1.8GHz,16GB,256GB SSD +  2TB HDD,AMD Radeon 530,Windows 10,2.2kg,1135.0,8.358759002041955,1.578025727777013,2.5601464044839983
666,Lenovo,IdeaPad Y700-15ISK,Gaming,15.6,IPS Panel Full HD 1920x1080,Intel Core i7 6700HQ 2.6GHz,8GB,128GB SSD +  1TB HDD,Nvidia GeForce GTX 960,Windows 10,3.31kg,1196.0,8.433573293846353,1.9533377746540581,2.2572279737213554
667,Dell,Alienware 17,Gaming,17.3,IPS Panel 4K Ultra HD 3840x2160,Intel Core i7 7700HQ 2.8GHz,32GB,512GB SSD +  1TB HDD,Nvidia GeForce GTX 1070,Windows 10,4.42kg,3147.37,4.866165678899664,5.435243934264652,6.571319940732181
668,Dell,Latitude E7470,Notebook,14.0,Full HD 1920x1080,Intel Core i5 6300U 2.4GHz,8GB,256GB SSD,Intel HD Graphics 520,Windows 10,1.56kg,1229.0,7.7604796771962326,2.2967631860596236,1.0779322555557869
669,Lenovo,Ideapad 320-15IAP,Notebook,15.6,1366x768,Intel Celeron Dual Core N3350 1.1GHz,4GB,500GB HDD,Intel HD Graphics 500,Windows 10,2.2kg,419.0,9.149010737303046,0.8579856825074001,0.11109579049006763
670,Lenovo,IdeaPad 320-15ISK,Notebook,15.6,Full HD 1920x1080,Intel Core i5 6200U 2.3GHz,4GB,500GB HDD,Intel HD Graphics 520,Windows 10,2.2kg,535.0,9.36451468340526,0.68094724542614,0.7944394384423988
671,HP,15-ay047nv (i3-6006U/6GB/1TB/Radeon,Notebook,15.6,1920x1080,Intel Core i3 6006U 2GHz,6GB,1TB HDD,AMD Radeon R5 M430,Windows 10,2.04kg,539.0,8.949226427818727,0.45816301902840073,1.1332253854548782
672,MSI,GP72VR Leopard,Gaming,17.3,Full HD 1920x1080,Intel Core i7 7700HQ 2.8GHz,8GB,128GB SSD +  1TB HDD,Nvidia GeForce GTX 1060,Windows 10,2.7kg,1486.77,7.214077804238016,2.0946269426974435,2.043111459582147
673,Toshiba,Satellite Pro,Notebook,15.6,1366x768,Intel Core i3 6100U 2.1GHz,4GB,128GB SSD,Intel HD Graphics 520,Windows 10,2.1kg,498.0,9.538308739115541,0.3909088187558299,0.0
674,Dell,Latitude 3580,Notebook,15.6,Full HD 1920x1080,Intel Core i5 7200U 2.5GHz,8GB,1TB HDD,Intel HD Graphics 620,Windows 10,2.06kg,955.0,8.477874766147703,2.2251595374092634,2.023269483054469
675,HP,15-bs012nv (i7-7500U/8GB/1TB/Radeon,Notebook,15.6,Full HD 1920x1080,Intel Core i7 7500U 2.7GHz,8GB,1TB HDD,AMD Radeon 530,Windows 10,2.1kg,745.0,10.0,1.4385584579934658,1.5406213702052418
676,Toshiba,Tecra Z50-D-10E,Notebook,15.6,IPS Panel Full HD 1920x1080,Intel Core i5 7200U 2.5GHz,8GB,256GB SSD,Intel HD Graphics 620,Windows 10,2.0kg,1258.0,6.049688288306688,0.0,1.0965165845279228
677,Acer,Aspire 3,Notebook,15.6,1366x768,Intel Core i3 6006U 2GHz,4GB,128GB SSD,Intel HD Graphics 520,Linux,2.1kg,412.0,10.0,0.9264083849368889,1.486042004597477
678,Microsoft,Surface Laptop,Ultrabook,13.5,Touchscreen 2256x1504,Intel Core i7 7600U 2.8GHz,8GB,256GB SSD,Intel Iris Plus Graphics 640,Windows 10 S,1.252kg,1867.85,8.138049588597259,3.0146075211758636,3.7949775327581268
679,Lenovo,V310-15ISK (i5-7200U/8GB/1TB,Notebook,15.6,Full HD 1920x1080,Intel Core i5 7200U 2.5GHz,8GB,128GB SSD +  1TB HDD,AMD Radeon R5 M430,Windows 10,1.90kg,817.95,7.254452371035505,1.0718684378812569,1.194272640836209
680,Lenovo,Yoga 720-13IKB,2 in 1 Convertible,13.3,IPS Panel Full HD / Touchscreen 1920x1080,Intel Core i5 7200U 2.5GHz,8GB,256GB SSD,Intel HD Graphics 620,Windows 10,1.3kg,1034.0,8.274373131486776,1.1406620307778363,1.515155083149774
681,Lenovo,IdeaPad 320-15AST,Notebook,15.6,1366x768,AMD E-Series E2-9000 2.2GHz,4GB,128GB SSD,AMD Radeon R2 Graphics,Windows 10,2.2kg,349.0,9.407488657414337,1.1946488257778403,0.7386048666817553
682,HP,Pavilion X360,2 in 1 Convertible,14.0,IPS Panel Full HD / Touchscreen 1920x1080,Intel Core i3 7100U 2.4GHz,4GB,128GB SSD,Nvidia GeForce 940MX,Windows 10,1.63kg,699.0,7.987914694858653,1.644097119065375,0.1967134931620821
683,MSI,GP62 7RDX,Gaming,15.6,Full HD 1920x1080,Intel Core i7 7700HQ 2.8GHz,16GB,256GB SSD +  1TB HDD,Nvidia GeForce GTX 1050,Windows 10,2.4kg,1294.0,7.487451291277511,1.2719932243909016,1.9143205419810547
684,Asus,Zenbook 3,Ultrabook,14.0,Full HD 1920x1080,Intel Core i5 7200U 2.5GHz,8GB,256GB SSD,Intel HD Graphics 620,Windows 10,1.1kg,1135.0,7.489598395357294,1.9475827579696705,0.0
685,HP,Chromebook X360,2 in 1 Convertible,11.6,Touchscreen 1366x768,Intel Celeron Dual Core N3350 1.1GHz,8GB,64GB Flash Storage,Intel HD Graphics 500,Chrome OS,1.4kg,495.0,10.0,0.0,1.2429366683010827
686,LG,Gram 15Z975,Ultrabook,15.6,IPS Panel Full HD 1920x1080,Intel Core i7 8550U 1.8GHz,8GB,512GB SSD,Intel HD Graphics 620,Windows 10,1.09kg,2299.0,7.16204482422261,2.4828033584642144,2.337303312341871
687,Acer,Aspire VX5-591G,Gaming,15.6,Full HD 1920x1080,Intel Core i5 7300HQ 2.5GHz,16GB,256GB SSD,Nvidia GeForce GTX 1050 Ti,Windows 10,2.5kg,1299.0,9.118509898780138,1.3973603975432178,3.1014700399583894
688,MSI,GV62M 7RD,Gaming,15.6,Full HD 1920x1080,Intel Core i5 7300HQ 2.5GHz,8GB,256GB SSD,Nvidia GeForce GTX 1050,Windows 10,2.2kg,997.9,9.186789128027836,2.080463301112958,1.126452448033591
689,Asus,L502NA-GO052T (N3350/4GB/128GB/W10),Notebook,15.6,1366x768,Intel Celeron Dual Core N3350 1.1GHz,4GB,128GB SSD,Intel HD Graphics 500,Windows 10,1.86kg,419.0,8.683256473321576,1.1760021460055108,0.2441685241596999
690,Dell,Alienware 15,Gaming,15.6,Full HD 1920x1080,Intel Core i5 7300HQ 2.5GHz,16GB,128GB SSD +  1TB HDD,Nvidia GeForce GTX 1060,Windows 10,3.21kg,2051.0,6.412451297524704,3.578400825529311,2.6657453645838722
691,HP,17-bs000nv I3,Notebook,17.3,IPS Panel Full HD 1920x1080,Intel Core i3 6006U 2GHz,4GB,256GB SSD,AMD Radeon R5 520,Windows 10,2.5kg,699.0,9.505423699615244,1.4661525788454863,0.6556448502294275
692,Lenovo,Yoga 730,2 in 1 Convertible,13.3,IPS Panel Full HD / Touchscreen 1920x1080,Intel Core i7 8550U 1.8GHz,8GB,512GB SSD,Intel UHD Graphics 620,Windows 10,1.19kg,1499.0,6.786010833055221,2.64922954952319,3.3711119959496525
693,Dell,Alienware 15,Gaming,15.6,Full HD 1920x1080,Intel Core i7 7820HK 2.9GHz,16GB,256GB SSD +  1TB HDD,Nvidia GeForce GTX 1070,Windows 10,3.49kg,2813.75,6.115124482534536,3.9420889854250136,2.4650273363753117
694,HP,250 G6,Notebook,15.6,1366x768,Intel Core i5 7200U 2.5GHz,4GB,500GB HDD,AMD Radeon 520,Windows 10,1.86kg,612.61,9.067469639279398,1.0858080779332453,1.761842351064643
695,Dell,Inspiron 3567,Notebook,15.6,1366x768,Intel Core i3 6006U 2GHz,4GB,1TB HDD,AMD Radeon R5 M430,Windows 10,2.2kg,545.67,9.072852214719815,1.267618759422652,0.8977099241218729
696,HP,17-Y002nv (A10-9600P/6GB/2TB/Radeon,Notebook,17.3,IPS Panel Full HD 1920x1080,AMD A10-Series 9600P 2.4GHz,6GB,2TB HDD,AMD Radeon R7 M440,Windows 10,2.65kg,569.0,9.902101307896126,1.2700997305175261,0.0
697,Lenovo,V110-15ISK (3855U/4GB/500GB/W10),Notebook,15.6,1366x768,Intel Celeron Dual Core 3855U 1.6GHz,4GB,500GB HDD,Intel HD Graphics 510,Windows 10,2.1kg,318.0,10.0,1.1941686718632587,0.0
698,Acer,Chromebook 14,Notebook,14.0,1366x768,Intel Celeron Dual Core 3855U 1.6GHz,4GB,32GB Flash Storage,Intel HD Graphics 510,Chrome OS,1.45kg,375.0,9.371986561015621,0.9058835840899649,1.6803549280956764
699,Lenovo,IdeaPad 520s-14IKB,Notebook,14.0,Full HD 1920x1080,Intel Core i5 7200U 2.5GHz,4GB,256GB SSD,Intel HD Graphics 620,Windows 10,1.7kg,699.0,10.0,1.167234515400355,0.12967044541290362
700,HP,ZBook 17,Workstation,17.3,Full HD 1920x1080,Intel Core i7 7700HQ 2.8GHz,8GB,500GB HDD,Nvidia Quadro M1200,Windows 10,3.14kg,1907.99,6.2085839370762015,3.7826855914970237,2.003884992367114
701,Lenovo,ThinkPad X1,2 in 1 Convertible,14.0,Touchscreen 2560x1440,Intel Core i7 7500U 2.7GHz,8GB,256GB SSD,Intel HD Graphics 620,Windows 10,1.42kg,2590.0,6.415111354753723,4.0564201234024395,4.987488764693471
702,Toshiba,Satellite Pro,Notebook,13.3,IPS Panel Full HD 1920x1080,Intel Core i5 7200U 2.5GHz,8GB,256GB SSD,Intel HD Graphics 620,Windows 10,1.5kg,973.0,9.125957799623652,0.6430234857688808,1.6193655077797864
703,Acer,TravelMate B117-M,Netbook,11.6,1366x768,Intel Celeron Dual Core N3050 1.6GHz,4GB,32GB Flash Storage,Intel HD Graphics,Windows 10,1.4kg,269.0,9.592025295806192,0.029883981587604913,0.0
704,Lenovo,Yoga 910-13IKB,2 in 1 Convertible,14.0,Full HD / Touchscreen 1920x1080,Intel Core i7 7500U 2.7GHz,16GB,512GB SSD,Intel HD Graphics 620,Windows 10,1.38kg,1749.0,7.602678569692428,2.0623057322561067,2.831527828424961
705,Asus,Chromebook Flip,2 in 1 Convertible,12.5,Full HD / Touchscreen 1920x1080,Intel Core M M3-6Y30 0.9GHz,4GB,64GB Flash Storage,Intel HD Graphics 515,Chrome OS,1.2kg,669.0,8.163666100917073,0.29530041799517825,0.01484089106246167
706,Toshiba,Portege Z30T-C-133,Ultrabook,13.3,Full HD / Touchscreen 1920x1080,Intel Core i7 6500U 2.5GHz,16GB,512GB SSD,Intel HD Graphics 520,Windows 10,1.36kg,1877.0,7.864960011989993,2.7586466668031133,3.7549187221136116
707,HP,15-bs011nv (i7-7500U/4GB/500GB/Radeon,Notebook,15.6,IPS Panel Full HD 1920x1080,Intel Core i7 7500U 2.7GHz,4GB,500GB HDD,AMD Radeon 530,Windows 10,2.1kg,689.0,8.982879978609322,0.23526237543631778,1.7182950841347937
708,Dell,Inspiron 5577,Gaming,15.6,Full HD 1920x1080,Intel Core i5 7300HQ 2.5GHz,8GB,1TB HDD,Nvidia GeForce GTX 1050,Windows 10,2.56kg,819.0,8.493213988648058,0.8422383712254766,1.5142125539942635
709,Lenovo,IdeaPad 320-15AST,Notebook,15.6,Full HD 1920x1080,AMD A9-Series 9420 2.9GHz,4GB,256GB SSD,AMD Radeon 530,Windows 10,2.2kg,399.0,10.0,0.0,0.6690756844406514
710,Lenovo,IdeaPad 320-15ABR,Notebook,15.6,1366x768,AMD A12-Series 9720P 3.6GHz,8GB,1TB HDD,AMD Radeon R7,Windows 10,2.2kg,429.0,9.00614530073035,0.6010147127337939,1.8393302467293422
711,Lenovo,V310-15IKB (i5-7200U/4GB/1TB/FHD/W10),Notebook,15.6,Full HD 1920x1080,Intel Core i5 7200U 2.5GHz,4GB,1TB HDD +  1TB HDD,Intel HD Graphics 620,Windows 10,2.1kg,621.45,8.118041089491431,0.756154253707501,0.7549389353283018
712,Lenovo,V310-15ISK (i3-6006U/4GB/500GB/No,Notebook,15.6,1366x768,Intel Core i3 6006U 2GHz,4GB,500GB HDD,Intel HD Graphics 520,No OS,1.90kg,450.0,8.288873876370749,0.0,0.0
713,Dell,Vostro 5568,Notebook,15.6,Full HD 1920x1080,Intel Core i5 7200U 2.5GHz,8GB,256GB SSD,Intel HD Graphics 620,Windows 10,2.18kg,795.0,9.436706695253726,1.575497800568709,1.4076803960886304
714,Acer,Spin 5,2 in 1 Convertible,13.3,IPS Panel Full HD / Touchscreen 1920x1080,Intel Core i5 8250U 1.6GHz,8GB,256GB SSD,Intel UHD Graphics 620,Windows 10,1.6kg,999.0,7.583251454711834,2.1424611733923857,3.06124270292083
715,Lenovo,ThinkPad P51s,Workstation,15.6,Full HD 1920x1080,Intel Core i7 6500U 2.5GHz,16GB,512GB SSD,Nvidia Quadro M520M,Windows 7,2.18kg,1855.0,8.566704543899728,1.5510829101925845,2.025323207139082
716,Lenovo,Thinkpad T460p,Notebook,14.0,Full HD 1920x1080,Intel Core i5 6300HQ 2.3GHz,8GB,256GB SSD,Intel HD Graphics 520,Windows 10,1.8kg,1191.0,6.61800077749049,1.10627587334956,1.427285482847343
717,HP,17-ak002nv (A10-9620P/6GB/2TB/Radeon,Notebook,17.3,IPS Panel Full HD 1920x1080,AMD A10-Series 9620P 2.5GHz,6GB,2TB HDD,AMD Radeon 530,Windows 10,2.71kg,655.01,10.0,0.19651734379885333,1.144988054109854
718,Lenovo,Legion Y520-15IKBN,Gaming,15.6,IPS Panel Full HD 1920x1080,Intel Core i7 7700HQ 2.8GHz,8GB,128GB SSD +  1TB HDD,Nvidia GeForce GTX 1050 Ti,Windows 10,2.5kg,1249.0,8.354467982200914,1.0624235106740896,1.77122211235659
719,Dell,Latitude 5480,Notebook,14.0,Full HD 1920x1080,Intel Core i5 7440HQ 2.8GHz,8GB,256GB SSD,Nvidia GeForce 930MX,Linux,1.64kg,1089.0,8.378325713035332,2.207883671013753,0.7584609331665025
720,Dell,Vostro 5568,Notebook,15.6,Full HD 1920x1080,Intel Core i5 7200U 2.5GHz,8GB,1TB HDD,Intel HD Graphics 620,Linux,1.98kg,726.0,8.632419160932587,0.7765846586020103,1.82913185460463
721,Asus,VivoBook E403NA,Notebook,14.0,Full HD 1920x1080,Intel Celeron Dual Core N3350 1.1GHz,4GB,32GB Flash Storage,Intel HD Graphics 500,Windows 10,1.5kg,298.0,10.0,0.0,2.0653152780357487
722,Dell,Latitude 5580,Notebook,15.6,Full HD 1920x1080,Intel Core i5 7300U 2.6GHz,16GB,512GB SSD,Intel HD Graphics 620,Windows 10,1.93kg,1426.66,7.855698145233117,0.5111042013016018,2.2710992600461304
723,Lenovo,Thinkpad E470,Notebook,14.0,IPS Panel Full HD 1920x1080,Intel Core i5 7200U 2.5GHz,8GB,256GB SSD,Nvidia GeForce 920MX,Windows 10,1.87kg,857.07,9.729780746119545,1.6611951836610523,0.42960612770487083
724,Dell,Latitude 5580,Notebook,15.6,Full HD 1920x1080,Intel Core i5 7300U 2.6GHz,8GB,256GB SSD,Intel HD Graphics 620,Windows 10,1.9kg,1179.0,8.395179587284062,0.7047958157627915,0.4570341116027894
725,Lenovo,110-15ACL (A6-7310/4GB/500GB/W10),Notebook,15.6,1366x768,AMD A6-Series 7310 2GHz,4GB,500GB HDD,AMD Radeon R4,Windows 10,2.19kg,298.0,9.910958708747561,0.2572288046350035,0.41566348539888565
726,Mediacom,Smartbook 142,Notebook,14.0,IPS Panel Full HD 1920x1200,Intel Atom Z8350 1.92GHz,4GB,32GB HDD,Intel HD Graphics 400,Windows 10,1.4kg,265.0,9.55552373233862,0.37548804825684867,1.0366883725433016
727,HP,ProBook 470,Notebook,17.3,Full HD 1920x1080,Intel Core i7 7500U 2.7GHz,8GB,256GB SSD,Nvidia GeForce 930MX,Windows 10,2.63kg,1200.0,8.222797931402894,2.820172446291174,2.1117797668165585
728,Lenovo,ThinkPad X1,Ultrabook,14.0,IPS Panel Quad HD+ 2560x1440,Intel Core i7 6500U 2.5GHz,8GB,512GB SSD,Intel HD Graphics 520,Windows 10,1.17kg,1686.64,7.69326251216006,1.5059225836582968,2.5510558302185036
729,HP,Pavilion X360,2 in 1 Convertible,13.3,IPS Panel Touchscreen 1366x768,Intel Core i5 7200U 2.5GHz,8GB,256GB SSD,Intel HD Graphics 620,Windows 10,1.58kg,836.6,7.513553049587779,0.0,0.6468949148554748
730,Lenovo,ThinkPad T470s,Ultrabook,14.0,IPS Panel Full HD 1920x1080,Intel Core i5 7200U 2.5GHz,8GB,256GB SSD,Intel HD Graphics 620,Windows 10,1.32kg,1499.0,6.685164742484207,2.383366555634179,1.3625560136567516
731,Dell,Alienware 17,Gaming,17.3,4K Ultra HD 3840x2160,Intel Core i7 7700HQ 2.8GHz,32GB,1TB SSD +  1TB HDD,Nvidia GeForce GTX 1070,Windows 10,4.36kg,3659.4,4.712079629648551,7.322940590778304,6.5503327066295265
732,MSI,GL72M 7REX,Gaming,17.3,Full HD 1920x1080,Intel Core i7 7700HQ 2.8GHz,8GB,128GB SSD +  1TB HDD,Nvidia GeForce GTX 1050 Ti,Windows 10,2.7kg,1348.48,8.154447624763957,2.9734018080899465,2.713262022846865
733,Lenovo,V310-15IKB (i5-7200U/4GB/1TB/No,Notebook,15.6,1366x768,Intel Core i5 7200U 2.5GHz,4GB,1TB HDD,Intel HD Graphics 620,No OS,1.9kg,489.9,9.319648773955832,0.7008920891817259,0.0
734,Dell,Inspiron 5570,Notebook,15.6,Full HD 1920x1080,Intel Core i5 8250U 1.6GHz,8GB,128GB SSD +  1TB HDD,AMD Radeon 530,Windows 10,2.2kg,719.0,9.094915922823622,0.526522275123054,2.1917024061732393
735,Dell,Inspiron 5378,2 in 1 Convertible,13.3,Full HD / Touchscreen 1920x1080,Intel Core i3 7100U 2.4GHz,4GB,1TB HDD,Intel HD Graphics 620,Windows 10,1.71kg,649.0,9.476377600576257,1.4473858410229286,1.2609447404282812
736,Dell,Inspiron 5567,Notebook,15.6,1366x768,Intel Core i5 7200U 2.5GHz,8GB,1TB HDD,AMD Radeon R7 M445,Linux,2.32kg,589.52,8.86689267769344,0.0,1.8209752941757065
737,HP,15-BW037na (A9-9420/4GB/1TB/Radeon,Notebook,15.6,Full HD 1920x1080,AMD A9-Series 9420 3GHz,4GB,1TB HDD,AMD Radeon 520,Windows 10,2.1kg,489.0,8.845710650057898,0.9127317851052286,0.0
738,Acer,Predator 17,Gaming,17.3,IPS Panel Full HD 1920x1080,Intel Core i7 6700HQ 2.6GHz,16GB,128GB SSD +  1TB HDD,Nvidia GeForce GTX 1060,Windows 10,4.2kg,1935.0,7.1845243053439685,3.3765280260674784,1.8794925744018258
739,Dell,Inspiron 3567,Notebook,15.6,1366x768,Intel Core i5 7200U 2.5GHz,12GB,1TB HDD,Intel HD Graphics 620,Windows 10,2.25kg,649.0,8.415614014194894,1.649855689712184,0.6825123158992428
740,HP,15-BW091ND (A9-9420/6GB/1TB,Notebook,15.6,Full HD 1920x1080,AMD A9-Series A9-9420 3GHz,6GB,128GB SSD +  1TB HDD,AMD Radeon 520,Windows 10,2.1kg,650.0,9.523226677145416,3.011103558555022,1.2056030689423156
741,Acer,Extensa EX2540-58KR,Notebook,15.6,1366x768,Intel Core i5 7200U 2.5GHz,4GB,500GB HDD,Intel HD Graphics 620,Windows 10,2.4kg,559.0,7.988144087073862,0.9637218032788786,2.0868776878774358
742,Lenovo,ThinkPad 13,Notebook,13.3,IPS Panel Full HD 1920x1080,Intel Core i5 7200U 2.5GHz,8GB,256GB SSD,Intel HD Graphics 620,Windows 10,1.44kg,960.0,9.496742231379502,0.9194113779150136,1.891445409533118
743,Lenovo,V310-15IKB (i7-7500U/4GB/1TB/FHD/W10),Notebook,15.6,Full HD 1920x1080,Intel Core i7 7500U 2.7GHz,4GB,1TB HDD,Intel HD Graphics 620,Windows 10,1.85kg,779.0,9.356980939516934,1.0006375966599066,0.8269520249638754
744,HP,ZBook 15,Workstation,15.6,Full HD 1920x1080,Intel Core i7 7700HQ 2.8GHz,16GB,256GB SSD,Nvidia Quadro M2200,Windows 10,2.6kg,2419.0,6.415794251586123,2.373768811953684,2.967934169732265
745,Dell,Inspiron 5379,2 in 1 Convertible,13.3,Full HD / Touchscreen 1920x1080,Intel Core i5 8250U 1.6GHz,8GB,1TB HDD,Intel UHD Graphics 620,Windows 10,1.55kg,659.0,9.967587386312529,0.2627948959726353,1.802565859019202
746,MSI,GS63VR 7RF,Gaming,15.6,Full HD 1920x1080,Intel Core i7 7700HQ 2.8GHz,16GB,256GB SSD +  1TB HDD,Nvidia GeForce GTX 1060,Windows 10,1.8kg,2094.48,8.091063099873859,2.91389050520572,2.469552115095631
747,Acer,Aspire ES1-572,Notebook,15.6,1366x768,Intel Core i3 6006U 2GHz,4GB,500GB HDD,Intel HD Graphics 520,Windows 10,2.4kg,410.8,10.0,0.0,1.7024372910752414
748,Dell,Inspiron 7560,Notebook,15.6,Full HD 1920x1080,Intel Core i7 7500U 2.7GHz,8GB,128GB SSD +  1TB HDD,Nvidia GeForce 940MX,Windows 10,2.0kg,1207.0,6.783840699322869,1.865343813238792,1.515952195926607
749,Dell,Vostro 3568,Notebook,15.6,1366x768,Intel Core i3 6006U 2GHz,8GB,256GB SSD,Intel HD Graphics 520,Windows 10,2kg,665.0,8.147646443489077,0.17075603721660226,2.101157641216643
750,Toshiba,Tecra X40-D-10G,Notebook,14.0,IPS Panel Full HD / Touchscreen 1920x1080,Intel Core i5 7200U 2.5GHz,8GB,256GB SSD,Intel HD Graphics 620,Windows 10,1.25kg,1535.0,7.203098724341347,3.193870947361687,2.8401914455495323
751,Lenovo,Flex 5,2 in 1 Convertible,14.0,Full HD / Touchscreen 1920x1080,Intel Core i5 7200U 2.5GHz,8GB,256GB SSD,Intel HD Graphics 620,Windows 10,1.7kg,999.0,8.628467776877528,1.3925707152256968,1.2828086717371725
752,Lenovo,Thinkpad P51s,Workstation,15.6,IPS Panel 4K Ultra HD 3840x2160,Intel Core i7 7600U 2.8GHz,16GB,1TB SSD,Nvidia Quadro M520M,Windows 10,2.5kg,3299.0,5.139865612999771,5.266821346464636,4.858744505914626
753,Acer,Chromebook 14,Notebook,14.0,1366x768,Intel Celeron Dual Core N3060 1.6GHz,2GB,32GB Flash Storage,Intel HD Graphics 400,Chrome OS,1.68kg,330.0,9.15611381023672,0.0009753660301720646,0.0
754,Samsung,Notebook 9,Ultrabook,13.3,Full HD 1920x1080,Intel Core i7 7500U 2.7GHz,16GB,256GB SSD,Intel HD Graphics 620,Windows 10,0.81kg,1649.0,7.659961934788414,2.6136040238804323,2.832104830693439
755,HP,250 G6,Notebook,15.6,Full HD 1920x1080,Intel Core i3 6006U 2GHz,8GB,256GB SSD,Intel HD Graphics 520,Windows 10,1.86kg,539.0,8.77965989884308,1.2761123670083694,0.6777589522484351
757,Dell,Latitude 5480,Notebook,14.0,1366x768,Intel Core i5 7200U 2.5GHz,8GB,256GB SSD,Intel HD Graphics 620,Windows 10,1.6kg,1126.71,7.902836390517834,0.9142451945198875,1.1329002406336437
758,HP,Zbook 17,Workstation,17.3,IPS Panel Full HD 1920x1080,Intel Xeon E3-1535M v5 2.9GHz,16GB,256GB SSD,Nvidia Quadro M2000M,Windows 7,3kg,4389.0,1.7607470718885105,6.587430859372707,6.981418922378806
759,Lenovo,N23 (N3060/4GB/128GB/W10),Netbook,11.6,Touchscreen 1366x768,Intel Celeron Dual Core N3060 1.6GHz,4GB,128GB SSD,Intel HD Graphics 400,Windows 10,1.4kg,475.0,8.753396525474146,0.26503605461579904,0.5708785014124507
760,HP,EliteBook 850,Notebook,15.6,Full HD 1920x1080,Intel Core i5 6300U 2.4GHz,8GB,256GB SSD,Intel HD Graphics 520,Windows 10,1.84kg,1900.0,6.005572146730562,1.8363834299977995,1.2100928932445216
761,Asus,X550VX-XX015D (i5-6300HQ/4GB/1TB/GeForce,Notebook,15.6,1366x768,Intel Core i5 6300HQ 2.3GHz,4GB,1TB HDD,Nvidia GeForce GTX 950M,No OS,2.45kg,579.0,8.535757093820665,0.028138016020270218,1.0500787956284274
762,Lenovo,Thinkpad T460,Ultrabook,14.0,Full HD 1920x1080,Intel Core i5 6200U 2.3GHz,4GB,180GB SSD,Intel HD Graphics 520,Windows 10,1.7kg,1096.0,9.286795293826357,1.1751414446241883,0.7723411636864701
763,Asus,Pro P2540UA-XO0192R,Notebook,15.6,1366x768,Intel Core i7 7500U 2.7GHz,4GB,256GB SSD,Intel HD Graphics 620,Windows 10,2.37kg,849.9,8.09972139526356,1.840270838241068,0.2180935711062899
764,Lenovo,Yoga 900-13ISK,2 in 1 Convertible,13.3,IPS Panel Quad HD+ / Touchscreen 3200x1800,Intel Core i5 6260U 1.8GHz,8GB,256GB SSD,Intel HD Graphics 540,Windows 10,1.3kg,1199.0,10.0,1.940006869108713,0.38008232821860455
765,HP,15-cb003na (i5-7300HQ/8GB/1TB,Notebook,15.6,IPS Panel Full HD 1920x1080,Intel Core i5 7300HQ 2.5GHz,8GB,128GB SSD +  1TB HDD,Nvidia GeForce GTX 1050,Windows 10,2.2kg,1099.0,8.833472886105556,1.7160533636931916,0.12606743630484374
766,HP,ZBook 15,Workstation,15.6,Full HD 1920x1080,Intel Core i7 6700HQ 2.6GHz,8GB,256GB SSD,Nvidia Quadro M1000M,Windows 7,2.59kg,1561.0,7.806940628913705,3.0216466397765718,1.2565702675523625
767,Dell,Alienware 17,Gaming,15.6,IPS Panel 4K Ultra HD 3840x2160,Intel Core i7 7700HQ 2.8GHz,16GB,256GB SSD +  1TB HDD,Nvidia GeForce GTX 1070,Windows 10,4.42kg,2868.99,4.764807446741106,4.438608898394406,3.981289563009531
768,Acer,Aspire 3,Notebook,15.6,1366x768,Intel Core i5 7200U 2.5GHz,4GB,256GB SSD,Intel HD Graphics 620,Windows 10,2.1kg,599.0,9.842948325468122,1.0296714580021833,2.2799068880803266
769,Lenovo,Legion Y520-15IKBN,Gaming,15.6,IPS Panel Full HD 1920x1080,Intel Core i7 7700HQ 2.8GHz,8GB,128GB SSD +  1TB HDD,Nvidia GeForce GTX 1050,Windows 10,2.5kg,1048.0,8.064384253777714,1.3925280828860704,1.0544017445159044
770,Dell,Latitude 7280,Ultrabook,12.5,Full HD 1920x1080,Intel Core i7 7600U 2.8GHz,16GB,256GB SSD,Intel HD Graphics 620,Windows 10,1.18kg,1859.0,7.253725995176205,3.056171736059787,2.9860819415545095
771,Google,Pixelbook (Core,Ultrabook,12.3,Touchscreen 2400x1600,Intel Core i5 7Y57 1.2GHz,8GB,256GB SSD,Intel HD Graphics 615,Chrome OS,1.1kg,1559.0,9.710514887999002,1.871345816526768,2.6579378518210968
772,Asus,Zenbook UX330UA-AH5Q,Ultrabook,13.3,IPS Panel Quad HD+ 3200x1800,Intel Core i5 7200U 2.5GHz,8GB,256GB SSD,Intel HD Graphics 620,Windows 10,1.2kg,1129.0,8.311337734228719,0.0,1.7166664949642403
773,Dell,Latitude 3380,Notebook,13.3,1366x768,Intel Core i3 6006U 2GHz,4GB,500GB HDD,Intel HD Graphics 520,Windows 10,1.65kg,849.0,9.780178154699428,1.0318171765800705,1.077285737748319
774,Acer,TravelMate P238-M,Notebook,13.3,1366x768,Intel Core i5 6200U 2.3GHz,4GB,128GB SSD,Intel HD Graphics 520,Windows 10,1.6kg,655.0,8.62564451390773,1.9500128548715134,0.0
775,Asus,X751NV-TY001 (N4200/4GB/1TB/GeForce,Notebook,17.3,1366x768,Intel Pentium Quad Core N4200 1.1GHz,4GB,1TB HDD,Nvidia GeForce 920MX,Windows 10,2.8kg,470.34,9.471857308868254,1.241124220527451,1.6608939373575466
776,Dell,Inspiron 7559,Gaming,15.6,IPS Panel Touchscreen / 4K Ultra HD 3840x2160,Intel Core i7 6700HQ 2.6GHz,16GB,128GB SSD +  1TB HDD,Nvidia GeForce GTX 960M,Windows 10,2.72kg,1099.0,9.855459073909252,2.3334994222720926,3.006938749509464
777,Samsung,Notebook 9,Ultrabook,13.3,Full HD / Touchscreen 1920x1080,Intel Core i7 7500U 2.7GHz,8GB,256GB SSD,Intel HD Graphics 620,Windows 10,1.31kg,1599.0,7.093363062630546,3.3939678685842147,1.0589363358410917
778,Acer,Aspire A315-31,Notebook,15.6,1366x768,Intel Pentium Quad Core N4200 1.1GHz,4GB,1TB HDD,Intel HD Graphics 505,Linux,2.1kg,298.0,10.0,0.2802087731910909,0.0
779,Dell,Inspiron 5567,Notebook,15.6,Full HD 1920x1080,Intel Core i7 7500U 2.7GHz,16GB,256GB SSD,AMD Radeon R7 M445,Windows 10,2.3kg,1181.27,8.866167793090119,1.8578863211987382,1.476185481372657
780,Samsung,Notebook 9,2 in 1 Convertible,15.0,Full HD / Touchscreen 1920x1080,Intel Core i7 7500U 2.7GHz,16GB,256GB SSD,AMD Radeon 540,Windows 10,1.71kg,1799.0,6.8074105455293115,2.248494517407794,1.970985797827121
781,Toshiba,Tecra A40-C-1E5,Notebook,14.0,IPS Panel 1366x768,Intel Core i5 6200U 2.3GHz,4GB,128GB SSD,Intel HD Graphics 520,Windows 10,1.75kg,1020.0,9.078078089978593,1.174989816444183,1.832620544030515
782,Dell,Inspiron 7567,Gaming,15.6,Full HD 1920x1080,Intel Core i7 7700HQ 2.8GHz,8GB,1TB HDD,Nvidia GeForce GTX 1050,Windows 10,2.62kg,1099.0,9.216862125102228,2.0537983544160694,0.9785636726738657
783,HP,EliteBook 820,Ultrabook,12.5,1366x768,Intel Core i5 6200U 2.3GHz,4GB,256GB SSD,Intel HD Graphics 520,Windows 10,1.26kg,1244.0,8.691540796777977,2.7690147227308337,3.5379520272410625
784,Asus,Q524UQ-BHI7T15 (i7-7500U/12GB/2TB/GeForce,2 in 1 Convertible,15.6,Full HD / Touchscreen 1920x1080,Intel Core i7 7500U 2.7GHz,12GB,2TB HDD,Nvidia GeForce 940MX,Windows 10,2.3kg,839.0,7.621457354889323,1.0108058486535128,2.0748017446731892
785,Lenovo,Thinkpad P50,Notebook,15.6,4K Ultra HD 3840x2160,Intel Core i7 6820HQ 2.7GHz,16GB,512GB SSD,Nvidia Quadro M2000M,Windows 7,2.5kg,2370.0,5.711961145416054,3.3461777020429215,3.8763883384298228
786,Acer,Swift 3,Notebook,14.0,IPS Panel Full HD 1920x1080,Intel Core i3 7100U 2.4GHz,4GB,128GB SSD,Intel HD Graphics 620,Windows 10,1.8kg,636.0,9.022238256115758,0.7801692025283159,1.6013358460988238
787,Razer,Blade Pro,Gaming,14.0,Full HD 1920x1080,Intel Core i7 7700HQ 2.8GHz,16GB,512GB SSD,Nvidia GeForce GTX 1060,Windows 10,1.95kg,2899.0,5.341297138576504,5.080121517286752,5.483876457629307
788,Asus,Vivobook Max,Notebook,15.6,1920x1080,Intel Pentium Dual Core N4200 1.1GHz,8GB,128GB SSD,Intel HD Graphics 505,Windows 10,2kg,581.9,9.808098859475141,0.0,0.2372808281188063
789,Dell,Alienware 17,Gaming,17.3,IPS Panel Full HD 1920x1080,Intel Core i7 7700HQ 2.8GHz,32GB,1TB SSD +  1TB HDD,Nvidia GeForce GTX 1070M,Windows 10,4.42kg,3588.8,4.3787852733204415,3.926430764916371,5.11040173179259
790,Asus,Rog G752VS-BA171T,Gaming,17.3,IPS Panel Full HD 1920x1080,Intel Core i7 6700HQ 2.6GHz,16GB,256GB SSD +  1TB HDD,Nvidia GeForce GTX 1070,Windows 10,4.3kg,2350.0,5.259150673369471,3.2321443600691806,3.7350882900381652
791,Toshiba,Tecra Z40-C-161,Ultrabook,14.0,IPS Panel Full HD 1920x1080,Intel Core i7 6600U 2.6GHz,16GB,512GB SSD,Nvidia GeForce 930M,Windows 10,1.47kg,1764.0,7.620613977007302,1.7069743630661414,3.372853203395824
792,Lenovo,IdeaPad 110-15IBR,Notebook,15.6,1366x768,Intel Celeron Quad Core N3710 1.6GHz,8GB,1TB HDD,Intel HD Graphics 405,No OS,2.2kg,329.0,10.0,0.0,0.37285169445016025
793,Lenovo,ThinkPad T470s,Ultrabook,14.0,Full HD 1920x1080,Intel Core i7 7500U 2.7GHz,16GB,512GB SSD,Intel HD Graphics 620,Windows 10,1.7kg,2299.0,6.861334468049473,3.4682736352413817,2.3249007045425607
794,MSI,GS43VR 7RE,Gaming,14.0,IPS Panel Full HD 1920x1080,Intel Core i7 7700HQ 2.8GHz,16GB,256GB SSD +  1TB HDD,Nvidia GeForce GTX 1060,Windows 10,1.6kg,1891.0,7.966734285085048,2.5352915681402393,2.255630740197976
795,MSI,GL62M (i5-7300HQ/8GB/1TB,Gaming,15.6,Full HD 1920x1080,Intel Core i5 7300HQ 2.5GHz,8GB,128GB SSD +  1TB HDD,Nvidia GeForce GTX 1050,Windows 10,2.2kg,1089.0,9.12283392617077,2.7062778250449506,1.4851255065928517
796,Lenovo,Legion Y520-15IKBN,Gaming,15.6,IPS Panel Full HD 1920x1080,Intel Core i7 7700HQ 2.8GHz,4GB,1TB HDD,Nvidia GeForce GTX 1050,Windows 10,2.4kg,999.0,8.97493900009161,1.653800874972995,1.331872579830475
797,Acer,Predator G9-793,Gaming,17.3,IPS Panel Full HD 1920x1080,Intel Core i7 7700HQ 2.8GHz,16GB,256GB SSD +  1TB HDD,Nvidia GeForce GTX 1060,Windows 10,4.2kg,2299.0,6.357369540537723,3.8268773779840215,5.164531631727206
798,Dell,Inspiron 7567,Gaming,15.6,Full HD 1920x1080,Intel Core i5 7300HQ 2.5GHz,8GB,256GB SSD,Nvidia GeForce GTX 1050,Windows 10,2.62kg,985.0,7.302454881879189,1.8665420865427387,0.25998601738881844
799,Asus,FX502VM-DM560T (i7-7700HQ/8GB/1TB,Gaming,15.6,Full HD 1920x1080,Intel Core i7 7700HQ 2.8GHz,8GB,128GB SSD +  1TB HDD,Nvidia GeForce GTX1060,Windows 10,2.24kg,1339.0,8.377449849567672,1.0551782315137812,2.3707161192070965
800,Vero,K146 (N3350/4GB/32GB/W10),Notebook,14.0,1920x1080,Intel Celeron Dual Core N3350 1.1GHz,4GB,32GB Flash Storage,Intel HD Graphics 500,Windows 10,1.22kg,202.9,10.0,0.880065801244232,1.2400668579706486
801,Lenovo,ThinkPad Yoga,2 in 1 Convertible,13.3,IPS Panel Full HD / Touchscreen 1920x1080,Intel Core i7 7500U 2.7GHz,8GB,512GB SSD,Intel HD Graphics 620,Windows 10,1.37kg,1970.0,7.186039441064315,2.9706121994636154,4.84838342503022
802,Lenovo,Yoga 510-15IKB,2 in 1 Convertible,15.6,Full HD / Touchscreen 1920x1080,Intel Core i5 7200U 2.5GHz,8GB,256GB SSD,AMD Radeon R7 M460,Windows 10,2.08kg,959.0,7.65370662457582,1.8612790085609026,1.0013765762207636
803,Apple,"MacBook 12""",Ultrabook,12.0,IPS Panel Retina Display 2304x1440,Intel Core M 1.2GHz,8GB,512GB Flash Storage,Intel HD Graphics 5300,Mac OS X,0.920kg,1165.0,7.462580928010942,0.8150880532303231,2.065717401838607
804,Lenovo,ThinkPad X1,2 in 1 Convertible,14.0,IPS Panel Touchscreen 2560x1440,Intel Core i5 7200U 2.5GHz,8GB,256GB SSD,Intel HD Graphics 620,Windows 10,1.42kg,2330.0,7.20370371726548,2.395811552587992,4.094626851159761
805,Asus,R417NA-RS01 (N3350/4GB/32GB/W10),Notebook,14.0,1366x768,Intel Celeron Dual Core N3350 1.1GHz,4GB,32GB Flash Storage,Intel HD Graphics 500,Windows 10,1.63kg,299.0,9.757385412779657,0.8652821905550441,0.36735584937765375
806,Dell,Latitude 3580,Notebook,15.6,1366x768,Intel Core i5 7200U 2.5GHz,8GB,128GB SSD,Intel HD Graphics 620,Windows 10,1.95kg,810.0,9.471782836379111,1.3745453423970007,0.9943415605275424
807,Lenovo,Yoga 910-13IKB,2 in 1 Convertible,13.9,IPS Panel Full HD / Touchscreen 1920x1080,Intel Core i7 7500U 2.7GHz,8GB,256GB SSD,Intel HD Graphics 620,Windows 10,1.38kg,1349.0,8.039532338035169,1.2614811193831899,2.331902674469235
808,Dell,Vostro 5568,Notebook,15.6,Full HD 1920x1080,Intel Core i3 6006U 2GHz,8GB,256GB SSD,AMD Radeon R5 M420X,Windows 10,2kg,739.0,9.0702184137063,0.2578560328705398,0.0
809,HP,ZBook 17,Workstation,15.6,Full HD 1920x1080,Intel Core i7 7700HQ 2.8GHz,8GB,256GB SSD,Nvidia Quadro M2200,Windows 10,3.14kg,2064.9,7.5592346397175065,4.091740232595107,3.7370479971133963
810,Asus,Pro P2540UA-XS51,Notebook,15.6,Full HD 1920x1080,Intel Core i5 7200U 2.5GHz,8GB,256GB SSD,Intel HD Graphics 620,Windows 10,2.37kg,1099.0,8.025982782826945,0.6096519203052938,1.66212375752873
811,Dell,XPS 13,Ultrabook,13.3,Full HD 1920x1080,Intel Core i5 7200U 2.5GHz,8GB,256GB SSD,Intel HD Graphics 620,Windows 10,1.29kg,1499.0,7.840609701721564,3.5504252824359943,2.058307002408611
812,Dell,XPS 15,Notebook,15.6,4K Ultra HD / Touchscreen 3840x2160,Intel Core i5 7300HQ 2.5GHz,8GB,256GB SSD,Nvidia GeForce GTX 1050,Windows 10,2.06kg,1749.0,6.9719519209347,1.9377312603829706,4.295717604676912
813,Dell,Latitude 3180,Netbook,11.6,1366x768,Intel Pentium Quad Core N4200 1.1GHz,4GB,128GB SSD,Intel HD Graphics 505,Windows 10,1.63kg,744.0,8.690377701598452,1.4727388569424025,0.4220781014232544
814,HP,EliteBook 820,Netbook,12.5,1366x768,Intel Core i5 7300U 2.6GHz,8GB,256GB SSD,Intel HD Graphics 620,Windows 10,1.26kg,1389.0,7.702029389832683,1.7877381307932176,1.7281721201403806
815,Toshiba,Satellite Pro,Notebook,15.6,1366x768,Intel Core i5 6200U 2.3GHz,4GB,500GB HDD,Intel HD Graphics 520,Windows 10,2.1kg,780.0,9.154922207180388,1.5053347549924567,2.6160274518903694
816,HP,15-ba043na (A12-9700P/8GB/2TB/W10),Notebook,15.6,1366x768,AMD A12-Series 9700P 2.5GHz,8GB,2TB HDD,AMD Radeon R7 Graphics,Windows 10,2.04kg,629.0,8.849068613217742,0.33264128776012264,0.10228344557159141
817,Dell,Inspiron 7567,Gaming,15.6,4K Ultra HD 3840x2160,Intel Core i7 7700HQ 2.8GHz,16GB,512GB SSD,Nvidia GeForce GTX 1050 Ti,Windows 10,2.62kg,1679.0,8.464520512273163,2.409850063327818,2.0999921618364223
818,Lenovo,IdeaPad 310-15IKB,Notebook,15.6,Full HD 1920x1080,Intel Core i5 7200U 2.5GHz,4GB,1TB HDD,Nvidia GeForce 920M,Windows 10,2.4kg,609.0,8.550136943034524,0.7669125555064503,0.6165568764451934
819,HP,Omen 17-an012dx,Gaming,17.3,IPS Panel Full HD 1920x1080,Intel Core i7 7700HQ 2.8GHz,12GB,1TB HDD,AMD Radeon RX 580,Windows 10,3.74kg,1749.0,7.192274836569647,1.8564778834760876,3.330815433804905
820,MSI,GE72MVR 7RG,Gaming,17.3,Full HD 1920x1080,Intel Core i7 7700HQ 2.8GHz,16GB,512GB SSD +  1TB HDD,Nvidia GeForce GTX 1070,Windows 10,2.9kg,2415.0,5.865936672368003,4.374937957348759,3.9485204868953088
821,Samsung,Notebook 9,Ultrabook,13.3,Full HD 1920x1080,Intel Core i5 7200U 2.5GHz,8GB,256GB SSD,Intel HD Graphics 620,Windows 10,0.81kg,1499.0,8.921295387651764,1.8257160666539551,1.2021866421094132
822,Dell,Vostro 5568,Notebook,15.6,Full HD 1920x1080,Intel Core i7 7500U 2.7GHz,8GB,1TB HDD,Nvidia GeForce GT 940MX,Windows 10,1.98kg,961.0,8.828973779015167,1.145390109922078,0.9025351916923413
823,Dell,Vostro 3568,Notebook,15.6,Full HD 1920x1080,Intel Core i5 7200U 2.5GHz,8GB,256GB SSD,AMD Radeon R5 M420,Windows 10,2.18kg,789.81,9.78613385942301,0.24386227246508885,0.5534582255821296
824,Lenovo,Thinkpad T470s,Ultrabook,14.0,Full HD 1920x1080,Intel Core i7 7500U 2.7GHz,8GB,256GB SSD,Intel HD Graphics 620,Windows 10,1.32kg,1859.0,5.967669845030338,0.7940149295038359,2.782105020361648
825,Razer,Blade Stealth,Ultrabook,12.5,IPS Panel 4K Ultra HD / Touchscreen 3840x2160,Intel Core i7 7500U 2.5GHz,16GB,512GB SSD,Intel HD Graphics 620,Windows 10,1.29kg,1799.0,7.471024178940133,2.589793823675139,3.0832909606591374
826,HP,Chromebook 11,Netbook,11.6,1366x768,Intel Celeron Dual Core N3060 1.6GHz,4GB,16GB Flash Storage,Intel HD Graphics 400,Chrome OS,1.23kg,385.0,10.0,2.286210480750248,0.6906827481702933
827,Dell,Alienware 17,Gaming,17.3,IPS Panel Full HD 1920x1080,Intel Core i7 7700HQ 2.8GHz,16GB,128GB SSD +  1TB HDD,Nvidia GeForce GTX 1060,Windows 10,4.36kg,2505.02,6.131616220956205,4.561894400782554,2.5134015672254133
828,Dell,Latitude 3480,Notebook,14.0,1366x768,Intel Core i5 6200U 2.3GHz,4GB,500GB HDD,Intel HD Graphics 520,Windows 10,1.76kg,755.0,9.871793582752703,0.9651824135120624,1.8317435073482629
829,Lenovo,V110-15ISK (i3-6006U/4GB/500GB/W10),Notebook,15.6,1366x768,Intel Core i3 6006U 2GHz,4GB,500GB HDD,Intel HD Graphics 520,Windows 10,2.1kg,489.9,9.053004682957678,0.3228518935954111,0.7352196337593241
830,Toshiba,Tecra X40-D-10Z,Ultrabook,14.0,1366x768,Intel Core i5 7200U 2.5GHz,4GB,128GB SSD,Intel HD Graphics 620,Windows 10,1.25kg,1090.0,9.58148639096703,1.5639642754310716,2.6536171992565594
831,Lenovo,Thinkpad X1,Ultrabook,14.0,IPS Panel Full HD 1920x1080,Intel Core i7 7500U 2.7GHz,8GB,512GB SSD,Intel HD Graphics 620,Windows 10,1.13kg,2499.0,7.915067865984009,4.36174592505156,4.27940929474393
832,MSI,GL62M 7RD,Gaming,15.6,Full HD 1920x1080,Intel Core i5 7300HQ 2.5GHz,8GB,256GB SSD,Nvidia GeForce GTX 1050,Windows 10,2.4kg,1199.0,7.9797713457411,0.7853075536600971,2.6110161720957827
833,Lenovo,ThinkPad X1,Ultrabook,14.0,IPS Panel Full HD 1920x1080,Intel Core i5 7200U 2.5GHz,8GB,256GB Flash Storage,Intel HD Graphics 620,Windows 10,1.13kg,1875.0,6.772711906930015,3.762343431684465,3.244122325109469
834,Toshiba,Satellite Pro,Notebook,14.0,1366x768,Intel Pentium Dual Core 4405U 2.1GHz,4GB,128GB SSD,Intel HD Graphics 510,Windows 10,1.75kg,499.0,10.0,1.1208282591040502,1.6255038117132536
835,Asus,ZenBook Flip,2 in 1 Convertible,13.3,Touchscreen / Full HD 1920x1080,Intel Core i5 7200U 2.5GHz,8GB,256GB SSD,Intel HD Graphics 620,Windows 10,1.1kg,1358.0,9.26534548029765,2.5728608168532676,2.4161127451011426
836,Dell,Latitude 3480,Notebook,14.0,1366x768,Intel Core i3 6006U 2GHz,4GB,500GB HDD,Intel HD Graphics 520,Windows 10,1.76kg,585.0,8.888041092201435,1.0444514771237312,0.6153386889216261
837,Acer,Chromebook 11,Netbook,11.6,IPS Panel 1366x768,Intel Celeron Dual Core N3060 1.6GHz,4GB,32GB Flash Storage,Intel HD Graphics 400,Chrome OS,1.35kg,355.0,9.358365314255803,0.32117855822270247,2.123433008425016
838,Acer,Swift 3,Notebook,14.0,IPS Panel Full HD 1920x1080,Intel Core i3 7100U 2.4GHz,8GB,128GB SSD,Intel HD Graphics 620,Windows 10,1.5kg,619.0,9.02351746059092,1.289343841094131,1.4622845501445887
839,Razer,Blade Pro,Gaming,17.3,4K Ultra HD / Touchscreen 3840x2160,Intel Core i7 7820HK 2.9GHz,32GB,512GB SSD,Nvidia GeForce GTX 1080,Windows 10,3.49kg,5499.0,0.0,9.460793079145,9.44633730895543
840,Lenovo,Thinkpad X1,Ultrabook,14.0,IPS Panel Quad HD+ 2560x1440,Intel Core i7 6600U 2.6GHz,16GB,512GB SSD,Intel HD Graphics 520,Windows 10,1.1kg,2099.0,6.016133295133316,2.9657125789265057,2.2279016144486556
841,Asus,VivoBook Max,Notebook,15.6,Full HD 1920x1080,Intel Core i5 7200U 2.5GHz,4GB,1TB HDD,Nvidia GeForce 920,Linux,2.1kg,519.0,8.614408905585687,0.12339706269513745,0.0
842,Lenovo,Thinkpad T460,Notebook,14.0,Full HD 1920x1080,Intel Core i5 6200U 2.3GHz,8GB,256GB SSD,Intel HD Graphics 520,Windows 10,1.7kg,1186.0,7.677745070279565,1.78950191384672,1.9421892633506135
843,Lenovo,ThinkPad T470s,Notebook,14.0,IPS Panel Full HD 1920x1080,Intel Core i5 7300U 2.6GHz,8GB,256GB SSD,Intel HD Graphics 620,Windows 10,1.32kg,1650.0,7.481112849584246,3.730355361702479,2.6075561987209217
844,Dell,Alienware 15,Gaming,15.6,Full HD 1920x1080,Intel Core i7 7700HQ 2.8GHz,16GB,256GB SSD +  1TB HDD,Nvidia GeForce GTX 1070,Windows 10,3.21kg,2774.63,5.798122840881537,3.397963284624559,3.8979508931410267
845,Asus,Rog GL702VS-BA023T,Gaming,17.3,Full HD 1920x1080,Intel Core i7 7700HQ 2.8GHz,16GB,256GB SSD +  1TB HDD,Nvidia GeForce GTX 1070,Windows 10,2.9kg,2419.0,7.451370858386284,2.6150093232630267,3.901815695554627
846,Toshiba,Satellite Pro,Notebook,15.6,1366x768,Intel Core i3 7100U 2.4GHz,4GB,500GB HDD,Intel HD Graphics 620,Windows 10,2.0kg,669.0,8.365873729434282,0.967251710963897,2.1063445804095604
847,Lenovo,N42-20 Chromebook,Notebook,14.0,1366x768,Intel Celeron Quad Core N3160 1.6GHz,4GB,16GB Flash Storage,Intel HD Graphics 400,Chrome OS,1.5kg,325.0,10.0,0.2955624821599199,0.8111743003153444
848,Asus,R558UA-DM966T (i5-7200U/8GB/128GB/FHD/W10),Notebook,15.6,Full HD 1920x1080,Intel Core i5 7200U 2.5GHz,8GB,128GB HDD,Intel HD Graphics 620,Windows 10,2.3kg,590.0,9.126699219978242,0.8407830361376768,0.0
849,Asus,Rog GL702VM-GC017T,Gaming,17.3,Full HD 1920x1080,Intel Core i7 6700HQ 2.6GHz,16GB,512GB SSD +  1TB HDD,Nvidia GeForce GTX 1060,Windows 10,2.73kg,1799.0,7.2178129985227795,2.9377785920820743,2.653408972040919
851,Dell,Alienware 17,Gaming,17.3,IPS Panel Full HD 1920x1080,Intel Core i7 7700HQ 2.8GHz,32GB,512GB SSD +  1TB HDD,Nvidia GeForce GTX 1070,Windows 10,4.42kg,3072.89,5.647214243522313,4.714079546503125,4.248668165528921
852,HP,ProBook 470,Notebook,17.3,1600x900,Intel Core i5 7200U 2.5GHz,8GB,1TB HDD,Nvidia GeForce 930MX,Windows 10,2.63kg,910.0,7.859628289923156,2.4340848437086704,0.9320341597001554
853,Dell,Vostro 3568,Notebook,15.6,1366x768,Intel Core i5 7200U 2.5GHz,8GB,128GB SSD,Intel HD Graphics 620,Windows 10,2.18kg,713.99,9.39455226952108,0.0,0.5804829949224461
854,HP,EliteBook 840,Ultrabook,14.0,Full HD 1920x1080,Intel Core i7 6500U 2.5GHz,8GB,512GB SSD,Intel HD Graphics 520,Windows 7,1.54kg,1870.0,7.270714509186479,2.1996496375597694,2.480330791300762
855,Dell,Vostro 3568,Notebook,15.6,Full HD 1920x1080,Intel Core i7 7500U 2.7GHz,4GB,256GB SSD,AMD Radeon R5 M420,Windows 10,2.18kg,739.0,9.440374513316224,0.8709826897710574,0.0
856,HP,Chromebook X360,2 in 1 Convertible,11.6,Touchscreen 1366x768,Intel Celeron Dual Core N3350 1.1GHz,4GB,32GB Flash Storage,Intel HD Graphics 500,Chrome OS,1.4kg,615.0,9.4870311176579,0.0,0.6421800522538023
857,Asus,ZenBook UX310UQ-GL026T,Ultrabook,13.3,IPS Panel Full HD 1920x1080,Intel Core i5 6200U 2.3GHz,8GB,512GB SSD,Nvidia GeForce 940M,Windows 10,1.45kg,1026.0,10.0,1.297291159998647,0.9894885740664559
858,HP,EliteBook x360,2 in 1 Convertible,13.3,Full HD / Touchscreen 1920x1080,Intel Core i5 7200U 2.5GHz,8GB,256GB SSD,Intel HD Graphics 620,Windows 10,1.28kg,2277.0,5.940440923991352,4.87854322119001,1.2058081366057807
859,HP,EliteBook 840,Ultrabook,14.0,Full HD 1920x1080,Intel Core i7 6500U 2.5GHz,8GB,512GB SSD,Intel HD Graphics 520,Windows 10,1.54kg,1468.0,7.391236191272807,2.200675435362508,3.826343864327069
860,HP,250 G6,Notebook,15.6,1366x768,Intel Celeron Dual Core N3060 1.6GHz,4GB,128GB SSD,Intel HD Graphics 400,No OS,1.86kg,299.0,9.29051711472517,0.39553118870996784,1.0819861875083587
862,Asus,Rog GL502VM-DS74,Gaming,15.6,Full HD 1920x1080,Intel Core i7 7700HQ 2.8GHz,16GB,128GB SSD +  1TB HDD,Nvidia GeForce GTX 1060,Windows 10,2.1kg,1899.0,6.6442258996085055,1.9032605929252269,2.6103518251232942
863,Dell,Inspiron 5767,Notebook,17.3,Full HD 1920x1080,Intel Core i7 7500U 2.7GHz,8GB,1TB HDD,AMD Radeon R7 M445,Linux,2.83kg,865.0,8.32384557241639,0.6731555993068146,1.1812999655308754
864,Lenovo,ThinkPad T470p,Ultrabook,14.0,IPS Panel Full HD 1920x1080,Intel Core i7 7700HQ 2.8GHz,8GB,256GB SSD,Nvidia GeForce GT 940MX,Windows 10,1.96kg,1903.0,8.03306976497043,2.617986355656462,1.9808199820615626
865,Asus,K556UR-DM621T (i7-7500U/8GB/256GB/GeForce,Notebook,15.6,IPS Panel Full HD 1920x1080,Intel Core i7 7500U 2.7GHz,8GB,256GB SSD,Nvidia GeForce GTX 930MX,Windows 10,2.3kg,787.0,10.0,0.7804270787131563,2.391177458366836
866,Dell,Latitude 5580,Notebook,15.6,Full HD 1920x1080,Intel Core i5 7200U 2.5GHz,8GB,128GB SSD,Intel HD Graphics 620,Windows 10,1.9kg,945.0,8.24213714221561,2.3265808587878247,2.819096778603299
867,Asus,X541NA (N4200/4GB/1TB/W10),Notebook,15.6,1366x768,Intel Pentium Quad Core N4200 1.1GHz,4GB,1TB HDD,Intel HD Graphics 505,Windows 10,2kg,449.0,8.86998052041957,0.910287869677146,0.5894900036942661
868,HP,EliteBook x360,2 in 1 Convertible,13.3,Full HD / Touchscreen 1920x1080,Intel Core i7 7600U 2.8GHz,8GB,256GB SSD,Intel HD Graphics 620,Windows 10,1.28kg,2559.0,6.351815989412922,3.136150090146577,4.844140971044478
869,Dell,Inspiron 5368,Notebook,13.3,Full HD / Touchscreen 1920x1080,Intel Core i5 6200U 2.3GHz,8GB,1TB HDD,Intel HD Graphics 520,Windows 10,1.62kg,649.0,8.756533800862144,0.9988915864586841,0.9419171868602194
870,Lenovo,IdeaPad 110-15ISK,Notebook,15.6,Full HD 1920x1080,Intel Core i3 6006U 2.0GHz,4GB,1TB HDD,Intel HD Graphics 520,No OS,2.2kg,469.0,10.0,0.8964676941560779,0.0
871,Lenovo,ThinkPad E570,Notebook,15.6,IPS Panel Full HD 1920x1080,Intel Core i5 7200U 2.5GHz,8GB,1TB HDD,Intel HD Graphics 620,Windows 10,2.3kg,850.66,9.020296222588213,2.0541614249098403,0.8125834989219011
872,HP,EliteBook 850,Notebook,15.6,Full HD 1920x1080,Intel Core i5 7300U 2.6GHz,8GB,256GB SSD,AMD Radeon R7 M465,Windows 10,1.84kg,1349.0,6.804282345133015,3.2475549121238974,2.088664736286764
873,Toshiba,Portege X30-D-10X,Notebook,13.3,Full HD 1920x1080,Intel Core i5 7200U 2.5GHz,4GB,128GB SSD,Intel HD Graphics 620,Windows 10,1.05kg,1285.0,9.362898675831982,1.0630301317697723,1.511467310237312
874,Lenovo,Legion Y520-15IKBN,Gaming,15.6,IPS Panel Full HD 1920x1080,Intel Core i5 7300HQ 2.5GHz,8GB,1TB HDD,Nvidia GeForce GTX 1050,No OS,2.5kg,1017.0,10.0,0.7740988011583116,1.2478621881785534
875,Dell,XPS 13,Ultrabook,13.3,Quad HD+ / Touchscreen 3200x1800,Intel Core i7 7660U 2.5GHz,16GB,512GB SSD,Intel Iris Plus Graphics 640,Windows 10,1.29kg,2240.0,6.022849216388862,2.480857544091936,3.4138001852163375
876,HP,Probook 450,Notebook,15.6,Full HD 1920x1080,Intel Core i5 6200U 2.3GHz,4GB,500GB HDD,Intel HD Graphics 520,Windows 10,2.07kg,910.0,8.447644659224208,1.0549782055414192,1.1774912945346352
877,Toshiba,PortÃ©gÃ© Z30-C-188,Ultrabook,13.3,1366x768,Intel Core i5 6200U 2.3GHz,8GB,256GB SSD,Intel HD Graphics 520,Windows 10,1.2kg,1095.0,8.674261932833089,1.927517079303903,1.5962371721448219
878,Lenovo,ThinkPad Yoga,2 in 1 Convertible,13.3,IPS Panel Full HD / Touchscreen 1920x1080,Intel Core i7 7500U 2.7GHz,8GB,256GB SSD,Intel HD Graphics 620,Windows 10,1.37kg,1950.0,7.270097077559241,3.787335967701661,2.148984301313099
879,Acer,TMX349-G2-M-50FS (i5-7200U/8GB/256GB/FHD/W10),Notebook,14.0,IPS Panel Full HD 1920x1080,Intel Core i5 7200U 2.5GHz,8GB,256GB SSD,Intel HD Graphics 620,Windows 10,1.56kg,902.0,9.2981434350159,1.1679311642083445,0.6550790638200138
880,Dell,Precision 3520,Workstation,15.6,Full HD 1920x1080,Intel Core i7 7700HQ 2.8GHz,8GB,1TB HDD,Nvidia Quadro M620,Windows 10,2.23kg,1778.0,8.900990635232489,2.4512949771767154,1.6795055832206154
881,Lenovo,ThinkPad L570,Notebook,15.6,1366x768,Intel Core i5 7200U 2.5GHz,4GB,500GB HDD,Intel HD Graphics 620,Windows 10,2.38kg,1055.0,8.371522386781132,1.608326225022621,2.269172270972589
882,Lenovo,IdeaPad 110-15ISK,Notebook,15.6,Full HD 1920x1080,Intel Core i3 6006U 2GHz,4GB,1TB HDD,AMD Radeon R5 M430,No OS,2.2kg,479.0,8.846594271879786,0.0,0.0
883,Toshiba,Tecra A50-D-11D,Notebook,15.6,IPS Panel Full HD 1920x1080,Intel Core i7 7500U 2.7GHz,8GB,256GB SSD,Intel HD Graphics 620,Windows 10,2.0kg,1388.0,6.847599469909053,3.720576125035144,2.9718174223328653
884,Lenovo,Thinkpad 13,Notebook,13.3,IPS Panel Full HD 1920x1080,Intel Core i3 7100U 2.4GHz,4GB,180GB SSD,Intel HD Graphics 620,Windows 10,1.44kg,735.0,8.46842052500849,0.0,2.0559149608482494
885,Samsung,Notebook 9,Ultrabook,15.0,Full HD 1920x1080,Intel Core i7 7500U 2.7GHz,16GB,256GB SSD,Nvidia GeForce 940MX,Windows 10,1.23kg,1849.0,7.14649420229168,2.974796682525862,2.585259749823185
886,Dell,Latitude 7280,Ultrabook,12.5,Full HD 1920x1080,Intel Core i7 7600U 2.8GHz,8GB,256GB SSD,Intel HD Graphics 620,Windows 10,1.6kg,1690.0,8.876996501784694,4.177534764413247,0.476140118767697
887,Asus,X541NA-GO121 (N4200/4GB/1TB/Linux),Notebook,15.6,1366x768,Intel Pentium Quad Core N4200 1.1GHz,4GB,1TB HDD,Intel HD Graphics 505,Linux,2kg,398.99,9.206181002965156,0.3851698334539054,0.09068150823207477
888,Xiaomi,Mi Notebook,Ultrabook,13.3,IPS Panel Full HD 1920x1080,Intel Core i5 6200U 2.3GHz,8GB,256GB SSD,Nvidia GeForce 940MX,Windows 10,1.28kg,935.0,8.89464217565711,1.132356957652813,1.2330408566229532
889,Dell,Vostro 5568,Notebook,15.6,Full HD 1920x1080,Intel Core i5 7200U 2.5GHz,4GB,128GB SSD +  1TB HDD,Nvidia GeForce 940MX,Windows 10,2.18kg,912.5,8.740448181032095,0.9604571638613629,0.4379349261665739
890,HP,ProBook 450,Notebook,15.6,Full HD 1920x1080,Intel Core i5 7200U 2.5GHz,4GB,256GB SSD,Intel HD Graphics 620,Windows 10,2.04kg,839.0,9.828351749560156,0.978049523788386,0.7101881541517181
891,HP,EliteBook x360,2 in 1 Convertible,13.3,Full HD / Touchscreen 1920x1080,Intel Core i5 7200U 2.5GHz,4GB,256GB SSD,Intel HD Graphics 620,Windows 10,1.28kg,1700.0,9.44601851453856,3.673806205901562,3.799683585251019
892,HP,Pavilion x360,2 in 1 Convertible,15.6,Touchscreen 1366x768,Intel Core i5 7200U 2.5GHz,4GB,500GB HDD,Intel HD Graphics 620,Windows 10,2.3kg,684.8,8.713195277022393,0.0,1.3940514344827428
893,Asus,VivoBook L402NA,Notebook,14.1,1366x768,Intel Celeron Dual Core N3350 1.1GHz,4GB,32GB Flash Storage,Intel HD Graphics 500,Windows 10,1.65kg,348.0,9.314777559909473,1.5204178471130099,0.0
894,Lenovo,IdeaPad 510-15ISK,Notebook,15.6,IPS Panel Full HD 1920x1080,Intel Core i7 6500U 2.5GHz,8GB,1TB HDD,Nvidia GeForce 940MX,Windows 10,2.2kg,669.0,9.999885663680573,0.0,0.0
895,Dell,Inspiron 3552,Notebook,15.6,1366x768,Intel Pentium Quad Core N3710 1.6GHz,4GB,500GB HDD,Intel HD Graphics,Windows 10,2.2kg,369.0,10.0,0.1157920606631011,0.06750006996281604
896,HP,EliteBook x360,2 in 1 Convertible,13.3,Full HD / Touchscreen 1920x1080,Intel Core i5 7200U 2.5GHz,4GB,256GB SSD,Intel HD Graphics 620,Windows 10,1.28kg,1799.0,8.734749826833553,2.3992204975163447,2.5718506102749235
897,Dell,Vostro 3568,Notebook,15.6,1366x768,Intel Core i3 6006U 2.0GHz,4GB,1TB HDD,AMD Radeon R5 M420X,Linux,2.18kg,455.7,9.991699510286088,0.9462856537912594,0.8724023878653366
898,Asus,Rog GL753VD-GC082T,Gaming,17.3,Full HD 1920x1080,Intel Core i5 7300HQ 2.5GHz,12GB,128GB SSD +  1TB HDD,Nvidia GeForce GTX 1050,Windows 10,2.2kg,1369.9,7.694169702897778,0.7398971429655761,1.590143254418447
899,Acer,Chromebook C731-C78G,Netbook,11.6,IPS Panel 1366x768,Intel Celeron Dual Core N3060 1.6GHz,4GB,32GB Flash Storage,Intel HD Graphics 400,Chrome OS,1.25kg,297.0,10.0,0.577333069574415,0.6167945969983499
900,Lenovo,IdeaPad 110-17ACL,Notebook,17.3,1600x900,AMD A4-Series 7210 2.2GHz,4GB,500GB HDD,AMD Radeon R3,Windows 10,2.8kg,379.0,10.0,1.9654392598109167,1.894114793229618
901,HP,Probook 640,Notebook,14.0,Full HD 1920x1080,Intel Core i5 7200U 2.5GHz,4GB,128GB SSD,Intel HD Graphics 620,Windows 10,1.95kg,1265.0,8.815035533987427,0.7508110072962155,2.493751028925874
902,HP,Envy x360,2 in 1 Convertible,13.3,Quad HD+ / Touchscreen 3200x1800,Intel Core i7 7500U 2.7GHz,16GB,256GB SSD,Intel HD Graphics 620,Windows 10,1.42kg,1399.0,8.338308676362631,2.2192754826115233,2.029039742658589
903,Samsung,Notebook 9,Ultrabook,15.0,Full HD 1920x1080,Intel Core i7 7500U 2.7GHz,8GB,256GB SSD,Intel HD Graphics 620,Windows 10,1.17kg,1699.0,8.279500089224065,2.0442539202099703,2.4273192856046215
904,Lenovo,ThinkPad T470s,Ultrabook,14.0,IPS Panel Full HD 1920x1080,Intel Core i5 7200U 2.5GHz,8GB,256GB SSD,Intel HD Graphics 620,Windows 10,1.32kg,1799.0,8.192820438601265,3.0833257987097027,2.457277526411377
905,MSI,GS73VR Stealth,Gaming,17.3,IPS Panel 4K Ultra HD 3840x2160,Intel Core i7 6700HQ 2.6GHz,16GB,512GB SSD +  2TB HDD,Nvidia GeForce GTX 1060,Windows 10,2.43kg,2649.0,6.928512002956604,4.19253341180602,5.121727919835133
906,Toshiba,Portege X30-D-10V,Notebook,13.3,Full HD 1920x1080,Intel Core i5 7200U 2.5GHz,8GB,256GB SSD,Intel HD Graphics 620,Windows 10,1.05kg,1475.0,8.323187319354414,1.6825910634818517,1.6939298339562572
908,Dell,Inspiron 7567,Gaming,15.6,Full HD 1920x1080,Intel Core i7 7700HQ 2.8GHz,8GB,1TB HDD,Nvidia GeForce GTX 1050Ti,Linux,2.62kg,929.0,8.59204393237099,1.6645594312723866,1.3104397705755135
909,HP,ProBook 450,Notebook,15.6,Full HD 1920x1080,Intel Core i7 7500U 2.7GHz,8GB,1TB HDD,Nvidia GeForce 930MX,Windows 10,2.04kg,900.0,8.892054493450456,2.668794943525597,1.2662747772010707
910,Dell,Vostro 3568,Notebook,15.6,1366x768,Intel Core i3 6006U 2.0GHz,4GB,1TB HDD,AMD Radeon R5 M420X,Windows 10,2.18kg,614.0,10.0,0.5898930003734353,0.3411886795060487
911,Dell,Latitude 5580,Notebook,15.6,Full HD 1920x1080,Intel Core i5 7300U 2.6GHz,8GB,500GB HDD,Intel HD Graphics 620,Windows 10,1.9kg,935.0,8.062063277556202,1.860194539372554,0.18641574734672783
912,Dell,XPS 13,2 in 1 Convertible,13.3,Quad HD+ / Touchscreen 3200x1800,Intel Core i7 7Y75 1.3GHz,8GB,512GB SSD,Intel HD Graphics 615,Windows 10,1.24kg,2013.1,7.190972402372583,2.069347878428807,3.3623458476198724
913,Asus,G701VO-IH74K (i7-6820HK/32GB/2x,Gaming,17.3,IPS Panel Full HD 1920x1080,Intel Core i7 6820HK 2.7GHz,32GB,256GB SSD +  256GB SSD,Nvidia GeForce GTX 980M,Windows 10,3.58kg,1279.0,7.820350047184525,1.0998298014991796,1.8161757254692796
914,Dell,XPS 13,2 in 1 Convertible,13.3,Full HD / Touchscreen 1920x1080,Intel Core i7 7Y75 1.3GHz,16GB,256GB SSD,Intel HD Graphics 615,Windows 10,1.22kg,1649.0,7.533544381554605,2.867376499097551,2.889643852342505
915,Lenovo,ThinkPad X1,Ultrabook,14.0,IPS Panel Full HD 1920x1080,Intel Core i7 7500U 2.7GHz,8GB,256GB Flash Storage,Intel HD Graphics 620,Windows 10,1.13kg,2049.0,7.858204528060522,4.351849784854089,2.737676716873983
916,Lenovo,ThinkPad T570,Notebook,15.6,IPS Panel Full HD 1920x1080,Intel Core i5 7200U 2.5GHz,8GB,512GB SSD,Intel HD Graphics 620,Windows 10,1.95kg,1962.99,7.133486849352631,3.303883084091819,3.9960494441137295
917,LG,Gram 15Z970,Ultrabook,15.6,IPS Panel Full HD / Touchscreen 1920x1080,Intel Core i7 7500U 2.7GHz,16GB,512GB SSD,Intel HD Graphics 620,Windows 10,1.08kg,2099.0,6.788204090845594,2.998498723260801,2.547526122709849
918,HP,Elitebook 820,Netbook,12.5,Full HD 1920x1080,Intel Core i7 7500U 2.7GHz,8GB,512GB SSD,Intel HD Graphics 620,Windows 10,1.26kg,1483.0,6.702832386794124,2.208715824760624,3.578914927636255
919,Acer,Chromebook CB5-571-C1DZ,Notebook,15.6,IPS Panel Full HD 1920x1080,Intel Celeron Dual Core 3205U 1.5GHz,4GB,16GB Flash Storage,Intel HD Graphics,Chrome OS,2.20kg,359.0,10.0,0.0,0.0
920,Lenovo,IdeaPad Y700-15ISK,Notebook,15.6,IPS Panel Full HD 1920x1080,Intel Core i5 6300HQ 2.3GHz,8GB,128GB SSD +  1TB HDD,Nvidia GeForce GTX 960M,Windows 10,2.6kg,789.0,9.478412661368557,1.5215869446285972,1.3857907351898167
922,LG,Gram 14Z970,Ultrabook,14.0,IPS Panel Full HD / Touchscreen 1920x1080,Intel Core i7 7500U 2.7GHz,8GB,512GB SSD,Intel HD Graphics 620,Windows 10,0.98kg,1899.0,8.819211373581078,3.6172588549220186,3.29173695108459
923,Dell,Latitude 5480,Notebook,14.0,Full HD 1920x1080,Intel Core i5 7440HQ 2.8GHz,8GB,256GB SSD,Intel HD Graphics 620,Windows 10,1.6kg,1205.0,8.013693023851946,1.3784121219191898,1.103638733832948
924,HP,Elitebook Folio,Ultrabook,12.5,4K Ultra HD / Touchscreen 3840x2160,Intel Core M 6Y75 1.2GHz,8GB,240GB SSD,Intel HD Graphics 515,Windows 10,1.09kg,3100.0,5.2369236376585775,4.562362906264973,5.277911774761384
925,Lenovo,IdeaPad 510-15IKB,Notebook,15.6,Full HD 1920x1080,Intel Core i7 7500U 2.7GHz,6GB,256GB SSD,Nvidia GeForce 940MX,Windows 10,2.2kg,789.0,9.1615322634243,1.2506772672659425,2.061589619352431
926,HP,ProBook 450,Notebook,15.6,Full HD 1920x1080,Intel Core i7 7500U 2.7GHz,8GB,256GB SSD,Nvidia GeForce 930MX,Windows 10,2.04kg,1018.99,9.835819163895168,1.0767676710831353,0.0
927,Acer,Aspire E5-575,Notebook,15.6,Full HD 1920x1080,Intel Core i3 7100U 2.4GHz,4GB,1TB HDD,Intel HD Graphics 620,Windows 10,2.4kg,499.0,9.375240367339384,0.49561711505039696,0.9507190527437066
928,Lenovo,ThinkPad 13,Notebook,13.3,Full HD 1920x1080,Intel Core i5 7200U 2.5GHz,4GB,128GB SSD,Intel HD Graphics 620,Windows 10,1.44kg,881.0,9.029968275468592,2.8730263764808917,0.0
930,HP,Probook 430,Notebook,13.3,Full HD 1920x1080,Intel Core i5 7200U 2.5GHz,8GB,256GB SSD,Intel HD Graphics 620,Windows 10,1.49kg,960.0,9.159734929292219,1.1289617178842153,0.5540504356624462
931,MSI,GE72VR 6RF,Gaming,17.3,Full HD 1920x1080,Intel Core i7 7700HQ 2.8GHz,16GB,256GB SSD +  1TB HDD,Nvidia GeForce GTX 1050 Ti,Windows 10,2.7kg,1599.0,7.744224007385847,2.118391169522263,3.7083963830599966
932,Dell,Inspiron 7567,Gaming,15.6,Full HD 1920x1080,Intel Core i7 7700HQ 2.8GHz,16GB,128GB SSD +  1TB HDD,Nvidia GeForce GTX 1050 Ti,Windows 10,2.6kg,1349.0,7.659730745490378,1.465088918361071,1.5176967361555551
933,MSI,GL62M 7RD,Gaming,15.6,Full HD 1920x1080,Intel Core i5 7300HQ 2.5GHz,8GB,128GB SSD +  1TB HDD,Nvidia GeForce GTX 1050,Windows 10,2.2kg,1119.91,8.558799420478984,2.1918261510396118,0.6573686023124845
934,Dell,Vostro 3568,Notebook,15.6,1366x768,Intel Core i5 7200U 2.5GHz,4GB,1TB HDD,AMD Radeon R5 M420,Windows 10,2.18kg,684.99,9.99647502014098,0.7174510411723531,0.70408019655909
935,HP,EliteBook 850,Ultrabook,15.6,Full HD 1920x1080,Intel Core i7 6500U 2.5GHz,8GB,256GB SSD,AMD Radeon R7 M365X,Windows 10,1.84kg,1296.99,7.2834459883192535,1.3758433414947577,3.5496668426827402
936,HP,Envy 13-AB077cl,Ultrabook,13.3,Quad HD+ / Touchscreen 3200x1800,Intel Core i7 7500U 2.7GHz,8GB,256GB SSD,Intel HD Graphics 620,Windows 10,1.39kg,1149.0,8.460806119064337,2.702612846071574,0.18022382248834345
937,Toshiba,Tecra Z50-C-140,Notebook,15.6,IPS Panel Full HD 1920x1080,Intel Core i7 6600U 2.6GHz,16GB,256GB SSD,Nvidia GeForce 930M,Windows 10,2.4kg,1975.0,6.400240900791277,4.175344850868294,2.1986145179459085
938,Lenovo,ThinkPad Yoga,2 in 1 Convertible,13.3,IPS Panel Full HD / Touchscreen 1920x1080,Intel Core i5 7200U 2.5GHz,8GB,512GB SSD,Intel HD Graphics 620,Windows 10,1.37kg,1825.0,8.169539412844516,2.3061590377043943,3.9844432368390597
939,Dell,Latitude 3580,Notebook,15.6,1366x768,Intel Core i5 6200U 2.3GHz,4GB,500GB HDD,Intel HD Graphics 520,Windows 10,1.95kg,729.9,7.843222628071713,0.0,2.424389722931452
940,Lenovo,Thinkpad X270,Ultrabook,12.5,IPS Panel Full HD 1920x1080,Intel Core i7 7500U 2.7GHz,8GB,256GB SSD,Intel HD Graphics 620,Windows 10,1.36kg,1650.0,7.0617232816764,3.2971501923758666,2.408394261074102
941,HP,Probook 650,Notebook,15.6,Full HD 1920x1080,Intel Core i5 6200U 2.3GHz,8GB,256GB SSD,Intel HD Graphics 520,Windows 10,2.31kg,1165.0,8.629195660389168,1.124869979054444,0.6813316776411334
942,Dell,Vostro 3568,Notebook,15.6,1366x768,Intel Core i5 7200U 2.5GHz,4GB,1TB HDD,Intel HD Graphics 620,Windows 10,2.18kg,708.06,10.0,1.5338675679378098,2.578041890054922
943,HP,ProBook 640,Notebook,14.0,1366x768,Intel Core i5 6200U 2.3GHz,4GB,500GB HDD,Intel HD Graphics 520,Windows 10,1.95kg,1149.0,8.301830170888445,0.06948656608369586,2.921123533652522
944,Lenovo,IdeaPad 320-15IAP,Notebook,15.6,1366x768,Intel Pentium Quad Core N4200 1.1GHz,4GB,1TB HDD,Intel HD Graphics 505,Windows 10,2.2kg,309.0,9.32799227737962,0.9419259719052702,0.7710056914756092
945,HP,EliteBook 820,Ultrabook,12.5,Full HD 1920x1080,Intel Core i5 6200U 2.3GHz,4GB,500GB HDD,Intel HD Graphics 520,Windows 10,1.26kg,1579.0,9.133617638674835,1.402370473453012,1.721386137727701
946,HP,250 G6,Notebook,15.6,1366x768,Intel Celeron Dual Core N3060 1.6GHz,4GB,1TB HDD,Intel HD Graphics 400,No OS,1.86kg,288.9,8.647664829034095,0.778535345886131,0.15470057796248196
947,Lenovo,Yoga 900-13ISK,2 in 1 Convertible,13.3,IPS Panel Quad HD+ / Touchscreen 3200x1800,Intel Core i7 6560U 2.2GHz,16GB,1TB SSD,Intel Iris Graphics 540,Windows 10,1.3kg,1799.0,5.49833920094866,2.754034488024421,2.6143279689194094
948,Toshiba,Tecra Z40-C-12X,Notebook,14.0,IPS Panel Full HD 1920x1080,Intel Core i5 6200U 2.3GHz,4GB,128GB SSD,Intel HD Graphics 520,Windows 10,1.47kg,1105.0,8.780703543165028,0.8081564813603213,1.8359890605700995
949,HP,EliteBook 820,Netbook,12.5,Full HD 1920x1080,Intel Core i5 6200U 2.3GHz,8GB,256GB SSD,Intel HD Graphics 520,Windows 10,1.26kg,1669.0,7.075149869463059,2.1975777007134276,3.684007901559921
950,Dell,Vostro 3568,Notebook,15.6,1366x768,Intel Core i3 6006U 2.0GHz,4GB,1TB HDD,Intel HD Graphics 520,Windows 10,2.18kg,558.6,8.533899822244797,1.1981686896159935,1.3526475569605556
951,MSI,GP62M Leopard,Gaming,15.6,Full HD 1920x1080,Intel Core i7 7700HQ 2.8GHz,8GB,128GB SSD +  1TB HDD,Nvidia GeForce GTX 1050,Windows 10,2.2kg,1199.0,8.83672735193231,1.8146733683993603,0.8680569443193663
952,Dell,Latitude 7480,Ultrabook,14.0,Full HD 1920x1080,Intel Core i5 7200U 2.5GHz,8GB,256GB SSD,Intel HD Graphics 620,Windows 10,1.36kg,1639.0,7.722466731354511,2.940104224040435,3.5737709996780778
953,Dell,Alienware 17,Gaming,17.3,2560x1440,Intel Core i7 6820HK 2.7GHz,16GB,512GB SSD +  1TB HDD,Nvidia GeForce GTX 1080,Windows 10,4.36kg,2758.0,5.187555660811461,5.942333902211544,4.61168714660968
954,HP,Omen 17-W006na,Gaming,17.3,IPS Panel Full HD 1920x1080,Intel Core i5 6300HQ 2.3GHz,8GB,128GB SSD +  1TB HDD,Nvidia GeForce GTX 965M,Windows 10,2.75kg,1399.0,6.908245932540078,0.8161172591543657,2.61716318521034
955,Asus,X751SV-TY001T (N3710/4GB/1TB/GeForce,Notebook,17.3,1600x900,Intel Pentium Quad Core N3710 1.6GHz,4GB,1TB HDD,Nvidia GeForce 920MX,Windows 10,2.8kg,530.0,10.0,1.8946139418314392,1.7740765692794225
956,Acer,TravelMate P259-G2,Notebook,15.6,1366x768,Intel Core i5 7200U 2.5GHz,4GB,500GB HDD,Intel HD Graphics 620,Windows 10,2.23kg,619.0,9.769106090046254,0.8345396023392454,0.0
957,Toshiba,Tecra A50-C-1ZV,Notebook,15.6,1366x768,Intel Core i5 6200U 2.3GHz,8GB,256GB SSD,Intel HD Graphics 520,Windows 10,2.2kg,1119.0,8.325722600115734,0.8759094702022567,1.566276245895589
958,Lenovo,Yoga 700-11ISK,2 in 1 Convertible,11.3,IPS Panel Full HD / Touchscreen 1920x1080,Intel Core M m7-6Y75 1.2GHz,8GB,256GB SSD,Intel HD Graphics 515,Windows 10,1.1kg,1299.0,9.578575419622943,0.834483276623998,1.473570536127818
959,Lenovo,IdeaPad Y700-15ACZ,Gaming,15.6,IPS Panel Full HD 1920x1080,AMD FX 8800P 2.1GHz,16GB,512GB SSD +  1TB HDD,AMD Radeon R9 M385,Windows 10,2.5kg,999.0,7.751527123647938,1.2411087506695124,0.13811752299877433
960,Dell,Latitude 7280,Ultrabook,12.5,Full HD / Touchscreen 1920x1080,Intel Core i5 7200U 2.5GHz,8GB,256GB SSD,Intel HD Graphics,Windows 10,1.36kg,1472.2,6.5885250109395335,2.928374941860243,2.468422834404611
961,Lenovo,IdeaPad 310-15IKB,Notebook,15.6,Full HD 1920x1080,Intel Core i7 7500U 2.7GHz,8GB,1TB HDD,Nvidia GeForce 920MX,No OS,2.2kg,685.0,8.584026286711039,0.760407961081939,2.8716924986515053
962,Dell,Insprion 5767,Notebook,17.3,1600x900,Intel Core i3 6006U 2.0GHz,4GB,1TB HDD,AMD Radeon R7 M445,Windows 10,2.36kg,659.0,9.144965786071719,2.0274893450417597,0.0
963,Acer,Chromebook 14,Notebook,14.0,1366x768,Intel Celeron Dual Core N3060 1.6GHz,4GB,32GB Flash Storage,Intel HD Graphics 400,Chrome OS,1.68kg,349.0,9.899312909669124,0.0,0.26953416094945326
964,HP,ZBook Studio,Workstation,15.6,IPS Panel Full HD 1920x1080,Intel Core i7 6820HQ 2.7GHz,8GB,8GB SSD,Nvidia Quadro M1000M,Windows 10,2.0kg,2249.0,6.304901449073586,3.4924385463645065,4.014544052701169
965,Dell,Latitude 7480,Ultrabook,14.0,Full HD 1920x1080,Intel Core i7 7600U 2.8GHz,8GB,256GB SSD,Intel HD Graphics 620,Windows 10,1.36kg,1775.0,7.579534612570088,1.7001949491108546,2.8005722659662946
966,Toshiba,Portege Z30-C-1CW,Notebook,13.3,Full HD 1920x1080,Intel Core i5 6200U 2.3GHz,8GB,256GB SSD,Intel HD Graphics 520,Windows 7,1.2kg,1460.0,6.828304325626547,2.4613696411210713,2.0799616930085048
967,Asus,Chromebook Flip,2 in 1 Convertible,12.5,Full HD 1920x1080,Intel Core M M7-6Y75 1.2GHz,8GB,64GB Flash Storage,Intel HD Graphics 515,Chrome OS,1.2kg,1159.0,9.49256442587464,2.3719571694618065,0.623074166627307
968,Lenovo,Thinkpad T460,Ultrabook,14.0,IPS Panel Full HD 1920x1080,Intel Core i7 6600U 2.6GHz,8GB,256GB SSD,Intel HD Graphics 520,Windows 10,1.7kg,1488.99,7.714886652222653,1.8827829701184489,2.4056217994154223
969,Dell,Alienware 17,Gaming,17.3,IPS Panel 4K Ultra HD 3840x2160,Intel Core i7 7700HQ 2.8GHz,16GB,512GB SSD +  1TB HDD,Nvidia GeForce GTX 1070,Windows 10,4.36kg,3154.0,5.864300800291598,2.946164779677196,4.424124683366163
970,Dell,XPS 13,2 in 1 Convertible,13.3,Full HD / Touchscreen 1920x1080,Intel Core i5 7Y54 1.2GHz,8GB,256GB SSD,Intel HD Graphics 615,Windows 10,1.24kg,1899.0,7.362787872038872,3.0705509225004866,1.1594550410804483
971,HP,ProBook x360,2 in 1 Convertible,11.6,Touchscreen 1366x768,Intel Pentium Quad Core N4200 1.1GHz,4GB,256GB SSD,Intel HD Graphics 505,Windows 10,1.45kg,775.0,9.351056583761846,1.363736832947989,1.970019767972166
972,Dell,XPS 13,Ultrabook,13.3,Quad HD+ 3200x1800,Intel Core i7 6500U 2.5GHz,8GB,256GB SSD,Intel HD Graphics 520,Windows 10,1.3kg,1268.0,8.609400322076057,2.1698493060790627,2.613122157983339
973,Acer,Chromebook C738T-C2EJ,2 in 1 Convertible,11.6,IPS Panel Touchscreen 1366x768,Intel Celeron Dual Core N3060 1.6GHz,4GB,32GB Flash Storage,Intel HD Graphics 400,Chrome OS,1.25kg,389.0,9.995297649701616,1.3514949517699595,0.40419797979310007
974,Toshiba,Portege Z30-C-16Z,Notebook,13.3,Full HD 1920x1080,Intel Core i5 6300U 2.4GHz,8GB,256GB SSD,Intel HD Graphics 520,Windows 10,1.2kg,1535.0,8.217131794391925,1.4402034697828707,2.480306164066672
975,Lenovo,ThinkPad X270,Ultrabook,12.5,IPS Panel Full HD 1920x1080,Intel Core i5 7300U 2.6GHz,8GB,256GB SSD,Intel HD Graphics 620,Windows 10,1.36kg,1760.0,8.386528775160796,3.2209661333055077,3.5362476591175973
976,Acer,Aspire F5-573G-510L,Notebook,15.6,Full HD 1920x1080,Intel Core i5 7200U 2.5GHz,12GB,128GB SSD +  1TB HDD,Nvidia GeForce GTX 950M,Windows 10,2.4kg,1009.0,8.747934235339237,2.363288710404321,1.588754425844407
977,Toshiba,Portege X20W-D-10V,Ultrabook,12.5,Full HD / Touchscreen 1920x1080,Intel Core i7 7500U 2.7GHz,8GB,512GB SSD,Intel HD Graphics 620,Windows 10,1.1kg,1790.0,7.839776845733257,1.304556093132339,3.450640204146604
978,HP,ProBook 450,Notebook,15.6,1366x768,Intel Core i5 7200U 2.50GHz,8GB,1TB HDD,Nvidia GeForce 930MX,Windows 10,2.04kg,846.5,8.793190347523804,1.3907425577815953,0.8970353363473333
979,Dell,Inspiron 3567,Notebook,15.6,1366x768,Intel Core i3 6006U 2.0GHz,4GB,1TB HDD,AMD Radeon R5 M430,Linux,2.25kg,465.62,10.0,0.08884178920230162,1.5417726448675961
980,Dell,Latitude 5580,Notebook,15.6,1366x768,Intel Core i5 7200U 2.5GHz,4GB,500GB HDD,Intel HD Graphics 620,Windows 10,1.9kg,825.0,8.360151981137394,1.0335160387338733,1.3553627579613372
981,HP,ProBook 450,Notebook,15.6,Full HD 1920x1080,Intel Core i3 7100U 2.4GHz,4GB,500GB HDD,Intel HD Graphics 620,Windows 10,2.04kg,685.0,10.0,1.1405884442146355,1.0176888122686656
982,Dell,Alienware 17,Gaming,17.3,IPS Panel Full HD 1920x1080,Intel Core i7 7700HQ 2.8GHz,32GB,256GB SSD +  1TB HDD,Nvidia GeForce GTX 1070,Windows 10,4.42kg,3149.0,4.946776593071023,4.63131419512266,4.005048175443876
983,Lenovo,IdeaPad 310-15IKB,Notebook,15.6,Full HD 1920x1080,Intel Core i5 7200U 2.5GHz,6GB,256GB SSD,Nvidia GeForce 920MX,Windows 10,2.4kg,695.0,7.976055023790793,0.33875843118547844,1.108889577956135
984,Dell,XPS 13,2 in 1 Convertible,13.3,Quad HD+ / Touchscreen 3200x1800,Intel Core i7 7Y75 1.3GHz,16GB,512GB SSD,Intel HD Graphics 615,Windows 10,1.22kg,1899.0,7.191091126865341,2.938714339053711,2.24582847106773
985,Dell,Latitude E7470,Ultrabook,14.0,Touchscreen 2560x1440,Intel Core i7 6600U 2.6GHz,8GB,256GB SSD,Intel HD Graphics 520,Windows 10,1.5kg,1962.98,6.435783146593936,2.149578776335918,2.508749346203365
986,Dell,Alienware 17,Gaming,17.3,Full HD 1920x1080,Intel Core i7 6700HQ 2.6GHz,32GB,256GB SSD +  1TB HDD,Nvidia GeForce GTX 1070,Windows 10,4.42kg,2800.0,6.240447328642457,3.563407407440374,3.7797670078956256
987,Toshiba,Tecra A40-C-1DF,Notebook,14.0,Full HD 1920x1080,Intel Core i5 6200U 2.3GHz,8GB,256GB SSD,Intel HD Graphics 520,Windows 10,1.95kg,1180.0,7.780010521199438,2.2413889217238525,0.8449023498392696
988,Asus,Rog Strix,Gaming,17.3,Full HD 1920x1080,Intel Core i7 7700HQ 2.8GHz,16GB,256GB SSD +  1TB HDD,Nvidia GeForce GTX 1060,Windows 10,2.73kg,2049.9,6.476977304061087,2.2470407212401637,4.865893071780658
989,HP,Probook 450,Notebook,15.6,IPS Panel Full HD 1920x1080,Intel Core i5 7200U 2.70GHz,8GB,128GB SSD +  1TB HDD,Nvidia GeForce 930MX,Windows 10,2.04kg,979.0,7.12971762621404,1.8916997897569054,2.4237210386202586
990,Lenovo,ThinkPad T460,Notebook,14.0,1366x768,Intel Core i5 6200U 2.3GHz,4GB,508GB Hybrid,Intel HD Graphics 520,Windows 7,1.70kg,1002.0,8.240686590170359,1.767541388713541,2.933762356145789
991,Asus,Q534UX-BHI7T19 (i7-7500U/16GB/2TB,2 in 1 Convertible,15.6,4K Ultra HD / Touchscreen 3840x2160,Intel Core i7 7500U 2.7GHz,16GB,512GB SSD +  2TB HDD,Nvidia GeForce GTX 950M,Windows 10,2.3kg,1799.0,5.31828050494156,1.3619706507227967,1.764300018110823
992,HP,15-bs053od (i7-7500U/6GB/1TB/W10),Notebook,15.6,1366x768,Intel Core i7 7500U 2.7GHz,6GB,1TB HDD,Intel HD Graphics 620,Windows 10,2.04kg,579.0,8.049333437413953,0.14149258192894432,0.7405473037261825
993,Asus,Rog GL753VE-DS74,Gaming,17.3,Full HD 1920x1080,Intel Core i7 7700HQ 2.8GHz,16GB,256GB SSD +  1TB HDD,Nvidia GeForce GTX 1050 Ti,Windows 10,2.99kg,1749.0,7.950103876814172,3.613515370539164,1.623421747937989
994,Dell,Inspiron 7579,2 in 1 Convertible,15.6,IPS Panel Full HD / Touchscreen 1920x1080,Intel Core i7 7500U 2.7GHz,12GB,512GB SSD,Intel HD Graphics 620,Windows 10,2.19kg,1299.0,8.729905949705476,1.1138017523034447,1.3421782754575386
995,Toshiba,Portege Z30-C-1CV,Notebook,13.3,Full HD 1920x1080,Intel Core i5 6200U 2.3GHz,4GB,128GB SSD,Intel HD Graphics 520,Windows 7,1.2kg,1195.0,8.617159298373121,1.3516833412073421,0.9887051643215924
996,Lenovo,IdeaPad 320-15ABR,Notebook,15.6,Full HD 1920x1080,AMD A12-Series 9720P 3.6GHz,6GB,256GB SSD,AMD Radeon 530,Windows 10,2.2kg,549.0,8.593507693091567,1.0025601070065806,1.6245785975583127
997,Fujitsu,LifeBook A556,Notebook,15.6,1366x768,Intel Core i5 6200U 2.3GHz,4GB,256GB SSD,Intel HD Graphics 520,Windows 10,2.3kg,649.0,9.160143151373337,1.4284001711391565,0.48470402123167233
998,Toshiba,Tecra A40-C-1KF,Notebook,14.0,1366x768,Intel Core i5 6200U 2.3GHz,4GB,500GB HDD,Intel HD Graphics 520,Windows 10,1.75kg,915.0,8.746485057335141,1.0494018025568086,2.1053363783476184
999,Dell,Inspiron 3567,Notebook,15.6,1366x768,Intel Core i5 7200U 2.5GHz,4GB,500GB HDD,AMD Radeon R5 M430,Windows 10,2.25kg,599.0,8.356008670586894,0.23929142230575845,1.200596289729886
1000,HP,Probook 450,Notebook,15.6,Full HD 1920x1080,Intel Core i5 7200U 2.5GHz,8GB,1TB HDD,Intel HD Graphics 620,Windows 10,2.04kg,806.0,10.0,2.204562556025473,2.909577668350498
1001,Lenovo,Legion Y520-15IKBN,Gaming,15.6,IPS Panel Full HD 1920x1080,Intel Core i7 7700HQ 2.8GHz,8GB,128GB SSD +  1TB HDD,Nvidia GeForce GTX 1060,Windows 10,2.5kg,1189.0,8.988809663684167,3.1041998998144344,0.5295247902645921
1002,Dell,Inspiron 5567,Notebook,15.6,1366x768,Intel Core i7 7500U 2.7GHz,8GB,1TB HDD,AMD Radeon R7 M445,Windows 10,2.36kg,749.0,8.852764525915171,1.7535505756465333,1.977850726850536
1003,Dell,Latitude 5480,Notebook,14.0,Full HD 1920x1080,Intel Core i5 7200U 2.5GHz,8GB,128GB SSD,Intel HD Graphics 620 ,Windows 10,1.6kg,1119.0,8.426571962334865,1.6631912229127785,2.5120894051813414
1004,HP,EliteBook Folio,Netbook,12.5,Full HD 1920x1080,Intel Core M 6Y75 1.2GHz,8GB,512GB SSD,Intel HD Graphics 515,Windows 10,0.97kg,1908.0,7.24012396787703,2.2799697011682714,2.1478792080593845
1005,HP,15-bs005nv (i3-6006U/4GB/1TB,Notebook,15.6,Full HD 1920x1080,Intel Core i3 6006U 2GHz,4GB,128GB SSD +  1TB HDD,AMD Radeon 520,Windows 10,2.1kg,499.0,7.8180888985095125,0.0,1.3542298759295828
1006,Lenovo,V110-15IAP (N3350/4GB/128GB/No,Notebook,15.6,1366x768,Intel Celeron Dual Core N3350 1.1GHz,4GB,128GB SSD,Intel HD Graphics 500,No OS,1.9kg,270.62,9.639186364025718,0.581083014170412,0.431987700378789
1007,Lenovo,ThinkPad T560,Notebook,15.6,Full HD 1920x1080,Intel Core i5 6200U 2.3GHz,8GB,256GB SSD,Intel HD Graphics 520,Windows 10,2.3kg,1349.0,7.4712902387325615,2.317840939580145,1.801141354906472
1008,Dell,Inspiron 5378,2 in 1 Convertible,13.3,Full HD / Touchscreen 1920x1080,Intel Core i5 7200U 2.5GHz,8GB,256GB SSD,Intel HD Graphics 620,Windows 10,1.68kg,889.0,7.991952937231747,2.328029929209464,0.5476026652747209
1009,Asus,ZenBook UX310UA-FB485T,Notebook,13.3,Quad HD+ 3200x1800,Intel Core i5 7200U 2.5GHz,8GB,256GB SSD,Intel HD Graphics 620,Windows 10,1.4kg,1150.0,8.127862381724992,2.1676174579951564,1.0719698228068961
1010,HP,Spectre 13-V111dx,Ultrabook,13.3,IPS Panel Full HD / Touchscreen 1920x1080,Intel Core i7 7500U 2.7GHz,8GB,256GB SSD,Intel HD Graphics 620,Windows 10,1.11kg,1349.0,9.455026858610418,0.7806581214613437,3.622972039497939
1011,Acer,Aspire ES1-533,Notebook,15.6,1366x768,Intel Pentium Quad Core N4200 1.1GHz,4GB,500GB HDD,Intel HD Graphics 505,Windows 10,2.4kg,380.0,10.0,1.1892374190728496,0.34822558006050086
1012,Asus,Rog GL553VE-DS74,Gaming,15.6,Full HD 1920x1080,Intel Core i7 7700HQ 2.8GHz,16GB,256GB SSD +  1TB HDD,Nvidia GeForce GTX 1050 Ti,Windows 10,2.5kg,1799.0,6.8004407744184885,1.9441675319037437,3.3683200349804414
1013,HP,EliteBook 840,Ultrabook,14.0,Full HD 1920x1080,Intel Core i7 7500U 2.7GHz,8GB,512GB SSD,Intel HD Graphics 620,Windows 10,1.48kg,2089.0,7.225998714536404,2.924890492986642,2.599348005214481
1014,Acer,Nitro 5,Gaming,15.6,IPS Panel Full HD 1920x1080,Intel Core i7 7700HQ 2.8GHz,8GB,128GB SSD +  1TB HDD,Nvidia GeForce GTX 1050,Windows 10,2.7kg,1260.0,9.28657295686374,2.033071557406419,1.2090290354277522
1015,HP,ENVY -,Notebook,13.3,IPS Panel Full HD 1920x1080,Intel Core i5 7200U 2.5GHz,8GB,256GB SSD,Intel HD Graphics 620,Windows 10,1.34kg,1189.0,9.026626777553844,3.3096141606035427,2.578668016176325
1016,Dell,Vostro 3568,Notebook,15.6,1366x768,Intel Core i3 7100U 2.4GHz,4GB,128GB SSD,Intel HD Graphics 620,Windows 10,2.18kg,547.0,9.418168430957236,3.1174707097831917,0.0
1017,HP,Probook 440,Notebook,14.0,1366x768,Intel Core i5 7200U 2.5GHz,4GB,500GB HDD,Intel HD Graphics 620,Windows 10,1.64kg,779.0,8.46135353142204,1.5064754937224483,0.6889260320892848
1018,Toshiba,Portege Z30-C-16H,Notebook,13.3,Full HD 1920x1080,Intel Core i5 6200U 2.3GHz,4GB,128GB SSD,Intel HD Graphics 520,Windows 10,1.2kg,1195.0,8.835371899836021,1.576649456078542,1.750428679912638
1019,HP,EliteBook 840,Notebook,14.0,1366x768,Intel Core i5 6300U 2.4GHz,4GB,256GB SSD,Intel HD Graphics 520,Windows 10,1.48kg,1099.99,8.751935987662295,1.9904568394595457,1.6519504021471474
1020,HP,ProBook 640,Notebook,14.0,Full HD 1920x1080,Intel Core i5 7200U 2.5GHz,4GB,256GB SSD,Intel HD Graphics 620,Windows 10,1.95kg,1205.0,8.976070187836532,2.450208728884723,1.5968097601727291
1021,HP,EliteBook 1040,Ultrabook,14.0,Full HD 1920x1080,Intel Core i7 6600U 2.6GHz,8GB,256GB SSD,Intel HD Graphics 520,Windows 7,1.43kg,1449.0,8.356238707168359,1.8953646337314618,2.4685545590539535
1022,HP,ProBook 440,Notebook,14.0,Full HD 1920x1080,Intel Core i5 7200U 2.5GHz,8GB,256GB SSD,Nvidia GeForce 930MX,Windows 10,1.64kg,1049.26,9.362410104744919,2.9134011522404064,2.031516672164798
1023,HP,Probook 440,Notebook,14.0,1366x768,Intel Core i3 7100U 2.4GHz,4GB,500GB HDD,Intel HD Graphics 620,Windows 10,1.64kg,684.0,8.711052337080659,1.0448161010240078,1.44846953003835
1024,Dell,Inspiron 7567,Gaming,15.6,Full HD 1920x1080,Intel Core i5 7300HQ 2.5GHz,8GB,1.0TB Hybrid,Nvidia GeForce GTX 1050,Windows 10,2.65kg,949.0,9.74589837487033,1.7062113489102462,0.5193738307028695
1025,HP,EliteBook 820,Ultrabook,12.5,Full HD 1920x1080,Intel Core i5 7200U 2.5GHz,4GB,500GB HDD,Intel HD Graphics 620,Windows 10,1.26kg,1539.0,7.85428221539949,2.8365368699979996,2.0764733900113925
1026,HP,Elitebook 840,Notebook,14.0,Full HD 1920x1080,Intel Core i5 7200U 2.5GHz,4GB,256GB SSD,Intel HD Graphics 620,Windows 10,1.48kg,1590.0,9.270335280378694,2.7271427062130833,3.345683707223069
1027,HP,EliteBook 840,Ultrabook,14.0,Full HD 1920x1080,Intel Core i7 6500U 2.5GHz,8GB,256GB SSD,Intel HD Graphics 520,Windows 10,1.54kg,1887.21,6.557156074642269,3.562646071261766,3.607211420945174
1028,HP,Probook 430,Notebook,13.3,1366x768,Intel Core i3 7100U 2.4GHz,4GB,500GB HDD,Intel HD Graphics 620,Windows 10,1.49kg,800.0,10.0,0.562737535150647,0.0
1029,Toshiba,Portege A30-C-1CZ,Notebook,13.3,1366x768,Intel Core i5 6200U 2.3GHz,8GB,256GB SSD,Intel HD Graphics 520,Windows 10,1.5kg,1210.0,8.409805420019064,1.3018818035942303,2.029707127032816
1030,HP,ProBook 450,Notebook,15.6,1366x768,Intel Core i3 7100U 2.4GHz,4GB,256GB SSD,Intel HD Graphics 620,Windows 10,2.04kg,769.99,8.472975301749791,0.12576690898129372,0.0
1031,Lenovo,ThinkPad P70,Notebook,17.3,IPS Panel 4K Ultra HD 3840x2160,Intel Core i7 6820HQ 2.7GHz,16GB,512GB SSD,Nvidia Quadro 3000M,Windows 7,2.4kg,2968.0,4.897279518410551,5.0672127988421725,4.753159735994287
1032,Toshiba,Tecra Z40-C-12Z,Notebook,14.0,IPS Panel Full HD 1920x1080,Intel Core i5 6200U 2.3GHz,8GB,256GB SSD,Intel HD Graphics 520,Windows 10,1.47kg,1490.0,7.5226251070310415,2.8442462492231937,3.739310659810284
1033,HP,EliteBook 1040,Notebook,14.0,Full HD 1920x1080,Intel Core i7 6500U 2.5GHz,8GB,256GB SSD,Intel HD Graphics 520,Windows 10,1.43kg,2229.0,6.870978326741786,3.834572723301256,2.7100402565645583
1034,Dell,Inspiron 5568,2 in 1 Convertible,15.6,IPS Panel Full HD / Touchscreen 1920x1080,Intel Core i3 6100U 2.3GHz,4GB,1TB HDD,Intel HD Graphics 520,Windows 10,2.08kg,795.99,9.368496238529666,2.3893660985767644,0.38231371550546844
1035,Toshiba,PortÃ©gÃ© Z30-C-16K,Ultrabook,13.3,Full HD 1920x1080,Intel Core i5 6200U 2.3GHz,8GB,256GB SSD,Intel HD Graphics 520,Windows 10,1.2kg,1590.0,7.151166579127619,2.3853966026582816,3.0010972429798066
1036,HP,Spectre 13-V100nv,Notebook,13.3,IPS Panel Full HD 1920x1080,Intel Core i5 7200U 2.5GHz,8GB,256GB SSD,Intel HD Graphics 620,Windows 10,1.11kg,1149.0,8.33494670593805,2.180562944727175,0.41132840808544757
1037,HP,ProBook 440,Notebook,14.0,Full HD 1920x1080,Intel Core i7 7500U 2.7GHz,8GB,256GB SSD,Nvidia GeForce 930MX,Windows 10,1.64kg,1185.43,10.0,0.8336941514092238,1.2008508284126438
1038,Dell,Latitude E5570,Notebook,15.6,Full HD 1920x1080,Intel Core i5 6300U 2.4GHz,8GB,500GB HDD,Intel HD Graphics 520,Windows 10,2.09kg,1046.44,9.909561962240906,1.1627928118601416,1.9496254839050646
1039,HP,Elitebook 820,Ultrabook,12.5,1366x768,Intel Core i5 7200U 2.5GHz,4GB,256GB SSD,Intel HD Graphics 620,Windows 10,1.26kg,1559.0,8.011506193123193,2.893982948668656,1.8301240644645111
1040,HP,ProBook 650,Notebook,14.0,1366x768,Intel Core i5 7200U 2.5GHz,4GB,500GB HDD,Intel HD Graphics 620,Windows 10,2.31kg,1189.0,8.31732261375819,2.3923618573708865,1.524304179007594
1041,HP,ProBook 640,Notebook,14.0,1366x768,Intel Core i5 7200U 2.5GHz,4GB,500GB HDD,Intel HD Graphics 620,Windows 10,1.95kg,1060.0,8.60066641158558,1.2601850916576836,2.0907072180410573
1042,Dell,XPS 13,Ultrabook,13.3,Quad HD+ / Touchscreen 3200x1800,Intel Core i5 7200U 2.5GHz,8GB,256GB SSD,Intel HD Graphics 620,Windows 10,1.29kg,1624.0,8.043556994218088,2.3899779824797918,2.784494250795494
1043,HP,Probook 470,Notebook,17.3,Full HD 1920x1080,Intel Core i5 7200U 2.5GHz,8GB,256GB SSD,Nvidia GeForce 930MX,Windows 10,2.63kg,1080.0,7.652652023790641,0.31481492670598543,1.7425686410869545
1044,HP,ProBook 440,Notebook,14.0,1366x768,Intel Core i5 7200U 2.5GHz,4GB,256GB SSD,Intel HD Graphics 620,Windows 10,1.64kg,973.0,8.445575563310268,1.0628998461057675,1.077225383335024
1045,Acer,Aspire 3,Notebook,15.6,1366x768,AMD A9-Series 9420 3GHz,6GB,1TB HDD,AMD Radeon R5,Windows 10,2.1kg,409.0,8.268508268324087,1.1089310033896687,0.692673364789004
1046,MSI,GL72M 7RDX,Gaming,17.3,Full HD 1920x1080,Intel Core i7 7700HQ 2.8GHz,8GB,128GB SSD +  1TB HDD,Nvidia GeForce GTX 1050,Windows 10,2.7kg,1191.8,8.601572590911228,2.1779699200582487,1.6188197630931904
1047,HP,Probook 640,Notebook,14.0,Full HD 1920x1080,Intel Core i5 6200U 2.3GHz,8GB,256GB SSD,Intel HD Graphics 520,Windows 7,1.95kg,1195.0,8.794550000707341,2.1237393281598202,2.0894512389954802
1048,HP,EliteBook 850,Notebook,15.6,Full HD 1920x1080,Intel Core i7 6500U 2.5GHz,8GB,256GB SSD,Intel HD Graphics 520,Windows 10,1.84kg,1228.99,7.832876990498054,1.8203927894072154,1.3830282195680648
1049,HP,EliteBook 820,Ultrabook,12.5,Full HD 1920x1080,Intel Core i7 6500U 2.5GHz,8GB,256GB SSD,Intel HD Graphics 520,Windows 10,1.26kg,1349.0,9.276067047762826,1.9887728897717394,1.8370671833655654
1050,HP,ProBook 450,Notebook,15.6,1366x768,Intel Core i5 7200U 2.5GHz,4GB,500GB HDD,Intel HD Graphics 620,Windows 10,2.04kg,742.0,8.060737680568591,0.43039287745077826,0.16668355498792475
1051,Toshiba,Tecra Z40-C-136,Ultrabook,14.0,IPS Panel Full HD 1920x1080,Intel Core i7 6600U 2.6GHz,8GB,256GB SSD,Intel HD Graphics 520,Windows 10,1.47kg,1725.0,6.2107785768448025,3.1767842551493692,2.589715430982353
1052,Dell,Latitude E5570,Notebook,15.6,Full HD 1920x1080,Intel Core i5 6300U 2.4GHz,8GB,256GB SSD,Intel HD Graphics 520,Windows 7,2.09kg,1062.95,8.679223902105361,1.837115908254128,0.8515368618395402
1053,HP,ProBook 440,Notebook,14.0,Full HD 1920x1080,Intel Core i5 7200U 2.5GHz,8GB,256GB SSD,Intel HD Graphics 620,Windows 10,1.64kg,1010.51,9.425847418461032,1.8054463020229314,0.5205940634990973
1054,Lenovo,Yoga 500-15ISK,2 in 1 Convertible,15.6,IPS Panel Full HD / Touchscreen 1920x1080,Intel Core i7 6500U 2.5GHz,4GB,256GB SSD,Intel HD Graphics 520,Windows 10,1.8kg,847.0,10.0,0.7150371047688893,1.3427938971872642
1055,Vero,V142 (X5-Z8350/2GB/32GB/W10),Notebook,14.0,1366x768,Intel Atom X5-Z8350 1.44GHz,2GB,32GB Flash Storage,Intel HD Graphics 400,Windows 10,1.45kg,210.8,9.5707828850635,0.0,0.2323015253274785
1056,Toshiba,Tecra A50-C-218,Notebook,15.6,IPS Panel Full HD 1920x1080,Intel Core i7 6500U 2.5GHz,16GB,256GB SSD,Nvidia GeForce 930M,Windows 10,2.4kg,1425.0,8.751552261681745,2.9891145744662477,2.7376913930221494
1057,Lenovo,Thinkpad L560,Notebook,15.6,Full HD 1920x1080,Intel Core i5 6200U 2.3GHz,8GB,256GB SSD,Intel HD Graphics 520,Windows 10,2.3kg,1049.6,8.491387317226438,1.0947359423662724,1.1329054515129164
1058,HP,EliteBook 840,Notebook,14.0,Full HD 1920x1080,Intel Core i5 6200U 2.3GHz,4GB,500GB HDD,Intel HD Graphics 520,Windows 10,1.54kg,1000.0,8.467805333043124,0.7038722157697229,1.720535104473624
1059,HP,EliteBook 850,Notebook,15.6,Full HD 1920x1080,Intel Core i5 6300U 2.4GHz,8GB,256GB SSD +  500GB HDD,Intel HD Graphics 520,Windows 10,1.84kg,2103.34,7.450657907795244,3.8110531717252885,3.696908100013024
1060,HP,EliteBook 1040,Notebook,14.0,Full HD 1920x1080,Intel Core i5 6200U 2.3GHz,8GB,256GB SSD,Intel HD Graphics 520,Windows 7,1.43kg,1469.0,8.336204294291917,1.8720438965035149,2.5414730547040945
1061,MSI,GT72S Dominator,Gaming,17.3,IPS Panel Full HD 1920x1080,Intel Core i7 6820HK 2.7GHz,16GB,256GB SSD +  1TB HDD,Nvidia GeForce GTX 980M,Windows 10,3.78kg,1545.64,6.423882055003318,3.1629533266465804,1.654481273167569
1062,Lenovo,IdeaPad Y900-17ISK,Gaming,17.3,IPS Panel Full HD 1920x1080,Intel Core i7 6700HQ 2.6GHz,16GB,128GB SSD +  1TB HDD,Nvidia GeForce GTX 980M,Windows 10,4.6kg,2289.99,7.60994114054021,4.064895898901864,3.690781925057457
1063,Asus,Chromebook C202SA,Netbook,11.6,1366x768,Intel Celeron Dual Core N3060 1.6GHz,4GB,16GB Flash Storage,Intel HD Graphics 400,Chrome OS,1.2kg,287.9,10.0,0.7390917454802133,0.4835485237635603
1064,Lenovo,ThinkPad X1,Notebook,14.0,IPS Panel 2560x1440,Intel Core i7 6600U 2.6GHz,16GB,256GB SSD,Intel HD Graphics 520,Windows 7,1.1kg,2620.0,5.371279796598284,3.035505473233665,4.134012815720446
1065,HP,Noteb Pav,Notebook,15.6,IPS Panel Full HD 1920x1080,Intel Core i7 7500U 2.7GHz,8GB,1TB HDD,Nvidia GeForce 940MX,Windows 10,1.91kg,979.0,8.957993037720392,2.3282049773386566,0.0
1066,Dell,Inspiron 5578,2 in 1 Convertible,15.6,IPS Panel Full HD / Touchscreen 1920x1080,Intel Core i5 7200U 2.7GHz,8GB,256GB SSD,Intel HD Graphics 620,Windows 10,2.3kg,1094.0,8.842481532992435,1.7617430410208403,1.6811343152125395
1067,HP,ProBook 450,Notebook,15.6,1366x768,Intel Core i5 7200U 2.5GHz,4GB,256GB SSD,Intel HD Graphics 620,Windows 10,2.04kg,979.0,8.84988922362959,1.0632280776325733,3.1286746205473297
1068,Dell,XPS 13,Ultrabook,13.3,Quad HD+ / Touchscreen 3200x1800,Intel Core i7 7500U 2.7GHz,16GB,1TB SSD,Intel HD Graphics 620,Windows 10,1.2kg,2254.0,6.049207353716913,3.625259297080552,3.222517108201165
1069,HP,ProBook 650,Notebook,15.6,1366x768,Intel Core i3 6100U 2.3GHz,4GB,500GB HDD,Intel HD Graphics 520,Windows 10,2.31kg,705.15,8.566245609447027,0.0,0.31399401791827464
1070,HP,250 G5,Notebook,15.6,1366x768,Intel Core i5 7200U 2.5GHz,4GB,500GB HDD,Intel HD Graphics 620,No OS,1.96kg,499.0,9.43103353645579,0.8754454559355916,0.8472020545201735
1071,Acer,Aspire ES1-523,Notebook,15.6,1366x768,AMD A8-Series 7410 2.2GHz,8GB,1TB HDD,AMD Radeon R5,Windows 10,2.4kg,449.0,10.0,0.0,0.7140375894703038
1072,Dell,Inspiron 7378,2 in 1 Convertible,13.3,IPS Panel Full HD / Touchscreen 1920x1080,Intel Core i7 7500U 2.7GHz,12GB,256GB SSD,Intel HD Graphics 620,Windows 10,1.6kg,1299.0,8.536145946460357,0.8165979485403625,2.8529223095483216
1073,MSI,GT62VR 6RD,Gaming,15.6,Full HD 1920x1080,Intel Core i7 6700HQ 2.6GHz,16GB,256GB SSD +  1TB HDD,Nvidia GeForce GTX 1060,Windows 10,2.94kg,1819.0,6.927137226314237,1.558483959042565,1.7700767832897677
1074,HP,ProBook 450,Notebook,15.6,Full HD 1920x1080,Intel Core i7 7500U 2.7GHz,8GB,256GB SSD,Intel HD Graphics 620,Windows 10,2.04kg,1070.0,9.105122681598845,2.4023869869117713,2.097340488979825
1075,Asus,Rog G752VL-GC088D,Gaming,17.3,IPS Panel Full HD 1920x1080,Intel Core i7 6700HQ 2.6GHz,16GB,1TB HDD,Nvidia GeForce GTX 965M,No OS,4kg,998.0,6.330448603917881,0.887306584623828,1.8630549485792298
1076,Dell,Inspiron 3567,Notebook,15.6,Full HD 1920x1080,Intel Core i5 7200U 2.5GHz,4GB,1TB HDD,Intel HD Graphics,Windows 10,2.25kg,559.0,10.0,1.8767711974690644,0.536071799983428
1077,Dell,Inspiron 5567,Notebook,15.6,Full HD 1920x1080,Intel Core i7 7500U 2.7GHz,16GB,2TB HDD,AMD Radeon R7 M445,Windows 10,2.32kg,989.99,7.2310306647412315,0.9485571417944487,1.648148166573639
1079,MSI,GS63VR 6RF,Gaming,15.6,Full HD 1920x1080,Intel Core i7 6700HQ 2.6GHz,16GB,256GB SSD +  1TB HDD,Nvidia GeForce GTX 1060,Windows 10,1.8kg,1929.0,6.748021930421798,1.596138950381339,3.7855913017343825
1080,Dell,XPS 13,Ultrabook,13.3,Full HD 1920x1080,Intel Core i7 7500U 2.7GHz,8GB,256GB SSD,Intel HD Graphics 620,Windows 10,1.29kg,1458.0,6.937175476704148,1.2738690556360095,2.864940911617697
1081,Asus,ROG G701VO,Gaming,17.3,IPS Panel Full HD 1920x1080,Intel Core i7 6820HK 2.7GHz,64GB,1TB SSD,Nvidia GeForce GTX 980 ,Windows 10,3.58kg,3975.0,2.549064946005554,7.403839169423273,5.500774423758739
1082,Dell,Inspiron 5368,2 in 1 Convertible,13.3,Full HD / Touchscreen 1920x1080,Intel Core i7 6500U 2.5GHz,8GB,256GB SSD,Intel HD Graphics 520,Windows 10,1.62kg,798.01,9.875479995303658,0.9284628922498221,1.709307984003544
1083,Dell,Alienware 15,Gaming,15.6,4K Ultra HD 3840x2160,Intel Core i7 6700HQ 2.6GHz,16GB,256GB SSD +  1TB HDD,Nvidia GeForce GTX 970M,Windows 10,3.21kg,1329.0,7.676471950342892,1.5107372514151143,1.8976162045815803
1084,Apple,"MacBook 12""",Ultrabook,12.0,IPS Panel Retina Display 2304x1440,Intel Core M 1.1GHz,8GB,256GB Flash Storage,Intel HD Graphics 515,Mac OS X,0.920kg,1300.0,8.376781164456302,2.0284365216105,1.9587212193406822
1085,Dell,Latitude 3570,Notebook,15.6,1366x768,Intel Core i3 6100U 2.3GHz,4GB,500GB HDD,Intel HD Graphics 520,Windows 10,2.06kg,481.98,9.442666068542223,0.9212236572884664,0.578355061155786
1086,HP,ProBook 650,Notebook,15.6,1366x768,Intel Core i5 6200U 2.3GHz,4GB,500GB HDD,Intel HD Graphics 520,Windows 10,2.31kg,1199.0,8.651674855871324,2.6238768586291417,1.609763414868565
1087,HP,EliteBook 820,Ultrabook,12.5,Full HD 1920x1080,Intel Core i5 6200U 2.3GHz,8GB,256GB SSD,Intel HD Graphics 520,Windows 7,1.26kg,1199.0,8.331499706941031,2.888757189821514,2.683323803592825
1088,HP,ProBook 430,Notebook,13.3,Full HD 1920x1080,Intel Core i7 7500U 2.7GHz,8GB,256GB SSD,Intel HD Graphics 620,Windows 10,1.49kg,1090.0,7.42761465946771,1.2581766445501659,1.4790171933020648
1089,Lenovo,ThinkPad Yoga,Ultrabook,12.5,IPS Panel Full HD / Touchscreen 1920x1080,Intel Core i7 6500U 2.5GHz,8GB,256GB SSD,Intel HD Graphics 520,Windows 10,1.3kg,1713.49,8.198718096907923,1.5374572097841586,1.7026584559432543
1090,Lenovo,IdeaPad 300-17ISK,Notebook,17.3,1600x900,Intel Core i5 6200U 2.3GHz,8GB,1.0TB HDD,AMD Radeon R5 M330,Windows 10,3.0kg,659.0,8.786429332627067,0.487793271945261,0.5037415160680987
1091,Lenovo,Ideapad 700-15ISK,Notebook,15.6,IPS Panel Full HD 1920x1080,Intel Core i5 6300HQ 2.3GHz,4GB,1TB HDD,Nvidia GeForce GTX 950M,Windows 10,2.3kg,977.0,7.399460219468824,1.5634986668696844,1.498230035051756
1092,MSI,GT72VR Dominator,Gaming,17.3,Full HD 1920x1080,Intel Core i7 7700HQ 2.8GHz,16GB,256GB SSD +  1TB HDD,Nvidia GeForce GTX 1070,Windows 10,3.78kg,2499.0,5.733457238315878,3.153043491942903,4.907422460349032
1093,Lenovo,V110-15ISK (i5-6200U/4GB/500GB/W10),Notebook,15.6,1366x768,Intel Core i5 6200U 2.3GHz,4GB,500GB HDD,Intel HD Graphics 520,Windows 10,2.1kg,540.0,10.0,0.0,1.1001972669464086
1094,HP,Probook 650,Notebook,15.6,Full HD 1920x1080,Intel Core i5 6200U 2.3GHz,4GB,500GB HDD,Intel HD Graphics 520,Windows 7,2.31kg,940.0,9.387350389471385,1.5678573094593176,0.612398781221774
1095,Lenovo,Yoga 900S-12ISK,Ultrabook,12.5,IPS Panel Touchscreen 2560x1440,Intel Core M 6Y75 1.2GHz,8GB,512GB SSD,Intel HD Graphics 515,Windows 10,0.99kg,1399.0,7.653567743950505,2.028588667266846,4.05566248186632
1096,Lenovo,IdeaPad Y900-17ISK,Gaming,17.3,IPS Panel Full HD 1920x1080,Intel Core i7 6820HK 2.7GHz,32GB,512GB SSD +  1.0TB Hybrid,Nvidia GeForce GTX 980M,Windows 10,4.6kg,3240.0,4.54591029224146,5.200921140633067,5.386503793086181
1097,Lenovo,Yoga Book,2 in 1 Convertible,10.1,IPS Panel Touchscreen 1920x1200,Intel Atom x5-Z8550 1.44GHz,4GB,64GB Flash Storage,Intel HD Graphics 400,Windows 10,0.69kg,646.27,8.945611790249723,0.19028390101631565,1.8173927591755832
1098,HP,Spectre x360,Ultrabook,13.3,IPS Panel 4K Ultra HD 3840x2160,Intel Core i7 7500U 2.7GHz,16GB,512GB SSD,Intel HD Graphics 620,Windows 10,1.3kg,2049.0,8.496841424823357,2.9802363906607026,3.043185415163533
1099,Dell,Vostro 3568,Notebook,15.6,Full HD 1920x1080,Intel Core i5 7200U 2.5GHz,8GB,256GB SSD,Intel HD Graphics 620,Windows 10,2.18kg,750.0,9.333396463051066,0.23276538331953367,1.3988392944985368
1100,HP,EliteBook 840,Notebook,14.0,Full HD 1920x1080,Intel Core i5 6200U 2.3GHz,4GB,500GB HDD,Intel HD Graphics 520,Windows 7,1.54kg,1030.99,8.897636693280283,2.158555353372403,2.1179714280872974
1101,HP,ZBook 15u,Workstation,15.6,Full HD 1920x1080,Intel Core i7 6500U 2.5GHz,8GB,256GB SSD,AMD FirePro W4190M,Windows 7,1.9kg,1495.0,8.59469089824657,3.057735332757905,3.2040916343823076
1102,Lenovo,ThinkPad T460,Notebook,14.0,Full HD 1920x1080,Intel Core i5 6200U 2.3GHz,8GB,180GB SSD,Intel HD Graphics 520,Windows 7,1.7kg,1199.0,8.461073521314038,0.2530075161166978,2.5758524502097533
1103,HP,Chromebook 13,Notebook,13.3,Quad HD+ 3200x1800,Intel Pentium Dual Core 4405Y 1.5GHz,4GB,32GB Flash Storage,Intel HD Graphics 515,Chrome OS,1.29kg,615.0,9.048462485875083,0.0006951093144262899,1.4420613975267367
1104,Acer,Aspire ES1-523,Notebook,15.6,1366x768,AMD A8-Series 7410 2.2GHz,4GB,500GB HDD,AMD Radeon R5,Windows 10,2.4kg,387.0,9.483426449845942,0.0,0.10742428593078907
1105,Dell,Inspiron 3552,Notebook,15.6,1366x768,Intel Pentium Quad Core N3700 1.6GHz,4GB,500GB HDD,Intel HD Graphics,Linux,2.2kg,393.49,9.572271735084781,0.0,0.0
1106,HP,250 G6,Notebook,15.6,1366x768,Intel Core i3 6006U 2GHz,4GB,1TB HDD,Intel HD Graphics 520,No OS,1.86kg,345.99,9.679943729779469,0.22352810518036953,0.5563644892720163
1107,Asus,Rog GL702VM-GC354T,Gaming,17.3,IPS Panel Full HD 1920x1080,Intel Core i7 7700HQ 2.8GHz,8GB,256GB SSD +  1TB HDD,Nvidia GeForce GTX 1060,Windows 10,2.7kg,1599.0,8.177040343770344,1.2453471153804163,3.151565749012096
1108,Dell,Inspiron 5370,Ultrabook,13.3,IPS Panel Full HD 1920x1080,Intel Core i5 8250U 1.6GHz,4GB,256GB SSD,AMD Radeon 530,Windows 10,1.4kg,818.35,8.954046160122632,0.35002269802295627,0.9093339879019212
1109,HP,Elitebook 820,Netbook,12.5,1366x768,Intel Core i5 6200U 2.3GHz,4GB,128GB SSD,Intel HD Graphics 520,Windows 7,2.4kg,1599.0,8.181048770633224,1.6018973934740415,3.2572008637107497
1110,Acer,Aspire F5-573G,Notebook,15.6,Full HD 1920x1080,Intel Core i5 7200U 2.5GHz,8GB,256GB SSD +  1TB HDD,Nvidia GeForce GTX 950M,Windows 10,2.4kg,799.0,8.880574415238028,1.2206661841942608,2.216945717064049
1111,Dell,Inspiron 5567,Notebook,15.6,Full HD 1920x1080,Intel Core i5 7200U 2.5GHz,8GB,1TB HDD,AMD Radeon R7 M445,Windows 10,2.36kg,638.8,9.278435578413209,0.8399480434686627,0.051415838580926576
1112,MSI,GS70 Stealth,Gaming,17.3,Full HD 1920x1080,Intel Core i7 6700HQ 2.6GHz,8GB,256GB SSD,Nvidia GeForce GTX 965M,Windows 10,2.6kg,1599.0,5.996376161235074,1.8276732484694378,1.7355267281022164
1113,HP,250 G5,Notebook,15.6,1366x768,Intel Pentium Quad Core N3710 1.6GHz,4GB,1TB HDD,Intel HD Graphics 405,Windows 10,1.96kg,500.0,10.0,0.6916676681756534,0.43791092333986587
1114,Asus,G752VY-GC162T (i7-6700HQ/16GB/1TB,Gaming,17.3,IPS Panel Full HD 1920x1080,Intel Core i7 6700HQ 2.6GHz,16GB,128GB SSD +  1TB HDD,Nvidia GeForce GTX 980M,Windows 10,4.3kg,2299.0,6.690692890423035,3.1491538226255464,3.832588024846716
1115,Dell,Latitude E5270,Ultrabook,12.5,1366x768,Intel Core i3 6100U 2.3GHz,4GB,500GB HDD,Intel HD Graphics 520,Windows 7,1.5kg,1135.15,9.176213995060719,1.4048700045661615,1.2025404818133634
1116,Dell,Latitude E5270,Ultrabook,12.5,1366x768,Intel Core i3 6100U 2.3GHz,4GB,128GB SSD,Intel HD Graphics 520,Windows 7,1.5kg,1166.97,6.007096963267833,3.014660406416045,2.757660877270931
1117,Acer,Chromebook 15,Notebook,15.6,1366x768,Intel Celeron Dual Core 3205U 1.5GHz,4GB,16GB SSD,Intel HD Graphics,Chrome OS,2.20kg,209.0,10.0,1.1314405713900841,0.39832521917256686
1118,HP,ZBook 17,Workstation,17.3,IPS Panel Full HD 1920x1080,Intel Core i7 6700HQ 2.6GHz,8GB,1TB HDD,AMD FirePro W6150M,Windows 7,3.0kg,2899.0,5.289172179332402,3.559491128601382,4.630713756736052
1119,Lenovo,Legion Y520-15IKBN,Gaming,15.6,Full HD 1920x1080,Intel Core i7 7700HQ 2.8GHz,16GB,512GB SSD,Nvidia GeForce GTX 1050 Ti,Windows 10,2.4kg,1199.0,9.156588447482841,2.3937437402105126,0.5812301868123508
1120,Dell,Latitude E5270,Ultrabook,12.5,1366x768,Intel Core i5 6200U 2.3GHz,8GB,256GB SSD,Intel HD Graphics 520,Windows 7,1.5kg,1413.1,7.076767241421939,2.7404252604709107,1.038655363735631
1121,MSI,GE72 Apache,Gaming,17.3,Full HD 1920x1080,Intel Core i7 6700HQ 2.6GHz,8GB,128GB SSD +  1TB HDD,Nvidia GeForce GTX 960M,Windows 10,2.9kg,1511.19,8.233358364556384,1.3382501284915764,2.481668159719116
1122,Lenovo,Yoga 500-15ISK,2 in 1 Convertible,15.6,IPS Panel Full HD / Touchscreen 1920x1080,Intel Core i5 6200U 2.3GHz,4GB,256GB SSD,Intel HD Graphics 520,Windows 10,2.1kg,867.0,7.987647296296517,1.8246423681684454,0.0
1123,HP,15-bw011nv (A6-9220/4GB/1TB/FHD/W10),Notebook,15.6,Full HD 1920x1080,AMD A6-Series 9220 2.5GHz,4GB,1TB HDD,AMD Radeon R4,Windows 10,2.1kg,398.0,9.122925759713398,1.6084046064600002,1.1881689994452151
1124,Asus,Rog GL552VW-CN470T,Gaming,15.6,IPS Panel Full HD 1920x1080,Intel Core i7 6700HQ 2.6GHz,16GB,128GB SSD +  1TB HDD,Nvidia GeForce GTX 960M,Windows 10,2.59kg,1339.0,9.564980357355033,1.0682088807428656,1.8397216502405405
1125,HP,EliteBook 1030,Notebook,13.3,Quad HD+ / Touchscreen 3200x1800,Intel Core M 6Y54 1.1GHz,8GB,256GB SSD,Intel HD Graphics 515,Windows 10,1.16kg,1699.0,7.273614416942065,1.8398374056358464,5.168314038123045
1126,Dell,Vostro 3559,Notebook,15.6,1366x768,Intel Core i5 6200U 2.3GHz,4GB,500GB HDD,AMD Radeon R5 M315,Windows 7,2.24kg,769.15,9.169473724704117,1.8186017473144644,2.850805574332551
1127,Lenovo,V110-15ISK (i3-6006U/4GB/128GB/W10),Notebook,15.6,1366x768,Intel Core i3 6006U 2.0GHz,4GB,128GB SSD,Intel HD Graphics 520,Windows 10,2.1kg,429.0,10.0,0.6475759954959615,0.28522049143742967
1128,HP,Spectre Pro,Ultrabook,13.3,Full HD 1920x1080,Intel Core i7 6500U 2.5GHz,8GB,512GB SSD,Intel HD Graphics 520,Windows 10,1.16kg,1969.0,7.367009645399181,3.4707168851705212,2.944466262953851
1129,Lenovo,Yoga Book,2 in 1 Convertible,10.1,IPS Panel Touchscreen 1920x1200,Intel Atom x5-Z8550 1.44GHz,4GB,64GB Flash Storage,Intel HD Graphics 400,Android,0.69kg,549.0,9.487423731709798,0.9053827655254607,1.4293766036066873
1130,Dell,XPS 13,Ultrabook,13.3,Full HD 1920x1080,Intel Core i7 7560U 2.4GHz,8GB,256GB SSD,Intel Iris Plus Graphics 640,Windows 10,1.23kg,1379.0,8.258213527711376,2.3463120110041187,3.3962933621960336
1131,Lenovo,IdeaPad Y900-17ISK,Gaming,17.3,IPS Panel Full HD 1920x1080,Intel Core i7 6820HK 2.7GHz,16GB,256GB SSD +  1.0TB Hybrid,Nvidia GeForce GTX 980M,Windows 10,4.6kg,2749.99,7.575070020933238,3.2864847446085172,3.0372392013085703
1132,Razer,Blade Stealth,Ultrabook,12.5,Touchscreen / 4K Ultra HD 3840x2160,Intel Core i7 6500U 2.5GHz,8GB,256GB SSD,Intel HD Graphics 520,Windows 10,1.25kg,1029.0,8.510866987689587,2.280892139980703,0.013937602399794802
1133,Toshiba,Portege X30-D-10K,Ultrabook,13.3,Full HD 1920x1080,Intel Core i7 7500U 2.7GHz,16GB,512GB SSD,Intel HD Graphics 620,Windows 10,1.05kg,2226.0,6.697588098131468,4.3989631331827255,2.965663294797001
1134,Asus,Rog GL752VW-T4308T,Gaming,17.3,Full HD 1920x1080,Intel Core i7 6700HQ 2.6GHz,8GB,128GB SSD +  1TB HDD,Nvidia GeForce GTX 960M,Windows 10,3.52kg,1312.49,8.919021407101447,1.737989514450219,2.387692176243733
1135,Vero,V131 (X5-Z8350/4GB/32GB/FHD/W10),Notebook,13.3,Full HD 1920x1080,Intel Atom X5-Z8350 1.44GHz,4GB,32GB Flash Storage,Intel HD Graphics 400,Windows 10,1.35kg,196.0,10.0,0.002349241836673767,0.43462967409384146
1136,HP,Spectre Pro,Notebook,13.3,Full HD 1920x1080,Intel Core i5 6200U 2.3GHz,8GB,256GB SSD,Intel HD Graphics 520,Windows 10,1.16kg,1690.0,8.390974455418768,1.3337637869849581,3.414466953016616
1137,HP,EliteBook 1040,Notebook,14.0,Full HD 1920x1080,Intel Core i5 6200U 2.3GHz,8GB,256GB SSD,Intel HD Graphics 520,Windows 7,1.43kg,1513.0,8.251068565809001,2.6713194166286143,1.3001575891220996
1138,Dell,Latitude E5570,Notebook,15.6,1366x768,Intel Core i5 6200U 2.3GHz,4GB,500GB HDD,Intel HD Graphics 520,Linux,2.09kg,523.63,8.495503242811393,1.0477387803755347,0.0
1139,Asus,VivoBook Max,Notebook,15.6,1366x768,Intel Core i3 7100U 2.4GHz,4GB,1TB HDD,Intel HD Graphics 620,Windows 10,2kg,435.0,10.0,0.39075351551447524,1.1269176853556404
1140,Lenovo,ThinkPad Yoga,2 in 1 Convertible,14.0,IPS Panel Full HD / Touchscreen 1920x1080,Intel Core i7 6500U 2.5GHz,8GB,256GB SSD,Intel HD Graphics 520,Windows 10,1.8kg,1669.0,6.559716934530197,3.422689438951254,1.8606497326826643
1141,Lenovo,Yoga Book,2 in 1 Convertible,10.1,IPS Panel Touchscreen 1920x1200,Intel Atom x5-Z8550 1.44GHz,4GB,64GB Flash Storage,Intel HD Graphics 400,Windows 10,0.69kg,479.0,9.727340439701775,0.2475061477054991,0.0
1142,HP,EliteBook 820,Ultrabook,12.5,1366x768,Intel Core i5 6300U 2.4GHz,8GB,256GB SSD,Intel HD Graphics 520,Windows 7,1.26kg,1895.0,6.491937969773543,3.3563260909258505,3.0206923469784757
1143,Lenovo,Legion Y520-15IKBN,Gaming,15.6,IPS Panel Full HD 1920x1080,Intel Core i5 7300HQ 2.5GHz,8GB,128GB SSD +  1TB HDD,Nvidia GeForce GTX 1060,No OS,2.4kg,989.0,8.573161896565269,0.5597959552066452,2.0100679767352796
1144,HP,Omen -,Gaming,17.3,IPS Panel Full HD 1920x1080,Intel Core i5 6300HQ 2.3GHz,8GB,128GB SSD +  1TB HDD,Nvidia GeForce GTX 1060,Windows 10,3.35kg,1129.0,8.651195582251223,1.5929726252921708,1.5141686402945393
1145,HP,15-bs078cl (i7-7500U/8GB/2TB/W10),Notebook,15.6,1366x768,Intel Core i7 7500U 2.7GHz,8GB,2TB HDD,Intel HD Graphics 620,Windows 10,2.04kg,629.0,9.489153282908742,0.628449083129208,0.40165378050548534
1146,Lenovo,ThinkPad P40,2 in 1 Convertible,14.0,IPS Panel Full HD / Touchscreen 1920x1080,Intel Core i7 6600U 2.6GHz,8GB,512GB SSD,Nvidia Quadro M500M,Windows 7,1.8kg,2050.38,7.170650527438861,3.3471324135821203,3.039396290232642
1147,Asus,L403NA-GA013TS (N3350/4GB/32GB/W10),Notebook,14.0,1366x768,Intel Celeron Dual Core N3350 1.1GHz,4GB,32GB Flash Storage,Intel HD Graphics 500,Windows 10,1.5kg,278.0,10.0,0.0,0.0
1148,HP,250 G6,Ultrabook,15.6,Full HD 1920x1080,Intel Core i7 7500U 2.7GHz,8GB,256GB SSD,Intel HD Graphics 620,Windows 10,1.84kg,752.0,9.387300015050847,0.8703493496230033,0.0
1149,Acer,Aspire E5-576G,Notebook,15.6,Full HD 1920x1080,Intel Core i5 7200U 2.5GHz,4GB,1TB HDD,Nvidia GeForce 940MX,Windows 10,2.23kg,616.0,9.058683130586045,1.4068292983346395,0.17424701958908906
1150,Lenovo,IdeaPad 500-15ISK,Notebook,15.6,Full HD 1920x1080,Intel Core i7 6500U 2.5GHz,16GB,1.0TB Hybrid,AMD Radeon R7 M360,Windows 10,2.5kg,1099.0,9.21008830003153,1.2117700448085822,1.9782053586102077
1151,HP,ZBook 17,Workstation,17.3,IPS Panel Full HD 1920x1080,Intel Core i7 6700HQ 2.6GHz,8GB,256GB SSD,Nvidia Quadro M3000M,Windows 7,3kg,3949.4,4.579593268776843,5.086721441771926,6.62932595546407
1153,Dell,Inspiron 5567,Notebook,15.6,1366x768,Intel Core i5 7200U 2.5GHz,8GB,1TB HDD,AMD Radeon R7 M445,Windows 10,2.5kg,784.0,7.988377882911502,2.4292029883432393,1.1639837097523593
1154,MSI,GT72S Dominator,Gaming,17.3,Full HD 1920x1080,Intel Core i7 6820HQ 2.7GHz,16GB,256GB SSD +  1TB HDD,Nvidia GeForce GTX 980M,Windows 10,3.78kg,2399.0,6.72264579427651,4.860437524555765,2.959155476120672
1155,HP,EliteBook 850,Ultrabook,15.6,Full HD 1920x1080,Intel Core i7 6500U 2.5GHz,8GB,256GB SSD,Intel HD Graphics 520,Windows 7,1.88kg,2171.72,7.189258868954204,2.3378691688100193,3.2264767951859805
1156,Lenovo,ThinkPad X1,2 in 1 Convertible,14.0,IPS Panel Touchscreen 2560x1440,Intel Core i7 6600U 2.6GHz,16GB,512GB SSD,Intel HD Graphics 520,Windows 10,2.8kg,2440.0,5.937476623472344,4.376238818035818,2.0828205366853783
1157,MSI,GP62M 7RDX,Gaming,15.6,Full HD 1920x1080,Intel Core i7 7700HQ 2.8GHz,8GB,128GB SSD +  1TB HDD,Nvidia GeForce GTX 1050,Windows 10,2.4kg,1142.8,9.465459965417228,1.2327256687909927,1.777886816340379
1160,HP,Spectre Pro,2 in 1 Convertible,13.3,Full HD / Touchscreen 1920x1080,Intel Core i5 6300U 2.4GHz,8GB,256GB SSD,Intel HD Graphics 520,Windows 10,1.48kg,1629.0,7.424259327842333,2.6664859747964935,3.5987823687824996
1161,HP,ZBook 15,Workstation,15.6,IPS Panel Full HD 1920x1080,Intel Core i7 6700HQ 2.6GHz,8GB,256GB SSD,Nvidia Quadro M1000M,Windows 7,2.59kg,2229.0,6.632106732397486,3.7037337335905423,2.2890487247460625
1162,HP,Spectre Pro,2 in 1 Convertible,13.3,Touchscreen 2560x1440,Intel Core i7 6600U 2.6GHz,8GB,256GB SSD,Intel HD Graphics 520,Windows 10,1.48kg,1799.0,7.118926506817631,2.5550897935022165,2.2738738951010697
1163,HP,ZBook Studio,Workstation,15.6,Full HD 1920x1080,Intel Core i7 6700HQ 2.6GHz,8GB,256GB SSD,Nvidia Quadro M1000M,Windows 7,2.0kg,1899.0,7.1010708330018835,2.2843798725941737,3.1746778280313945
1164,HP,EliteBook 820,Ultrabook,12.5,Full HD 1920x1080,Intel Core i7 6500U 2.50GHz,8GB,256GB SSD,Intel HD Graphics 520,Windows 7,1.26kg,2296.95,5.539941955800295,3.0306051328305363,4.58531208222553
1165,Dell,Vostro 5568,Notebook,15.6,Full HD 1920x1080,Intel Core i7 7500U 2.7GHz,8GB,256GB SSD,Nvidia GeForce 940MX,Windows 10,2.18kg,1009.9,7.43715760616085,0.677848155378719,1.0522219947235936
1166,HP,EliteBook 850,Notebook,15.6,Full HD 1920x1080,Intel Core i5 6200U 2.3GHz,8GB,256GB SSD,Intel HD Graphics 520,Windows 7,1.88kg,1579.0,8.904296033702341,1.705850250293281,1.8175077534649198
1167,Lenovo,ThinkPad X1,2 in 1 Convertible,14.0,IPS Panel Touchscreen 2560x1440,Intel Core i7 6500U 2.5GHz,8GB,256GB SSD,Intel HD Graphics 520,Windows 10,1.27kg,2339.0,5.668422482526772,3.6002658067790816,2.0788699248856988
1168,Lenovo,V110-15ISK (i3-6006U/4GB/1TB/No,Notebook,15.6,1366x768,Intel Core i3 6006U 2.0GHz,4GB,1TB HDD,Intel HD Graphics 520,No OS,1.9kg,339.0,8.928405107776726,0.0,0.36123151610471294
1169,HP,15-BA015wm (E2-7110/4GB/500GB/W10),Notebook,15.6,1366x768,AMD E-Series 7110 1.8GHz,4GB,500GB HDD,AMD Radeon R2 Graphics,Windows 10,1.86kg,297.0,8.069692972408168,0.7532365892789566,1.8412557688238562
1170,Lenovo,B51-80 (i5-6200U/8GB/1TB/Radeon,Notebook,15.6,Full HD 1920x1080,Intel Core i5 6200U 2.3GHz,8GB,1TB HDD,AMD Radeon R5 M330,No OS,2.32kg,599.0,8.771531023789327,1.9070965023278137,0.9391863476308124
1171,Dell,Inspiron 7567,Gaming,15.6,Full HD 1920x1080,Intel Core i7 7700HQ 2.8GHz,8GB,1TB HDD,Nvidia GeForce GTX 1050Ti,Windows 10,2.62kg,1199.0,7.211570359366829,1.2659152128111386,1.7121346225602023
1172,Dell,XPS 15,Notebook,15.6,IPS Panel Touchscreen / 4K Ultra HD 3840x2160,Intel Core i5 6300HQ 2.3GHz,8GB,256GB SSD,Nvidia GeForce 960M,Windows 10,2.04kg,2250.68,7.80866698042977,3.696468748107627,3.7626109962929135
1173,HP,15-bw002nv (A6-9220/4GB/256GB/Radeon,Notebook,15.6,Full HD 1920x1080,AMD A6-Series A6-9220 2.5GHz,4GB,256GB SSD,AMD Radeon 520,Windows 10,1.91kg,478.89,10.0,0.9143303667233598,0.505708675322131
1174,MSI,GP72M 7REX,Gaming,17.3,Full HD 1920x1080,Intel Core i7 7700HQ 2.8GHz,16GB,256GB SSD +  1TB HDD,Nvidia GeForce GTX 1050 Ti,Windows 10,2.7kg,1492.8,7.223656939047695,2.603424601545546,1.5754112870020223
1175,Lenovo,ThinkPad T460s,Ultrabook,14.0,Full HD 1920x1080,Intel Core i7 6600U 2.6GHz,12GB,512GB SSD,Intel HD Graphics 520,Windows 7,1.4kg,2299.0,8.215450753980088,3.6472621046282288,4.245121822837524
1176,Lenovo,B51-80 (i5-6200U/8GB/1008GB/Radeon,Notebook,15.6,Full HD 1920x1080,Intel Core i5 6200U 2.3GHz,8GB,1.0TB Hybrid,AMD Radeon R5 M330,Windows 10,2.5kg,788.49,9.748298465542643,1.6312598587384106,1.2177231425400363
1177,HP,Spectre Pro,2 in 1 Convertible,13.3,Touchscreen 2560x1440,Intel Core i7 6600U 2.6GHz,8GB,512GB SSD,Intel HD Graphics 520,Windows 10,1.48kg,2041.0,6.589080040872427,3.5368540144652005,3.1651454538676007
1178,Lenovo,ThinkPad T460,Ultrabook,14.0,Full HD 1920x1080,Intel Core i7 6600U 2.6GHz,8GB,256GB SSD,Intel HD Graphics 520,Windows 7,1.7kg,1499.0,5.764188508269919,1.246156981969385,1.4559940980086234
1179,MSI,GS40 Phantom,Gaming,14.0,Full HD 1920x1080,Intel Core i7 6700HQ 2.6GHz,16GB,256GB SSD +  1TB HDD,Nvidia GeForce GTX 970M,Windows 10,1.7kg,1769.0,9.140770935709725,3.3873079738742877,3.7347894679106766
1180,HP,Pavilion 15-cb003nv,Gaming,15.6,IPS Panel Full HD 1920x1080,Intel Core i7 7700HQ 2.8GHz,8GB,1TB HDD,Nvidia GeForce GTX 1050,Windows 10,2.62kg,899.0,7.664713334606001,1.9334613617965162,1.7553908882496105
1181,Lenovo,IdeaPad 310-15ISK,Notebook,15.6,1366x768,Intel Core i3 6006U 2.0GHz,8GB,1TB HDD,Intel HD Graphics 520,Windows 10,2.2kg,459.0,8.202668344206637,0.0,0.038675988334006484
1182,HP,250 G4,Notebook,15.6,1366x768,Intel Core i5 6200U 2.3GHz,4GB,500GB HDD,Intel HD Graphics 520,No OS,2.1kg,476.99,10.0,0.541725795784242,1.3128354103717101
1183,Dell,Inspiron 7567,Gaming,15.6,4K Ultra HD 3840x2160,Intel Core i7 7700HQ 2.8GHz,8GB,128GB SSD +  1TB HDD,Nvidia GeForce GTX 1050 Ti,Windows 10,2.62kg,1498.0,9.717202768953275,2.7812623503669993,1.8365424854099777
1184,Lenovo,ThinkPad T570,Notebook,15.6,IPS Panel Full HD 1920x1080,Intel Core i5 7200U 2.5GHz,8GB,256GB SSD,Intel HD Graphics 620,Windows 10,1.95kg,1390.0,9.05509757970293,1.884869619441996,1.4267178810966556
1185,Lenovo,320-15ISK (i3-6006U/4GB/1TB/GeForce,Notebook,15.6,Full HD 1920x1080,Intel Core i3 6006U 2GHz,4GB,1TB HDD,Nvidia GeForce 920MX ,Windows 10,2.2kg,468.0,9.954924764396317,1.354584969858379,0.0
1186,HP,Stream 14-AX000nv,Notebook,14.0,1366x768,Intel Celeron Dual Core N3060 1.6GHz,2GB,32GB Flash Storage,Intel HD Graphics 400,Windows 10,1.44kg,249.0,10.0,2.0176802741765014,0.0
1187,MSI,PL60 7RD,Gaming,15.6,IPS Panel Full HD 1920x1080,Intel Core i7 7500U 2.7GHz,8GB,1TB HDD,Nvidia GeForce GTX 1050,Windows 10,2.2kg,839.0,9.560369577825934,0.4935740430903264,1.4995967735328768
1188,HP,250 G5,Notebook,15.6,Full HD 1920x1080,Intel Core i7 6500U 2.5GHz,8GB,256GB SSD,Intel HD Graphics 520,Windows 10,1.96kg,679.0,9.754822196723927,0.0,0.0
1189,HP,ProBook 450,Notebook,15.6,Full HD 1920x1080,Intel Core i7 8550U 1.8GHz,16GB,512GB SSD,Intel UHD Graphics 620,Windows 10,2.1kg,1159.0,8.562505881791534,1.905502133867867,0.6796921923713563
1190,Asus,X553SA-XX021T (N3050/4GB/500GB/W10),Notebook,15.6,1366x768,Intel Celeron Dual Core N3050 1.6GHz,4GB,500GB HDD,Intel HD Graphics,Windows 10,2.2kg,369.0,9.754246959110867,0.9063639281515479,0.0
1191,Lenovo,V110-15ISK (i5-6200U/4GB/500GB/No,Notebook,15.6,1366x768,Intel Core i5 6200U 2.3GHz,4GB,500GB HDD,Intel HD Graphics 520,No OS,2.1kg,398.0,9.571866425950425,0.1933659726541426,0.30920331749724334
1192,Lenovo,IdeaPad 510-15IKB,Notebook,15.6,Full HD 1920x1080,Intel Core i7 7500U 2.7GHz,8GB,1TB HDD,Nvidia GeForce 940MX,No OS,2.2kg,709.0,8.493874742408769,2.065562117154718,0.7826972182803927
1193,Asus,UX410UA-GV097T (i3-7100U/4GB/256GB/FHD/W10),Notebook,14.0,Full HD 1920x1080,Intel Core i3 7100U 2.4GHz,4GB,256GB SSD,Intel HD Graphics 620,Windows 10,2kg,769.0,8.77124052922388,0.0,0.7428624387336091
1194,Lenovo,B51-80 (i7-6500U/4GB/1008GB/FHD/W7),Notebook,15.6,Full HD 1920x1080,Intel Core i7 6500U 2.5GHz,4GB,1.0TB Hybrid,Intel HD Graphics 520,Windows 7,2.32kg,825.0,7.546900371428501,1.653069075640479,0.2646720214787289
1195,Lenovo,IdeaPad Y700-15ISK,Gaming,15.6,IPS Panel Full HD 1920x1080,Intel Core i7 6700HQ 2.6GHz,16GB,512GB SSD,Nvidia GeForce GTX 960,Windows 10,3.31kg,1305.0,8.01246753907053,1.4241721028865564,0.971073756744359
1196,MSI,GS60 Ghost,Gaming,15.6,Full HD 1920x1080,Intel Core i7 6700HQ 2.6GHz,16GB,128GB SSD +  1TB HDD,Nvidia GeForce GTX 970M,Windows 10,1.91kg,2153.37,5.868418253519772,4.7162111857253315,3.712204751596753
1197,HP,ProBook 450,Notebook,15.6,1366x768,Intel Core i3 6100U 2.3GHz,4GB,500GB HDD,Intel HD Graphics 520,Windows 10,2.07kg,650.0,8.313753018801222,2.397387809960655,0.36293398205937005
1198,Lenovo,ThinkPad X1,2 in 1 Convertible,14.0,IPS Panel Touchscreen 2560x1440,Intel Core i5 6200U 2.3GHz,8GB,256GB SSD,Intel HD Graphics 520,Windows 10,1.36kg,1637.0,7.674717008686495,1.8558730420096086,2.722284969465203
1199,Lenovo,IdeaPad 310-15IKB,Ultrabook,15.6,Full HD 1920x1080,Intel Core i7 7500U 2.7GHz,6GB,256GB SSD,Nvidia GeForce 920M,Windows 10,1.54kg,831.0,10.0,0.6692150507668067,0.40066181059429273
1200,Dell,Vostro 5568,Notebook,15.6,Full HD 1920x1080,Intel Core i7 7500U 2.7GHz,8GB,256GB SSD,Nvidia GeForce GT 940MX,Linux,1.98kg,895.01,9.517758770033918,1.904564824351774,1.3617447089847983
1201,Acer,Aspire 3,Notebook,15.6,1366x768,Intel Celeron Dual Core N3350 2GHz,4GB,500GB HDD,Intel HD Graphics 500,Windows 10,2.1kg,333.0,8.475245086721712,0.0,1.3109768602325977
1202,HP,Pavilion 15-BC000nv,Notebook,15.6,IPS Panel Full HD 1920x1080,Intel Core i7 6700HQ 2.6GHz,6GB,1TB HDD,Nvidia GeForce GTX 960M,Windows 10,2.18kg,799.0,8.153445170068624,1.0185233463293148,1.5237849609893321
1203,Asus,Rog GL552VW-DM201T,Gaming,15.6,IPS Panel Full HD 1920x1080,Intel Core i7 6700HQ 2.6GHz,8GB,256GB SSD +  1TB HDD,Nvidia GeForce GTX 960M,Windows 10,2.591kg,909.0,9.51211062127665,1.2608170655478521,0.9105752745407396
1204,Dell,Inspiron 5578,2 in 1 Convertible,15.6,Full HD / Touchscreen 1920x1080,Intel Core i7 7500U 2.7GHz,16GB,512GB SSD,Intel HD Graphics 620,Windows 10,2.09kg,1179.0,7.517807553523783,0.16046400668744432,1.9019617079303115
1205,Acer,Aspire E5-576G,Notebook,15.6,Full HD 1920x1080,Intel Core i5 7200U 2.5GHz,4GB,256GB SSD,Nvidia GeForce 940MX,Windows 10,2.23kg,691.0,8.947719640339933,0.8615036427870575,0.6800417000382768
1206,Dell,XPS 13,Ultrabook,13.3,Quad HD+ / Touchscreen 3200x1800,Intel Core i5 6300U 2.4GHz,8GB,256GB SSD,Intel HD Graphics 520,Linux,1.23kg,1099.0,8.878860244620485,1.009399215347817,1.5674855823549387
1207,Acer,Predator G9-793,Gaming,17.3,IPS Panel Full HD 1920x1080,Intel Core i7 7700HQ 2.8GHz,16GB,256GB SSD +  1TB HDD,Nvidia GeForce GTX 1070,Windows 10,4.2kg,2599.0,5.132497431889682,3.698328746299592,3.8323381625006068
1208,Lenovo,Legion Y520-15IKBN,Gaming,15.6,IPS Panel Full HD 1920x1080,Intel Core i5 7300HQ 2.5GHz,8GB,1TB HDD,Nvidia GeForce GTX 1050,Windows 10,2.4kg,819.0,8.995692809980058,2.24351319771176,0.957139430228396
1209,Samsung,Chromebook Plus,2 in 1 Convertible,12.3,IPS Panel Touchscreen 2400x1600,Samsung Cortex A72&A53 2.0GHz,4GB,32GB Flash Storage,ARM Mali T860 MP4,Chrome OS,1.15kg,659.0,8.114214203221554,0.0,0.9882400833032221
1210,HP,250 G6,Notebook,15.6,1366x768,Intel Core i5 7200U 2.5GHz,4GB,500GB HDD,Intel HD Graphics 620,Windows 10,1.86kg,485.0,8.994011370071096,1.1754586641663143,0.0
1211,Apple,"MacBook 12""",Ultrabook,12.0,IPS Panel Retina Display 2304x1440,Intel Core M 1.1GHz,8GB,256GB Flash Storage,Intel HD Graphics 5300,Mac OS X,0.920kg,1163.0,8.586627235077744,1.4460279679708399,0.8564952506443041
1212,Dell,Inspiron 7378,2 in 1 Convertible,13.3,IPS Panel Full HD / Touchscreen 1920x1080,Intel Core i5 7200U 2.5GHz,8GB,256GB SSD,Intel HD Graphics 620,Windows 10,1.6kg,1199.0,6.995647207267492,1.5061496711105054,0.6191237628422042
1213,HP,Pavilion Power,Notebook,15.6,IPS Panel Full HD 1920x1080,Intel Core i7 7700HQ 2.8GHz,12GB,128GB SSD +  1TB HDD,Nvidia GeForce GTX 1050,Windows 10,2.21kg,1327.0,8.406388229186884,2.578289078022804,0.6657746775784668
1214,Lenovo,V110-15ISK (i3-6006U/4GB/1TB/Radeon,Notebook,15.6,1366x768,Intel Core i3 6006U 2GHz,4GB,1TB HDD,AMD Radeon R5 M430,No OS,1.9kg,368.0,9.656863600521103,0.5994671959926651,0.0
1215,Asus,Rog G752VY-GC229T,Gaming,17.3,IPS Panel Full HD 1920x1080,Intel Core i7 6700HQ 2.6GHz,16GB,512GB SSD +  1TB HDD,Nvidia GeForce GTX 980M,Windows 10,4.3kg,2150.0,7.1069708664873055,3.7915114948220383,3.462591102489717
1216,Acer,Aspire 3,Notebook,15.6,1366x768,Intel Celeron Dual Core N3350 2GHz,4GB,1TB HDD,Intel HD Graphics 500,Linux,2.1kg,272.0,10.0,0.9399485723081455,0.0
1217,MSI,GS73VR 7RF,Gaming,17.3,Full HD 1920x1080,Intel Core i7 7700HQ 2.8GHz,16GB,256GB SSD +  1TB HDD,Nvidia GeForce GTX 1060,Windows 10,2.43kg,2048.9,7.926924158325067,2.89934147910735,3.5752797570388855
1218,Dell,Inspiron 5567,Notebook,15.6,1366x768,Intel Core i3 6006U 2.0GHz,4GB,128GB SSD,AMD Radeon R7 M440,Windows 10,2.3kg,499.0,9.55165639536727,0.05873381914485465,0.5762942057531044
1219,Lenovo,IdeaPad 310-15ISK,Notebook,15.6,1366x768,Intel Core i7 6500U 2.5GHz,8GB,500GB HDD,Nvidia GeForce 920MX,No OS,2.2kg,629.0,8.88854307764832,0.0,0.0
1220,Dell,Inspiron 5579,2 in 1 Convertible,15.6,Full HD / Touchscreen 1920x1080,Intel Core i7 8550U 1.8GHz,16GB,512GB SSD,Intel UHD Graphics 620,Windows 10,2kg,1285.0,8.22273251719376,1.2147770612489033,2.3990859526094193
1221,Dell,XPS 13,Ultrabook,13.3,Quad HD+ / Touchscreen 3200x1800,Intel Core i7 7500U 2.7GHz,16GB,512GB SSD,Intel HD Graphics 620,Windows 10,1.2kg,2680.0,6.205102558250207,6.588811405225883,4.878174781452271
1222,Asus,FX502VM-DM105T (i7-6700HQ/8GB/1TB/GeForce,Gaming,15.6,Full HD 1920x1080,Intel Core i7 6700HQ 2.6GHz,8GB,1TB HDD,Nvidia GeForce GTX 1060,Windows 10,2.2kg,1169.0,8.359763161745796,2.675068559104197,0.8842347546468852
1223,Dell,Inspiron 5567,Notebook,15.6,Full HD 1920x1080,Intel Core i5 7200U 2.5GHz,8GB,256GB SSD,AMD Radeon R7 M445,Windows 10,2.36kg,889.0,8.825722298110785,0.12589156188590356,1.5429042891683138
1224,HP,15-bs025nv (i5-7200U/8GB/256GB/W10),Notebook,15.6,1366x768,Intel Core i5 7200U 2.5GHz,8GB,256GB SSD,Intel HD Graphics 620,Windows 10,1.91kg,579.0,8.754862345957127,0.0,0.0
1225,Lenovo,IdeaPad 320-15AST,Notebook,15.6,1366x768,AMD E-Series 9000 2.2GHz,4GB,500GB HDD,AMD Radeon R2 Graphics,Windows 10,2.2kg,299.0,9.258708801824222,0.5964633135098143,0.2891067655336894
1226,Acer,Aspire E5-774G,Notebook,17.3,1600x900,Intel Core i3 6006U 2.0GHz,8GB,1TB HDD,Nvidia GeForce 940MX,Windows 10,3.3kg,629.0,8.109983293108769,1.2057443273538504,0.0
1227,Asus,Rog Strix,Gaming,15.6,Full HD 1920x1080,Intel Core i7 7700HQ 2.8GHz,16GB,256GB SSD +  1TB HDD,Nvidia GeForce GTX 1070,Windows 10,2.2kg,2449.0,7.559998947292168,4.278769515511275,2.405177285229722
1228,Apple,"MacBook 12""",Ultrabook,12.0,IPS Panel Retina Display 2304x1440,Intel Core M 1.2GHz,8GB,512GB Flash Storage,Intel HD Graphics 515,Mac OS X,0.920kg,1279.0,7.139930508733386,1.6610142681106284,1.5587251512632117
1229,Asus,FX502VM-AS73 (i7-7700HQ/16GB/1TB,Notebook,15.6,Full HD 1920x1080,Intel Core i7 7700HQ 2.8GHz,16GB,128GB SSD +  1TB HDD,Nvidia GeForce GTX 1060,Windows 10,2.2kg,1749.0,6.787447993662008,2.5578644400989456,2.559244691081397
1230,MSI,GS73VR Stealth,Gaming,17.3,IPS Panel Full HD 1920x1080,Intel Core i7 6700HQ 2.6GHz,16GB,256GB SSD +  1TB HDD,Nvidia GeForce GTX 1060,Windows 10,2.43kg,1948.99,6.4295104744644735,3.258067332407655,2.677619958188486
1231,Dell,Inspiron 7579,2 in 1 Convertible,15.6,IPS Panel Full HD / Touchscreen 1920x1080,Intel Core i5 7200U 2.5GHz,8GB,256GB SSD,Intel HD Graphics 620,Windows 10,2.191kg,999.0,9.323534438264414,1.4611194683258035,0.4451806167130915
1232,Asus,ROG Strix,Gaming,17.3,Full HD 1920x1080,Intel Core i7 7700HQ 2.8GHz,16GB,256GB SSD +  1TB HDD,Nvidia GeForce GTX 1060,Windows 10,2.9kg,1949.0,6.768259666649078,1.2203402925192717,2.67586134101239
1233,Acer,C740-C9QX (3205U/2GB/32GB/Chrome,Netbook,11.6,1366x768,Intel Celeron Dual Core 3205U 1.5GHz,2GB,32GB SSD,Intel HD Graphics,Chrome OS,1.3kg,174.0,10.0,0.0,0.2154358020645872
1234,Acer,E5 774G,Notebook,17.3,1600x900,Intel Core i3 6006U 2GHz,4GB,1TB HDD,Nvidia GeForce 940MX,Windows 10,3.3kg,598.0,8.745595686258914,0.03448666693774061,0.6796973902479619
1235,Lenovo,IdeaPad 320-17IKB,Notebook,17.3,1600x900,Intel Core i5 7200U 2.5GHz,8GB,1TB HDD,Intel HD Graphics 620,No OS,2.8kg,539.0,9.607161574504781,0.7562028904010712,0.7620345797536323
1236,Lenovo,IdeaPad Y700-15ISK,Gaming,15.6,IPS Panel Full HD 1920x1080,Intel Core i7 6700HQ 2.6GHz,8GB,128GB SSD +  1TB HDD,Nvidia GeForce GTX 960<U+039C>,Windows 10,2.6kg,1272.0,7.478557800430168,4.241371759044753,1.317072396598639
1237,Acer,SP714-51 (i7-7Y75/8GB/256GB/FHD/W10),2 in 1 Convertible,14.0,IPS Panel Full HD / Touchscreen 1920x1080,Intel Core i7 7Y75 1.3GHz,8GB,256GB SSD,Intel HD Graphics 615,Windows 10,1.2kg,1149.0,10.0,1.939554952632608,2.582943952026092
1238,Lenovo,Thinkpad T560,Notebook,15.6,IPS Panel Full HD 1920x1080,Intel Core i7 6600U 2.6GHz,8GB,256GB SSD,Intel HD Graphics 520,Windows 10,2.3kg,1529.0,6.763001433552762,2.0360960822857104,1.3459811619798043
1239,MSI,GP62MVR 6RF,Gaming,15.6,Full HD 1920x1080,Intel Core i7 6700HQ 2.6GHz,8GB,128GB SSD +  1TB HDD,Nvidia GeForce GTX 1060,Windows 10,2.2kg,1476.11,8.050202559742804,2.9350952100206205,2.5877022461081935
1240,HP,15-bw009nv (A12-9720P/6GB/1TB/Radeon,Notebook,15.6,Full HD 1920x1080,AMD A12-Series 9720P 2.7GHz,6GB,1TB HDD,AMD Radeon 530,Windows 10,2.1kg,529.0,9.907865386602218,0.9853064279108301,1.5446689925114292
1241,Dell,Latitude E7270,Ultrabook,12.5,Full HD / Touchscreen 1920x1080,Intel Core i5 6300U 2.4GHz,8GB,256GB SSD,Intel HD Graphics 520,Windows 7,1.26kg,1713.37,7.732946450956979,2.934168419365692,2.9828193012033353
1242,Dell,Inspiron 5578,2 in 1 Convertible,15.0,Full HD / Touchscreen 1920x1080,Intel Core i3 7100U 2.4GHz,4GB,500GB HDD,Intel HD Graphics 620,Windows 10,2.08kg,509.0,9.286369029015976,1.0508813184543935,0.4033814622299925
1243,Asus,X540SA-RBPDN09 (N3710/4GB/1TB/W10),Notebook,15.6,1366x768,Intel Pentium Quad Core N3710 1.6GHz,4GB,1TB HDD,Intel HD Graphics 405,Windows 10,2.65kg,309.0,9.668295338947436,1.873082953129456,0.0
1244,Dell,XPS 13,Ultrabook,13.3,Quad HD+ / Touchscreen 3200x1800,Intel Core i7 7500U 2.7GHz,8GB,256GB SSD,Intel HD Graphics 620,Windows 10,1.29kg,1477.0,7.835893059439828,1.2944453698827272,3.0280262389804644
1245,Dell,Vostro 3568,Notebook,15.6,1366x768,Intel Core i5 7200U 2.5GHz,4GB,1TB HDD,Intel HD Graphics 520,Linux,2.18kg,521.86,9.295292913465142,0.9660111466812311,0.0
1246,Lenovo,IdeaPad Y700-15ISK,Gaming,15.6,IPS Panel Full HD / Touchscreen 1920x1080,Intel Core i7 6700HQ 2.6GHz,16GB,128GB SSD +  1TB HDD,Nvidia GeForce GTX 960M,Windows 10,2.6kg,1029.0,9.328065318752383,0.7019330706983135,0.6669385663798293
1247,MSI,GL62M 7RDX,Gaming,15.6,Full HD 1920x1080,Intel Core i7 7700HQ 2.8GHz,8GB,128GB SSD +  1TB HDD,Nvidia GeForce GTX 1050,Windows 10,2.2kg,1149.0,10.0,2.089979737326963,1.3275234078597873
1248,Lenovo,ThinkPad Yoga,Netbook,12.5,IPS Panel Full HD / Touchscreen 1920x1080,Intel Core i7 6500U 2.50GHz,16GB,512GB SSD,Intel HD Graphics 520,Windows 10,1.3kg,1650.0,7.062867331487404,1.7561900313174537,3.4812622465159277
1249,Razer,Blade Pro,Gaming,14.0,Full HD 1920x1080,Intel Core i7 7700HQ 2.8GHz,16GB,1TB SSD,Nvidia GeForce GTX 1060,Windows 10,1.95kg,3499.0,3.2923432703451763,5.277920895107494,5.915628454824279
1250,Dell,Inspiron 3567,Notebook,15.6,Touchscreen 1366x768,Intel Core i3 7100U 2.4GHz,8GB,1TB HDD,Intel HD Graphics 620,Windows 10,2.3kg,469.01,9.431467188323214,0.2618352416054555,0.0
1251,MSI,GE72VR Apache,Gaming,17.3,Full HD 1920x1080,Intel Core i7 7700HQ 2.8GHz,16GB,256GB SSD +  1TB HDD,Nvidia GeForce GTX 1060,Windows 10,2.7kg,1598.0,9.660391942697295,3.1840289029019275,2.1551293631182373
1252,Apple,MacBook Air,Ultrabook,11.6,1366x768,Intel Core i5 1.6GHz,4GB,256GB Flash Storage,Intel HD Graphics 6000,Mac OS X,1.08kg,959.0,8.032165830856284,2.0596580699218636,0.833435999490897
1253,HP,15-bs023nv (i3-6006U/4GB/1TB/FHD/W10),Notebook,15.6,Full HD 1920x1080,Intel Core i3 6006U 2GHz,4GB,1TB HDD,Intel HD Graphics 520,Windows 10,2.1kg,478.0,10.0,0.0,0.0
1254,HP,EliteBook 840,Ultrabook,14.0,2560x1440,Intel Core i7 6500U 2.5GHz,8GB,256GB SSD,Intel HD Graphics 520,Windows 7,1.54kg,2198.19,7.925806220881406,3.460301719179626,4.19946607722517
1255,Dell,Vostro 3559,Notebook,15.6,1366x768,Intel Core i5 6200U 2.3GHz,4GB,500GB HDD,Intel HD Graphics 520,Windows 7,2.24kg,737.0,8.60691843616947,0.38254708666479686,0.0
1256,MSI,GL62 6QF,Gaming,15.6,Full HD 1920x1080,Intel Core i7 6700HQ 2.6GHz,8GB,128GB SSD +  1TB HDD,Nvidia GeForce GTX 960M,Windows 10,2.3kg,1169.0,8.775861568833452,0.6725209659745002,2.9663495791022667
1257,Lenovo,ThinkPad 13,Notebook,13.3,IPS Panel Full HD 1920x1080,Intel Core i7 7500U 2.7GHz,16GB,512GB SSD,Intel HD Graphics 620,Windows 10,1.4kg,1499.0,9.066430378671608,2.062673279491727,2.898870671978922
1258,Lenovo,IdeaPad 320-15ABR,Notebook,15.6,Full HD 1920x1080,AMD A12-Series 9720P 3.6GHz,6GB,256GB SSD,AMD Radeon 530,Windows 10,2.2kg,597.57,8.981811731260642,0.46809984518471137,1.5875754124323256
1259,Asus,ZenBook UX310UA-WB71,Ultrabook,13.3,Full HD 1920x1080,Intel Core i7 6500U 2.5GHz,8GB,256GB SSD,Intel HD Graphics 520,Windows 10,1.45kg,1280.0,7.970469045251443,3.808039855743085,1.49631505704646
1260,Acer,Aspire ES1-572,Notebook,15.6,1366x768,Intel Core i3 6006U 2.0GHz,4GB,500GB HDD,Intel HD Graphics 520,Linux,2.4kg,361.8,9.217693243524629,0.6633298856050127,0.19700945005316822
1261,Dell,Inspiron 7779,2 in 1 Convertible,17.3,Full HD / Touchscreen 1920x1080,Intel Core i7 7500U 2.7GHz,16GB,512GB SSD,Nvidia GeForce 940MX,Windows 10,2.77kg,1799.0,6.445578581690432,1.6405220331518842,1.5960945821355044
1262,HP,EliteBook 840,Notebook,14.0,Full HD 1920x1080,Intel Core i5 6200U 2.3GHz,4GB,256GB SSD,Intel HD Graphics 520,Windows 7,1.54kg,1099.99,7.917725643272089,1.1110331173383516,1.1431223950216631
1263,Asus,Rog GL553VE-FY052T,Gaming,15.6,IPS Panel Full HD 1920x1080,Intel Core i7 7700HQ 2.8GHz,16GB,256GB SSD +  1TB HDD,Nvidia GeForce GTX 1050 Ti,Windows 10,2.5kg,1600.0,6.614096731737874,3.2238576911958394,2.8016749329668413
1264,Dell,Latitude 5480,Notebook,14.0,1366x768,Intel Core i5 7200U 2.5GHz,4GB,500GB HDD,Intel HD Graphics 620,Windows 10,1.6kg,875.0,8.844144411738181,2.8538765811651383,2.219972812294315
1265,Asus,Rog GL502VS,Gaming,15.6,IPS Panel Full HD 1920x1080,Intel Core i7 6700HQ 2.6GHz,16GB,256GB SSD +  1TB HDD,Nvidia GeForce GTX 1070,Windows 10,2.34kg,2325.0,5.753641668317643,2.3615930970450765,2.7446542933934817
1266,Lenovo,V510-15IKB (i5-7200U/8GB/256GB/FHD/No,Notebook,15.6,IPS Panel Full HD 1920x1080,Intel Core i5 7200U 2.5GHz,8GB,256GB SSD,Intel HD Graphics 620,No OS,2.3kg,573.0,9.51361100791361,0.0,0.3810129719307747
1267,Dell,XPS 13,2 in 1 Convertible,13.3,Quad HD+ / Touchscreen 3200x1800,Intel Core i5 7Y54 1.2GHz,8GB,256GB SSD,Intel HD Graphics 615,Windows 10,1.24kg,1813.0,5.989038757298702,4.263016866035822,2.6452053495523784
1268,Dell,Inspiron 3552,Notebook,15.6,1366x768,Intel Pentium Quad Core N3710 1.6GHz,4GB,500GB HDD,Intel HD Graphics,Linux,2.2kg,324.0,10.0,0.5648558988587484,0.0
1269,HP,255 G6,Notebook,15.6,1366x768,AMD A6-Series 9220 2.5GHz,4GB,500GB HDD,AMD Radeon R4 Graphics,Windows 10,1.86kg,399.0,10.0,0.0,0.8528262288497583
1270,Lenovo,IdeaPad 310-15ISK,Notebook,15.6,Full HD 1920x1080,Intel Core i3 6100U 2.3GHz,6GB,128GB SSD,Nvidia GeForce 920MX,Windows 10,2.4kg,569.0,7.738344819276169,1.094369935564615,0.08747440127257933
1271,Lenovo,ThinkPad L460,Notebook,14.0,IPS Panel Full HD 1920x1080,Intel Core i5 6200U 2.3GHz,8GB,256GB SSD,Intel HD Graphics 520,Windows 10,1.9kg,1072.0,8.783633441532066,0.0,1.3592995334043723
1272,Dell,Inspiron 3552,Notebook,15.6,1366x768,Intel Pentium Quad Core N3700 1.6GHz,4GB,500GB HDD,Intel HD Graphics,Windows 10,2.2kg,443.99,10.0,0.4583797301722436,0.09411982736501262
1273,Asus,X541NA-GO020T (N3350/4GB/1TB/W10),Notebook,15.6,1366x768,Intel Celeron Dual Core N3350 1.1GHz,4GB,1TB HDD,Intel HD Graphics 500,Windows 10,2kg,339.0,8.753806172388808,0.540737950932696,0.0
1274,Asus,Rog G752VT-GC073T,Gaming,17.3,IPS Panel Full HD 1920x1080,Intel Core i7 6700HQ 2.6GHz,16GB,128GB SSD +  1TB HDD,Nvidia GeForce GTX 970M,Windows 10,4.0kg,1900.0,8.424977740693791,3.6524962804066354,2.9074441803919275
1275,Dell,Vostro 3568,Notebook,15.6,1366x768,Intel Core i3 6006U 2GHz,4GB,500GB HDD,Intel HD Graphics 520,Windows 10,2.29kg,490.0,9.801881874159504,0.0,0.3608456704789154
1276,Lenovo,B51-80 (i7-6500U/8GB/1008GB/Radeon,Notebook,15.6,Full HD 1920x1080,Intel Core i7 6500U 2.5GHz,8GB,1.0TB Hybrid,AMD Radeon R5 M330,Windows 7,2.32kg,895.0,8.219112878262472,1.285427366253489,0.9193913313078692
1277,MSI,GE62 Apache,Gaming,15.6,Full HD 1920x1080,Intel Core i7 6700HQ 2.6GHz,8GB,128GB SSD +  1TB HDD,Nvidia GeForce GTX 960M,Windows 10,2.4kg,1229.0,8.174794020574257,1.0402510164519083,1.1978214199553037
1278,Lenovo,Yoga 500-14IBD,2 in 1 Convertible,14.0,Full HD / Touchscreen 1920x1080,Intel Core i5 6200U 2.3GHz,4GB,128GB SSD,Intel HD Graphics 520,Windows 10,1.8kg,833.01,9.334408365460416,1.3165601690964157,1.3678729011833264
1279,Asus,ZenBook UX305CA-UBM1,Ultrabook,13.3,IPS Panel Full HD 1920x1080,Intel Core M 6Y30 0.9GHz,8GB,512GB SSD,Intel HD Graphics 515,Windows 10,1.2kg,729.0,9.124095452370435,0.22043180286907427,2.259602675553322
1280,Dell,Inspiron 3567,Notebook,15.6,1366x768,Intel Core i3 7100U 2.4GHz,6GB,1TB HDD,Intel HD Graphics 620,Windows 10,2.3kg,459.0,9.949992135729246,0.15453198689967163,0.59292244449915
1281,Acer,Aspire ES1-531,Notebook,15.6,1366x768,Intel Celeron Dual Core N3060 1.6GHz,4GB,500GB HDD,Intel HD Graphics 400,Linux,2.4kg,289.0,9.069368298532288,0.0,0.9909873989331226
1282,Dell,Inspiron 3552,Notebook,15.6,1366x768,Intel Celeron Dual Core N3050 1.6GHz,2GB,500GB HDD,Intel HD Graphics,Windows 10,2.20kg,379.0,9.789497098047427,0.8669005546403602,0.0
1283,Lenovo,IdeaPad Y700-15ISK,Notebook,15.6,IPS Panel Full HD 1920x1080,Intel Core i7 6700HQ 2.6GHz,8GB,1TB HDD,Nvidia GeForce GTX 960M,Windows 10,2.6kg,899.0,7.645399710492892,1.910389585308455,1.3498378434181382
1284,HP,Pavilion 15-AW003nv,Notebook,15.6,Full HD 1920x1080,AMD A9-Series 9410 2.9GHz,6GB,1.0TB Hybrid,AMD Radeon R7 M440,Windows 10,2.04kg,549.99,9.276436872440028,0.44688582251508163,0.0
1285,Dell,Inspiron 3567,Notebook,15.6,1366x768,Intel Core i7 7500U 2.7GHz,8GB,1TB HDD,AMD Radeon R5 M430,Linux,2.3kg,805.99,8.210224097798633,1.0972401849975586,0.0
1286,HP,Stream 11-Y000na,Netbook,11.6,1366x768,Intel Celeron Dual Core N3060 1.6GHz,2GB,32GB Flash Storage,Intel HD Graphics 400,Windows 10,1.17kg,209.0,9.352504315970382,0.0,0.0
1287,Asus,X556UJ-XO044T (i7-6500U/4GB/500GB/GeForce,Notebook,15.6,1366x768,Intel Core i7 6500U 2.5GHz,4GB,500GB HDD,Nvidia GeForce 920M,Windows 10,2.2kg,720.32,10.0,0.6823177533245283,1.8755785392608164
1288,Lenovo,Yoga 500-14ISK,2 in 1 Convertible,14.0,IPS Panel Full HD / Touchscreen 1920x1080,Intel Core i7 6500U 2.5GHz,4GB,128GB SSD,Intel HD Graphics 520,Windows 10,1.8kg,638.0,10.0,0.7429586692358026,1.543135025804915
1289,Lenovo,Yoga 900-13ISK,2 in 1 Convertible,13.3,IPS Panel Quad HD+ / Touchscreen 3200x1800,Intel Core i7 6500U 2.5GHz,16GB,512GB SSD,Intel HD Graphics 520,Windows 10,1.3kg,1499.0,8.25102357689452,4.332921392655203,2.430690697474743
1290,Lenovo,IdeaPad 100S-14IBR,Notebook,14.0,1366x768,Intel Celeron Dual Core N3050 1.6GHz,2GB,64GB Flash Storage,Intel HD Graphics,Windows 10,1.5kg,229.0,9.033322784042529,0.0,0.0
1291,HP,15-AC110nv (i7-6500U/6GB/1TB/Radeon,Notebook,15.6,1366x768,Intel Core i7 6500U 2.5GHz,6GB,1TB HDD,AMD Radeon R5 M330,Windows 10,2.19kg,764.0,8.751092649526859,2.1671223817192495,0.83875606960695
1292,Asus,X553SA-XX031T (N3050/4GB/500GB/W10),Notebook,15.6,1366x768,Intel Celeron Dual Core N3050 1.6GHz,4GB,500GB HDD,Intel HD Graphics,Windows 10,2.2kg,369.0,10.0,1.1266009428232793,0.5704739311720214
1293,Asus,ZenBook UX305CA-UBM1,Ultrabook,13.3,IPS Panel Full HD 1920x1080,Intel Core M 6Y30 0.9GHz,8GB,512GB SSD,Intel HD Graphics 515,Windows 10,1.2kg,729.0,9.176664670152428,1.1612179843516028,1.077137844422372
1294,Dell,Inspiron 3567,Notebook,15.6,1366x768,Intel Core i3 7100U 2.4GHz,6GB,1TB HDD,Intel HD Graphics 620,Windows 10,2.3kg,459.0,10.0,1.887909045583955,0.0
1295,Acer,Aspire ES1-531,Notebook,15.6,1366x768,Intel Celeron Dual Core N3060 1.6GHz,4GB,500GB HDD,Intel HD Graphics 400,Linux,2.4kg,289.0,10.0,0.49177720508970973,0.0
1296,Dell,Inspiron 3552,Notebook,15.6,1366x768,Intel Celeron Dual Core N3050 1.6GHz,2GB,500GB HDD,Intel HD Graphics,Windows 10,2.20kg,379.0,9.80764773201059,0.6573189177157777,0.2947293498624613
1297,Lenovo,IdeaPad Y700-15ISK,Notebook,15.6,IPS Panel Full HD 1920x1080,Intel Core i7 6700HQ 2.6GHz,8GB,1TB HDD,Nvidia GeForce GTX 960M,Windows 10,2.6kg,899.0,8.529078136654876,1.1811321695690862,1.6526614195968745
1298,HP,Pavilion 15-AW003nv,Notebook,15.6,Full HD 1920x1080,AMD A9-Series 9410 2.9GHz,6GB,1.0TB Hybrid,AMD Radeon R7 M440,Windows 10,2.04kg,549.99,9.472250445344814,1.6134373844159147,0.0
1299,Dell,Inspiron 3567,Notebook,15.6,1366x768,Intel Core i7 7500U 2.7GHz,8GB,1TB HDD,AMD Radeon R5 M430,Linux,2.3kg,805.99,8.81137434186603,1.943825176078243,0.9369506086456492
1300,HP,Stream 11-Y000na,Netbook,11.6,1366x768,Intel Celeron Dual Core N3060 1.6GHz,2GB,32GB Flash Storage,Intel HD Graphics 400,Windows 10,1.17kg,209.0,10.0,0.0,0.1735107458609678
1301,Asus,X556UJ-XO044T (i7-6500U/4GB/500GB/GeForce,Notebook,15.6,1366x768,Intel Core i7 6500U 2.5GHz,4GB,500GB HDD,Nvidia GeForce 920M,Windows 10,2.2kg,720.32,9.84330278170571,0.0,1.6017486625429285
1302,Lenovo,Yoga 500-14ISK,2 in 1 Convertible,14.0,IPS Panel Full HD / Touchscreen 1920x1080,Intel Core i7 6500U 2.5GHz,4GB,128GB SSD,Intel HD Graphics 520,Windows 10,1.8kg,638.0,8.588086068724442,0.6207378529526727,1.3374084302591478
1303,Lenovo,Yoga 900-13ISK,2 in 1 Convertible,13.3,IPS Panel Quad HD+ / Touchscreen 3200x1800,Intel Core i7 6500U 2.5GHz,16GB,512GB SSD,Intel HD Graphics 520,Windows 10,1.3kg,1499.0,6.698726717322555,1.5962560683131062,2.702343974878268
1304,Lenovo,IdeaPad 100S-14IBR,Notebook,14.0,1366x768,Intel Celeron Dual Core N3050 1.6GHz,2GB,64GB Flash Storage,Intel HD Graphics,Windows 10,1.5kg,229.0,8.438208697297954,0.04200734452712521,0.0
1305,HP,15-AC110nv (i7-6500U/6GB/1TB/Radeon,Notebook,15.6,1366x768,Intel Core i7 6500U 2.5GHz,6GB,1TB HDD,AMD Radeon R5 M330,Windows 10,2.19kg,764.0,9.410612470812737,1.985731098464611,0.0
1306,Asus,X553SA-XX031T (N3050/4GB/500GB/W10),Notebook,15.6,1366x768,Intel Celeron Dual Core N3050 1.6GHz,4GB,500GB HDD,Intel HD Graphics,Windows 10,2.2kg,369.0,8.788192791010268,0.0,0.014671718401512157
1307,Asus,ZenBook UX305CA-UBM1,Ultrabook,13.3,IPS Panel Full HD 1920x1080,Intel Core M 6Y30 0.9GHz,8GB,512GB SSD,Intel HD Graphics 515,Windows 10,1.2kg,729.0,7.340978664878518,0.9024501557102338,1.7380143209263417
1308,Dell,Inspiron 3567,Notebook,15.6,1366x768,Intel Core i3 7100U 2.4GHz,6GB,1TB HDD,Intel HD Graphics 620,Windows 10,2.3kg,459.0,9.829850225396923,0.5274308460745643,1.5957762802473932
1309,Acer,Aspire ES1-531,Notebook,15.6,1366x768,Intel Celeron Dual Core N3060 1.6GHz,4GB,500GB HDD,Intel HD Graphics 400,Linux,2.4kg,289.0,10.0,0.8728375327684472,0.7625321088424477
1310,Dell,Inspiron 3552,Notebook,15.6,1366x768,Intel Celeron Dual Core N3050 1.6GHz,2GB,500GB HDD,Intel HD Graphics,Windows 10,2.20kg,379.0,9.64915170958665,0.0,0.6894642194228221
1311,Lenovo,IdeaPad Y700-15ISK,Notebook,15.6,IPS Panel Full HD 1920x1080,Intel Core i7 6700HQ 2.6GHz,8GB,1TB HDD,Nvidia GeForce GTX 960M,Windows 10,2.6kg,899.0,9.44716392757819,0.7382684561708851,1.5273404106918949
1312,HP,Pavilion 15-AW003nv,Notebook,15.6,Full HD 1920x1080,AMD A9-Series 9410 2.9GHz,6GB,1.0TB Hybrid,AMD Radeon R7 M440,Windows 10,2.04kg,549.99,9.43088120835704,0.8036092323045909,0.1896872810723882
1313,Dell,Inspiron 3567,Notebook,15.6,1366x768,Intel Core i7 7500U 2.7GHz,8GB,1TB HDD,AMD Radeon R5 M430,Linux,2.3kg,805.99,8.85423848841755,2.0267129541710247,0.9626015541866398
1314,HP,Stream 11-Y000na,Netbook,11.6,1366x768,Intel Celeron Dual Core N3060 1.6GHz,2GB,32GB Flash Storage,Intel HD Graphics 400,Windows 10,1.17kg,209.0,10.0,0.0,1.3943273506188707
1315,Asus,X556UJ-XO044T (i7-6500U/4GB/500GB/GeForce,Notebook,15.6,1366x768,Intel Core i7 6500U 2.5GHz,4GB,500GB HDD,Nvidia GeForce 920M,Windows 10,2.2kg,720.32,8.845721292919121,0.0,0.1680126670964568
1316,Lenovo,Yoga 500-14ISK,2 in 1 Convertible,14.0,IPS Panel Full HD / Touchscreen 1920x1080,Intel Core i7 6500U 2.5GHz,4GB,128GB SSD,Intel HD Graphics 520,Windows 10,1.8kg,638.0,9.430791488388325,1.2788915196421073,2.0749453954370796
1317,Lenovo,Yoga 900-13ISK,2 in 1 Convertible,13.3,IPS Panel Quad HD+ / Touchscreen 3200x1800,Intel Core i7 6500U 2.5GHz,16GB,512GB SSD,Intel HD Graphics 520,Windows 10,1.3kg,1499.0,8.021071325125588,1.72799700877072,1.9786643962375767
1318,Lenovo,IdeaPad 100S-14IBR,Notebook,14.0,1366x768,Intel Celeron Dual Core N3050 1.6GHz,2GB,64GB Flash Storage,Intel HD Graphics,Windows 10,1.5kg,229.0,9.372700632866152,0.0,1.153172691495472
1319,HP,15-AC110nv (i7-6500U/6GB/1TB/Radeon,Notebook,15.6,1366x768,Intel Core i7 6500U 2.5GHz,6GB,1TB HDD,AMD Radeon R5 M330,Windows 10,2.19kg,764.0,9.79785328891192,0.49630427894672025,0.0
1320,Asus,X553SA-XX031T (N3050/4GB/500GB/W10),Notebook,15.6,1366x768,Intel Celeron Dual Core N3050 1.6GHz,4GB,500GB HDD,Intel HD Graphics,Windows 10,2.2kg,369.0,9.530918270593041,0.1814936379259533,0.7978372849823523
