laptop_ID,Company,Product,TypeName,Inches,ScreenResolution,Cpu,Ram,Memory,Gpu,OpSys,Weight,Price_euros,Age_years,Condition_10,Battery_Health_%
1,Apple,MacBook Pro,Ultrabook,13.3,IPS Panel Retina Display 2560x1600,Intel Core i5 2.3GHz,8GB,128GB SSD,Intel Iris Plus Graphics 640,macOS,1.37kg,1339.69,3,4,62
2,Apple,Macbook Air,Ultrabook,13.3,1440x900,Intel Core i5 1.8GHz,8GB,128GB Flash Storage,Intel HD Graphics 6000,macOS,1.34kg,898.94,4,5,68
3,HP,250 G6,Notebook,15.6,Full HD 1920x1080,Intel Core i5 7200U 2.5GHz,8GB,256GB SSD,Intel HD Graphics 620,No OS,1.86kg,575.0,2,9,67
4,Apple,MacBook Pro,Ultrabook,15.4,IPS Panel Retina Display 2880x1800,Intel Core i7 2.7GHz,16GB,512GB SSD,AMD Radeon Pro 455,macOS,1.83kg,2537.45,4,9,92
5,Apple,MacBook Pro,Ultrabook,13.3,IPS Panel Retina Display 2560x1600,Intel Core i5 3.1GHz,8GB,256GB SSD,Intel Iris Plus Graphics 650,macOS,1.37kg,1803.6,4,6,65
6,Acer,Aspire 3,Notebook,15.6,1366x768,AMD A9-Series 9420 3GHz,4GB,500GB HDD,AMD Radeon R5,Windows 10,2.1kg,400.0,1,10,100
7,Apple,MacBook Pro,Ultrabook,15.4,IPS Panel Retina Display 2880x1800,Intel Core i7 2.2GHz,16GB,256GB Flash Storage,Intel Iris Pro Graphics,Mac OS X,2.04kg,2139.97,2,7,98
8,Apple,Macbook Air,Ultrabook,13.3,1440x900,Intel Core i5 1.8GHz,8GB,256GB Flash Storage,Intel HD Graphics 6000,macOS,1.34kg,1158.7,2,4,63
9,Asus,ZenBook UX430UN,Ultrabook,14.0,Full HD 1920x1080,Intel Core i7 8550U 1.8GHz,16GB,512GB SSD,Nvidia GeForce MX150,Windows 10,1.3kg,1495.0,2,8,72
10,Acer,Swift 3,Ultrabook,14.0,IPS Panel Full HD 1920x1080,Intel Core i5 8250U 1.6GHz,8GB,256GB SSD,Intel UHD Graphics 620,Windows 10,1.6kg,770.0,4,10,61
11,HP,250 G6,Notebook,15.6,1366x768,Intel Core i5 7200U 2.5GHz,4GB,500GB HDD,Intel HD Graphics 620,No OS,1.86kg,393.9,3,10,64
12,HP,250 G6,Notebook,15.6,Full HD 1920x1080,Intel Core i3 6006U 2GHz,4GB,500GB HDD,Intel HD Graphics 520,No OS,1.86kg,344.99,2,6,86
13,Apple,MacBook Pro,Ultrabook,15.4,IPS Panel Retina Display 2880x1800,Intel Core i7 2.8GHz,16GB,256GB SSD,AMD Radeon Pro 555,macOS,1.83kg,2439.97,5,5,91
14,Dell,Inspiron 3567,Notebook,15.6,Full HD 1920x1080,Intel Core i3 6006U 2GHz,4GB,256GB SSD,AMD Radeon R5 M430,Windows 10,2.2kg,498.9,4,5,80
15,Apple,"MacBook 12""",Ultrabook,12.0,IPS Panel Retina Display 2304x1440,Intel Core M m3 1.2GHz,8GB,256GB SSD,Intel HD Graphics 615,macOS,0.92kg,1262.4,1,6,67
16,Apple,MacBook Pro,Ultrabook,13.3,IPS Panel Retina Display 2560x1600,Intel Core i5 2.3GHz,8GB,256GB SSD,Intel Iris Plus Graphics 640,macOS,1.37kg,1518.55,3,9,97
17,Dell,Inspiron 3567,Notebook,15.6,Full HD 1920x1080,Intel Core i7 7500U 2.7GHz,8GB,256GB SSD,AMD Radeon R5 M430,Windows 10,2.2kg,745.0,5,5,67
18,Apple,MacBook Pro,Ultrabook,15.4,IPS Panel Retina Display 2880x1800,Intel Core i7 2.9GHz,16GB,512GB SSD,AMD Radeon Pro 560,macOS,1.83kg,2858.0,5,7,62
19,Lenovo,IdeaPad 320-15IKB,Notebook,15.6,Full HD 1920x1080,Intel Core i3 7100U 2.4GHz,8GB,1TB HDD,Nvidia GeForce 940MX,No OS,2.2kg,499.0,1,4,62
20,Dell,XPS 13,Ultrabook,13.3,IPS Panel Full HD / Touchscreen 1920x1080,Intel Core i5 8250U 1.6GHz,8GB,128GB SSD,Intel UHD Graphics 620,Windows 10,1.22kg,979.0,3,10,81
21,Asus,Vivobook E200HA,Netbook,11.6,1366x768,Intel Atom x5-Z8350 1.44GHz,2GB,32GB Flash Storage,Intel HD Graphics 400,Windows 10,0.98kg,191.9,4,10,65
22,Lenovo,Legion Y520-15IKBN,Gaming,15.6,IPS Panel Full HD 1920x1080,Intel Core i5 7300HQ 2.5GHz,8GB,128GB SSD +  1TB HDD,Nvidia GeForce GTX 1050,Windows 10,2.5kg,999.0,0,7,61
23,HP,255 G6,Notebook,15.6,1366x768,AMD E-Series E2-9000e 1.5GHz,4GB,500GB HDD,AMD Radeon R2,No OS,1.86kg,258.0,3,5,82
24,Dell,Inspiron 5379,2 in 1 Convertible,13.3,Full HD / Touchscreen 1920x1080,Intel Core i5 8250U 1.6GHz,8GB,256GB SSD,Intel UHD Graphics 620,Windows 10,1.62kg,819.0,1,10,61
25,HP,15-BS101nv (i7-8550U/8GB/256GB/FHD/W10),Ultrabook,15.6,Full HD 1920x1080,Intel Core i7 8550U 1.8GHz,8GB,256GB SSD,Intel HD Graphics 620,Windows 10,1.91kg,659.0,5,8,97
26,Dell,Inspiron 3567,Notebook,15.6,1366x768,Intel Core i3 6006U 2GHz,4GB,1TB HDD,Intel HD Graphics 520,Windows 10,2.3kg,418.64,4,4,76
27,Apple,MacBook Air,Ultrabook,13.3,1440x900,Intel Core i5 1.6GHz,8GB,128GB Flash Storage,Intel HD Graphics 6000,Mac OS X,1.35kg,1099.0,3,4,94
28,Dell,Inspiron 5570,Notebook,15.6,Full HD 1920x1080,Intel Core i5 8250U 1.6GHz,8GB,256GB SSD,AMD Radeon 530,Windows 10,2.2kg,800.0,0,10,93
29,Dell,Latitude 5590,Ultrabook,15.6,Full HD 1920x1080,Intel Core i7 8650U 1.9GHz,8GB,256GB SSD +  256GB SSD,Intel UHD Graphics 620,Windows 10,1.88kg,1298.0,0,6,82
30,HP,ProBook 470,Notebook,17.3,Full HD 1920x1080,Intel Core i5 8250U 1.6GHz,8GB,1TB HDD,Nvidia GeForce 930MX,Windows 10,2.5kg,896.0,2,10,89
31,Chuwi,"LapBook 15.6""",Notebook,15.6,Full HD 1920x1080,Intel Atom x5-Z8300 1.44GHz,4GB,64GB Flash Storage,Intel HD Graphics,Windows 10,1.89kg,244.99,2,6,67
32,Asus,E402WA-GA010T (E2-6110/2GB/32GB/W10),Notebook,14.0,1366x768,AMD E-Series E2-6110 1.5GHz,2GB,32GB Flash Storage,AMD Radeon R2,Windows 10,1.65kg,199.0,1,10,81
33,HP,17-ak001nv (A6-9220/4GB/500GB/Radeon,Notebook,17.3,Full HD 1920x1080,AMD A6-Series 9220 2.5GHz,4GB,500GB HDD,AMD Radeon 530,Windows 10,2.71kg,439.0,3,8,95
34,Dell,XPS 13,Ultrabook,13.3,Touchscreen / Quad HD+ 3200x1800,Intel Core i7 8550U 1.8GHz,16GB,512GB SSD,Intel UHD Graphics 620,Windows 10,1.2kg,1869.0,3,9,64
35,Apple,MacBook Air,Ultrabook,13.3,1440x900,Intel Core i5 1.6GHz,8GB,256GB Flash Storage,Intel HD Graphics 6000,Mac OS X,1.35kg,998.0,5,4,72
36,Lenovo,IdeaPad 120S-14IAP,Notebook,14.0,1366x768,Intel Celeron Dual Core N3350 1.1GHz,4GB,64GB Flash Storage,Intel HD Graphics 500,Windows 10,1.44kg,249.0,5,10,88
37,Acer,Aspire 3,Notebook,15.6,1366x768,Intel Core i3 7130U 2.7GHz,4GB,1TB HDD,Intel HD Graphics 620,Linux,2.1kg,367.0,5,8,90
38,Dell,Inspiron 5770,Notebook,17.3,IPS Panel Full HD 1920x1080,Intel Core i5 8250U 1.6GHz,8GB,128GB SSD +  1TB HDD,AMD Radeon 530,Windows 10,2.8kg,979.0,2,6,75
39,HP,250 G6,Notebook,15.6,1366x768,Intel Core i5 7200U 2.5GHz,4GB,1TB HDD,Intel HD Graphics 620,Windows 10,1.86kg,488.69,3,6,89
40,HP,ProBook 450,Notebook,15.6,Full HD 1920x1080,Intel Core i5 8250U 1.6GHz,8GB,256GB SSD,Nvidia GeForce 930MX ,Windows 10,2.1kg,879.0,3,4,75
41,Asus,X540UA-DM186 (i3-6006U/4GB/1TB/FHD/Linux),Notebook,15.6,Full HD 1920x1080,Intel Core i3 6006U 2GHz,4GB,1TB HDD,Intel HD Graphics 620,Linux,2kg,389.0,0,7,71
42,Dell,Inspiron 7577,Gaming,15.6,IPS Panel Full HD 1920x1080,Intel Core i7 7700HQ 2.8GHz,16GB,256GB SSD +  1TB HDD,Nvidia GeForce GTX 1060,Windows 10,2.65kg,1499.0,2,10,76
43,Asus,X542UQ-GO005 (i5-7200U/8GB/1TB/GeForce,Notebook,15.6,1366x768,Intel Core i5 7200U 2.5GHz,8GB,1TB HDD,Nvidia GeForce 940MX,Linux,2.3kg,522.99,4,5,75
44,Acer,Aspire A515-51G,Notebook,15.6,IPS Panel Full HD 1920x1080,Intel Core i5 8250U 1.6GHz,4GB,256GB SSD,Intel UHD Graphics 620,Windows 10,2.2kg,682.0,2,6,71
45,Dell,Inspiron 7773,2 in 1 Convertible,17.3,Full HD / Touchscreen 1920x1080,Intel Core i5 8250U 1.6GHz,12GB,1TB HDD,Nvidia GeForce 150MX,Windows 10,2.77kg,999.0,4,9,67
46,Apple,MacBook Pro,Ultrabook,13.3,IPS Panel Retina Display 2560x1600,Intel Core i5 2.0GHz,8GB,256GB SSD,Intel Iris Graphics 540,macOS,1.37kg,1419.0,0,9,79
47,Lenovo,IdeaPad 320-15ISK,Notebook,15.6,1366x768,Intel Core i3 6006U 2GHz,4GB,128GB SSD,Intel HD Graphics 520,No OS,2.2kg,369.0,1,6,62
48,Asus,Rog Strix,Gaming,17.3,Full HD 1920x1080,AMD Ryzen 1700 3GHz,8GB,256GB SSD +  1TB HDD,AMD Radeon RX 580,Windows 10,3.2kg,1299.0,3,7,75
49,Dell,Inspiron 3567,Notebook,15.6,Full HD 1920x1080,Intel Core i5 7200U 2.5GHz,4GB,256GB SSD,AMD Radeon R5 M430,Windows 10,2.3kg,639.0,0,7,89
50,Asus,X751NV-TY001T (N4200/4GB/1TB/GeForce,Notebook,17.3,1366x768,Intel Pentium Quad Core N4200 1.1GHz,4GB,1TB HDD,Nvidia GeForce 920MX,Windows 10,2.8kg,466.0,3,8,82
51,Lenovo,Yoga Book,2 in 1 Convertible,10.1,IPS Panel Touchscreen 1920x1200,Intel Atom x5-Z8550 1.44GHz,4GB,64GB Flash Storage,Intel HD Graphics 400,Android,0.69kg,319.0,5,9,87
52,Acer,Aspire A515-51G,Notebook,15.6,IPS Panel Full HD 1920x1080,Intel Core i7 8550U 1.8GHz,8GB,256GB SSD,Nvidia GeForce MX150,Windows 10,2.2kg,841.0,1,8,99
53,HP,255 G6,Notebook,15.6,Full HD 1920x1080,AMD A6-Series 9220 2.5GHz,4GB,256GB SSD,AMD Radeon R4 Graphics,Windows 10,1.86kg,398.49,1,9,64
54,HP,ProBook 430,Notebook,13.3,Full HD 1920x1080,Intel Core i7 8550U 1.8GHz,8GB,512GB SSD,Intel UHD Graphics 620,Windows 10,1.49kg,1103.0,0,10,79
55,Acer,Aspire 3,Notebook,15.6,1366x768,Intel Core i3 7100U 2.4GHz,4GB,1TB HDD,Intel HD Graphics 620,Windows 10,2.4kg,384.0,1,10,99
56,Dell,Inspiron 3576,Notebook,15.6,Full HD 1920x1080,Intel Core i7 8550U 1.8GHz,8GB,256GB SSD,AMD Radeon 520,Windows 10,2.13kg,767.8,4,5,60
57,HP,15-bs002nv (i3-6006U/4GB/128GB/FHD/W10),Notebook,15.6,Full HD 1920x1080,Intel Core i3 6006U 2GHz,4GB,128GB SSD,Intel HD Graphics 520,Windows 10,1.91kg,439.0,1,10,89
58,Asus,VivoBook Max,Notebook,15.6,1366x768,Intel Core i5 7200U 2.5GHz,4GB,256GB SSD,Intel HD Graphics 620,Windows 10,2kg,586.19,3,5,80
59,MSI,GS73VR 7RG,Gaming,17.3,Full HD 1920x1080,Intel Core i7 7700HQ 2.8GHz,16GB,256GB SSD +  2TB HDD,Nvidia GeForce GTX 1070,Windows 10,2.43kg,2449.0,3,10,79
60,Asus,X541UA-DM1897 (i3-6006U/4GB/256GB/FHD/Linux),Notebook,15.6,Full HD 1920x1080,Intel Core i3 6006U 2GHz,4GB,256GB SSD,Intel HD Graphics 520,Linux,2kg,415.0,3,4,65
61,Dell,Inspiron 5770,Notebook,17.3,Full HD 1920x1080,Intel Core i7 8550U 1.8GHz,16GB,256GB SSD +  2TB HDD,AMD Radeon 530,Windows 10,2.8kg,1299.0,3,10,81
62,Dell,Vostro 5471,Ultrabook,14.0,Full HD 1920x1080,Intel Core i5 8250U 1.6GHz,8GB,256GB SSD,Intel UHD Graphics 620,Windows 10,1.7kg,879.0,4,8,77
63,Lenovo,IdeaPad 520S-14IKB,Notebook,14.0,IPS Panel Full HD 1920x1080,Intel Core i3 7130U 2.7GHz,8GB,256GB SSD,Intel HD Graphics 620,No OS,1.7kg,599.0,2,6,67
64,Asus,UX410UA-GV350T (i5-8250U/8GB/256GB/FHD/W10),Notebook,14.0,Full HD 1920x1080,Intel Core i5 8250U 1.6GHz,8GB,256GB SSD,Intel UHD Graphics 620,Windows 10,1.4kg,941.0,5,8,98
66,HP,250 G6,Notebook,15.6,Full HD 1920x1080,Intel Core i5 7200U 2.5GHz,8GB,256GB SSD,Intel HD Graphics 620,Windows 10,1.86kg,690.0,0,6,91
67,Asus,ZenBook Pro,Ultrabook,15.6,Full HD 1920x1080,Intel Core i7 7700HQ 2.8GHz,16GB,512GB SSD,Nvidia GeForce GTX 1050 Ti,Windows 10,1.8kg,1983.0,3,7,92
68,HP,250 G6,Notebook,15.6,1366x768,Intel Core i3 6006U 2GHz,4GB,500GB HDD,AMD Radeon 520,Windows 10,1.86kg,438.69,1,8,75
69,HP,Stream 14-AX040wm,Notebook,14.0,1366x768,Intel Celeron Dual Core N3060 1.6GHz,4GB,32GB SSD,Intel HD Graphics 400,Windows 10,1.44kg,229.0,3,7,71
70,Lenovo,V310-15ISK (i5-7200U/4GB/1TB/FHD/W10),Notebook,15.6,Full HD 1920x1080,Intel Core i5 7200U 2.5GHz,4GB,1TB HDD,Intel HD Graphics 620,Windows 10,1.9kg,549.0,1,5,97
71,Asus,FX753VE-GC093 (i7-7700HQ/12GB/1TB/GeForce,Gaming,17.3,Full HD 1920x1080,Intel Core i7 7700HQ 2.8GHz,12GB,1TB HDD,Nvidia GeForce GTX 1050 Ti,Linux,3kg,949.0,5,5,93
72,Microsoft,Surface Laptop,Ultrabook,13.5,Touchscreen 2256x1504,Intel Core i5 7200U 2.5GHz,4GB,128GB SSD,Intel HD Graphics 620,Windows 10 S,1.252kg,1089.0,5,4,73
73,Dell,Inspiron 5370,Ultrabook,13.3,IPS Panel Full HD 1920x1080,Intel Core i7 8550U 1.8GHz,8GB,256GB SSD,AMD Radeon 530,Windows 10,1.4kg,955.0,5,10,95
74,Dell,Inspiron 5570,Notebook,15.6,Full HD 1920x1080,Intel Core i7 8550U 1.8GHz,8GB,256GB SSD,AMD Radeon 530,Windows 10,2.2kg,870.0,1,8,92
75,MSI,GL72M 7RDX,Gaming,17.3,Full HD 1920x1080,Intel Core i5 7300HQ 2.5GHz,8GB,128GB SSD +  1TB HDD,Nvidia GeForce GTX 1050,Windows 10,2.7kg,1095.0,3,7,82
76,Acer,Aspire E5-475,Notebook,14.0,1366x768,Intel Core i3 6006U 2GHz,8GB,1TB HDD,Intel HD Graphics 520,Windows 10,2.1kg,389.0,5,6,61
77,Asus,FX503VD-E4022T (i7-7700HQ/8GB/1TB/GeForce,Gaming,15.6,Full HD 1920x1080,Intel Core i7 7700HQ 2.8GHz,8GB,1TB HDD,Nvidia GeForce GTX 1050,Windows 10,2.2kg,949.0,4,5,100
78,Lenovo,IdeaPad 320-15IKBN,Notebook,15.6,Full HD 1920x1080,Intel Core i5 7200U 2.5GHz,8GB,2TB HDD,Intel HD Graphics 620,No OS,2.2kg,519.0,1,10,80
79,Dell,Inspiron 5570,Notebook,15.6,Full HD 1920x1080,Intel Core i7 8550U 1.8GHz,8GB,128GB SSD +  1TB HDD,Intel UHD Graphics 620,Windows 10,2.02kg,855.0,1,5,61
80,Acer,Aspire A515-51G-32MX,Notebook,15.6,Full HD 1920x1080,Intel Core i3 7130U 2.7GHz,4GB,1TB HDD,Nvidia GeForce MX130,Windows 10,2.2kg,530.0,3,6,86
81,HP,ProBook 470,Notebook,17.3,Full HD 1920x1080,Intel Core i5 8250U 1.6GHz,8GB,128GB SSD +  1TB HDD,Nvidia GeForce 930MX,Windows 10,2.5kg,977.0,1,10,68
82,Dell,Latitude 5590,Ultrabook,15.6,IPS Panel Full HD 1920x1080,Intel Core i5 8250U 1.6GHz,8GB,256GB SSD,Intel UHD Graphics 620,Windows 10,1.88kg,1096.16,1,10,60
83,Apple,"MacBook 12""",Ultrabook,12.0,IPS Panel Retina Display 2304x1440,Intel Core i5 1.3GHz,8GB,512GB SSD,Intel HD Graphics 615,macOS,0.92kg,1510.0,5,7,70
84,HP,ProBook 440,Notebook,14.0,Full HD 1920x1080,Intel Core i5 8250U 1.6GHz,8GB,256GB SSD,Intel HD Graphics 620,Windows 10,1.63kg,860.0,3,7,62
85,Lenovo,IdeaPad 320-15AST,Notebook,15.6,Full HD 1920x1080,AMD A6-Series 9220 2.5GHz,4GB,128GB SSD,AMD R4 Graphics,Windows 10,2.2kg,399.0,5,8,82
86,Acer,Aspire 3,Notebook,15.6,1366x768,AMD A9-Series 9420 3GHz,4GB,1TB HDD,AMD Radeon R5,Windows 10,2.1kg,395.0,5,8,85
87,Dell,Inspiron 7577,Gaming,15.6,IPS Panel Full HD 1920x1080,Intel Core i7 7700HQ 2.8GHz,16GB,128GB SSD +  1TB HDD,Nvidia GeForce GTX 1050 Ti,Windows 10,2.65kg,1349.0,3,9,63
88,HP,Pavilion 15-CK000nv,Ultrabook,15.6,IPS Panel Full HD 1920x1080,Intel Core i7 8550U 1.8GHz,8GB,256GB SSD,Nvidia GeForce GTX 940MX,Windows 10,1.83kg,699.0,0,9,77
89,HP,250 G6,Notebook,15.6,Full HD 1920x1080,Intel Core i5 7200U 2.5GHz,8GB,256GB SSD,Intel HD Graphics 620,Windows 10,1.96kg,598.99,5,4,65
90,Asus,FX503VM-E4007T (i7-7700HQ/16GB/1TB,Gaming,15.6,IPS Panel Full HD 1920x1080,Intel Core i7 7700HQ 2.8GHz,16GB,128GB SSD +  1TB HDD,Nvidia GeForce GTX 1060,Windows 10,2.2kg,1449.0,4,5,94
91,Dell,XPS 13,Ultrabook,13.3,IPS Panel Full HD 1920x1080,Intel Core i7 8550U 1.8GHz,8GB,256GB SSD,Intel UHD Graphics 620,Windows 10,1.21kg,1649.0,4,8,81
92,Asus,FX550IK-DM018T (FX-9830P/8GB/1TB/Radeon,Gaming,15.6,Full HD 1920x1080,AMD FX 9830P 3GHz,8GB,1TB HDD,AMD Radeon RX 560,Windows 10,2.45kg,699.0,1,7,74
93,Acer,Aspire 5,Notebook,15.6,Full HD 1920x1080,Intel Core i7 8550U 1.8GHz,8GB,1TB HDD,Nvidia GeForce MX150,Windows 10,2.2kg,689.0,4,6,81
94,HP,Probook 430,Notebook,13.3,Full HD 1920x1080,Intel Core i7 8550U 1.8GHz,16GB,512GB SSD,Intel UHD Graphics 620,Windows 10,1.49kg,1197.0,1,7,96
95,Dell,Inspiron 7577,Gaming,15.6,Full HD 1920x1080,Intel Core i5 7300HQ 2.5GHz,8GB,256GB SSD,Nvidia GeForce GTX 1060,Windows 10,2.65kg,1195.0,0,5,71
96,Asus,Zenbook UX430UA,Ultrabook,14.0,Full HD 1920x1080,Intel Core i7 7500U 2.7GHz,8GB,256GB SSD,Intel HD Graphics 620,Windows 10,1.25kg,1049.0,3,9,97
97,Acer,Spin 5,2 in 1 Convertible,13.3,IPS Panel Full HD / Touchscreen 1920x1080,Intel Core i5 8250U 1.6GHz,8GB,256GB SSD,Intel UHD Graphics 620,Windows 10,1.5kg,847.0,3,7,77
98,Dell,Inspiron 3567,Notebook,15.6,Full HD 1920x1080,Intel Core i7 7500U 2.7GHz,8GB,1TB HDD,AMD Radeon R5 M430,Linux,2.2kg,599.9,3,4,94
99,Dell,Inspiron 3567,Notebook,15.6,Full HD 1920x1080,Intel Core i3 6006U 2GHz,4GB,256GB SSD,AMD Radeon R5 M430,Linux,2.2kg,485.0,4,5,89
100,Asus,X541UV-DM1439T (i3-7100U/6GB/256GB/GeForce,Notebook,15.6,Full HD 1920x1080,Intel Core i3 7100U 2.4GHz,6GB,256GB SSD,Nvidia GeForce 920M,Windows 10,2kg,577.0,0,9,83
102,HP,Omen 15-ce007nv,Gaming,15.6,IPS Panel Full HD 1920x1080,Intel Core i7 7700HQ 2.8GHz,12GB,128GB SSD +  1TB HDD,Nvidia GeForce GTX 1050,Windows 10,2.62kg,1249.0,4,6,89
103,HP,15-bs017nv (i7-7500U/8GB/256GB/Radeon,Notebook,15.6,Full HD 1920x1080,Intel Core i7 7500U 2.7GHz,8GB,256GB SSD,AMD Radeon 530,Windows 10,1.91kg,719.0,4,9,73
104,HP,15-bw000nv (E2-9000e/4GB/500GB/Radeon,Notebook,15.6,Full HD 1920x1080,AMD E-Series E2-9000e 1.5GHz,4GB,500GB HDD,AMD Radeon R2,Windows 10,2.1kg,349.0,0,10,65
105,Dell,Inspiron 3576,Notebook,15.6,Full HD 1920x1080,Intel Core i5 8250U 1.6GHz,8GB,1TB HDD,AMD Radeon 520,Linux,2.2kg,647.0,0,4,62
106,HP,Envy 13-ad009n,Ultrabook,13.3,IPS Panel Full HD 1920x1080,Intel Core i7 7500U 2.7GHz,8GB,256GB SSD,Nvidia GeForce MX150,Windows 10,1.38kg,1119.0,0,5,75
107,Microsoft,Surface Laptop,Ultrabook,13.5,Touchscreen 2256x1504,Intel Core i5 7200U 2.5GHz,8GB,256GB SSD,Intel HD Graphics 620,Windows 10 S,1.252kg,1340.0,0,6,66
108,HP,Pavilion 14-BK001nv,Notebook,14.0,IPS Panel Full HD 1920x1080,Intel Core i5 7200U 2.5GHz,6GB,256GB SSD,Nvidia GeForce 940MX,Windows 10,1.58kg,659.0,3,4,73
109,Lenovo,Ideapad 310-15ISK,Notebook,15.6,Full HD 1920x1080,Intel Core i3 6006U 2GHz,4GB,1TB HDD,Intel HD Graphics 520,Windows 10,1.85kg,414.9,2,9,68
110,Asus,UX430UQ-GV209R (i7-7500U/8GB/256GB/GeForce,Ultrabook,14.0,IPS Panel Full HD 1920x1080,Intel Core i7 7500U 2.7GHz,8GB,256GB SSD,Nvidia GeForce 940MX,Windows 10,1.3kg,1193.0,2,4,74
111,MSI,GP62M 7REX,Gaming,15.6,Full HD 1920x1080,Intel Core i7 7700HQ 2.8GHz,16GB,256GB SSD +  1TB HDD,Nvidia GeForce GTX 1050 Ti,Windows 10,2.2kg,1299.0,0,5,80
112,Lenovo,Thinkpad T470,Notebook,14.0,IPS Panel Full HD 1920x1080,Intel Core i7 7500U 2.7GHz,8GB,256GB SSD,Intel HD Graphics 620,Windows 10,1.58kg,1480.0,2,8,94
113,Asus,VivoBook S15,Ultrabook,15.6,Full HD 1920x1080,Intel Core i7 8550U 1.8GHz,16GB,256GB SSD +  1TB HDD,Nvidia GeForce MX150,Windows 10,1.5kg,1262.0,2,4,61
114,Dell,XPS 13,Ultrabook,13.3,Quad HD+ / Touchscreen 3200x1800,Intel Core i7 7560U 2.4GHz,8GB,256GB SSD,Intel Iris Plus Graphics 640,Windows 10,1.23kg,1379.0,0,10,86
115,Lenovo,ThinkPad Yoga,2 in 1 Convertible,13.3,IPS Panel Full HD / Touchscreen 1920x1080,Intel Core i5 7200U 2.5GHz,8GB,256GB SSD,Intel HD Graphics 620,Windows 10,1.37kg,1399.0,2,4,61
116,HP,Probook 440,Notebook,14.0,IPS Panel 1366x768,Intel Core i5 8250U 1.6GHz,4GB,500GB HDD,Intel UHD Graphics 620,Windows 10,1.63kg,722.0,4,9,94
117,Dell,XPS 13,Ultrabook,13.3,IPS Panel Full HD 1920x1080,Intel Core i5 8250U 1.6GHz,8GB,256GB SSD,Intel UHD Graphics 620,Windows 10,1.21kg,1629.0,1,9,77
118,HP,Spectre x360,2 in 1 Convertible,13.3,IPS Panel Full HD / Touchscreen 1920x1080,Intel Core i5 8250U 1.6GHz,8GB,256GB SSD,Intel UHD Graphics 620,Windows 10,1.26kg,1398.99,1,6,73
119,HP,Probook 440,Notebook,14.0,Full HD 1920x1080,Intel Core i7 8550U 1.8GHz,8GB,512GB SSD,Intel UHD Graphics 620,Windows 10,1.63kg,1084.0,0,9,79
120,Dell,Inspiron 7570,Notebook,15.6,IPS Panel Full HD 1920x1080,Intel Core i7 8550U 1.8GHz,8GB,256GB SSD +  1TB HDD,Nvidia GeForce 940MX,Windows 10,2.16kg,1130.33,3,7,77
121,Asus,X705UV-BX074T (i3-6006U/4GB/1TB/GeForce,Notebook,17.3,Full HD 1920x1080,Intel Core i3 6006U 2GHz,4GB,1TB HDD,Nvidia GeForce 920MX,Windows 10,2kg,564.0,0,5,69
122,Asus,VivoBook S15,Notebook,15.6,Full HD 1920x1080,Intel Core i7 8550U 1.8GHz,8GB,256GB SSD,Nvidia GeForce 940MX,Windows 10,1.7kg,1118.0,3,5,84
123,Acer,Spin 3,Notebook,15.6,IPS Panel Full HD / Touchscreen 1920x1080,Intel Core i3 7100U 2.4GHz,6GB,1TB HDD,Intel HD Graphics 620,Windows 10,2.1kg,479.0,1,8,61
124,MSI,GS63VR 7RG,Gaming,15.6,Full HD 1920x1080,Intel Core i7 7700HQ 2.8GHz,16GB,256GB SSD +  2TB HDD,Nvidia GeForce GTX 1070,Windows 10,1.8kg,2241.5,0,8,84
125,Lenovo,IdeaPad 320-15IKBN,Notebook,15.6,Full HD 1920x1080,Intel Core i5 7200U 2.5GHz,8GB,256GB SSD,Nvidia GeForce 940MX,No OS,2.2kg,629.0,5,5,92
126,HP,Probook 470,Notebook,17.3,Full HD 1920x1080,Intel Core i7 8550U 1.8GHz,16GB,512GB SSD,Nvidia GeForce 930MX ,Windows 10,2.5kg,1271.0,4,10,95
127,Acer,Aspire 3,Notebook,15.6,1366x768,AMD A9-Series 9420 3GHz,4GB,256GB SSD,AMD Radeon R5,Windows 10,2.1kg,451.0,2,8,90
128,HP,250 G6,Notebook,15.6,1366x768,Intel Celeron Dual Core N3060 1.6GHz,4GB,500GB HDD,Intel HD Graphics 400,No OS,1.86kg,259.0,3,6,73
129,HP,Probook 440,Notebook,14.0,Full HD 1920x1080,Intel Core i5 8250U 1.6GHz,8GB,1TB HDD,Intel UHD Graphics 620,Windows 10,1.63kg,812.0,5,9,60
130,Asus,E402WA-GA007T (E2-6110/4GB/64GB/W10,Notebook,14.0,1366x768,AMD E-Series 6110 1.5GHz,4GB,64GB SSD,AMD Radeon R2,Windows 10 S,1.65kg,277.99,2,5,75
131,Dell,Inspiron 5770,Notebook,17.3,Full HD 1920x1080,Intel Core i7 8550U 1.8GHz,16GB,256GB SSD +  2TB HDD,AMD Radeon 530,Windows 10,2.8kg,1396.0,2,8,62
132,HP,ProBook 470,Notebook,17.3,Full HD 1920x1080,Intel Core i5 8250U 1.6GHz,8GB,256GB SSD,Intel UHD Graphics 620,Windows 10,2.5kg,928.0,0,5,94
133,Dell,Inspiron 5567,Notebook,15.6,1366x768,Intel Core i5 7200U 2.5GHz,8GB,1TB HDD,AMD Radeon R7 M445,Windows 10,2.36kg,638.99,2,7,100
134,Dell,Inspiron 3567,Notebook,15.6,Full HD 1920x1080,Intel Core i3 6006U 2GHz,4GB,1TB HDD,AMD Radeon R5 M430,Windows 10,2.2kg,449.0,4,4,65
135,Acer,Swift 3,Ultrabook,14.0,IPS Panel Full HD 1920x1080,Intel Core i7 8550U 1.8GHz,8GB,256GB SSD,Intel UHD Graphics 620,Windows 10,1.6kg,884.0,5,9,84
136,Acer,Aspire A515-51G-37JS,Notebook,15.6,Full HD 1920x1080,Intel Core i3 7130U 2.7GHz,4GB,256GB SSD,Nvidia GeForce MX130,Windows 10,2.2kg,572.0,2,5,72
137,HP,15-BS078nr (i7-7500U/8GB/1TB/W10),Notebook,15.6,1366x768,Intel Core i7 7500U 2.7GHz,8GB,1TB HDD,Intel HD Graphics 620,Windows 10,2.05kg,598.0,0,4,93
138,HP,Probook 440,Notebook,14.0,Full HD 1920x1080,Intel Core i7 8550U 1.8GHz,8GB,256GB SSD,Intel UHD Graphics 620,Windows 10,1.63kg,988.0,4,8,67
139,Lenovo,V110-15IAP (N3350/4GB/1TB/No,Notebook,15.6,1366x768,Intel Celeron Dual Core N3350 1.1GHz,4GB,1TB HDD,Intel HD Graphics 500,No OS,1.9kg,252.36,1,4,80
140,Asus,FX753VD-GC086T (i5-7300HQ/8GB/1TB,Gaming,17.3,Full HD 1920x1080,Intel Core i5 7300HQ 2.5GHz,8GB,128GB SSD +  1TB HDD,Nvidia GeForce GTX 1050,Windows 10,3kg,938.0,5,9,93
141,Lenovo,IdeaPad 320-15IKBN,Notebook,15.6,Full HD 1920x1080,Intel Core i5 7200U 2.5GHz,4GB,1TB HDD,Nvidia GeForce 920MX,No OS,2.2kg,499.0,2,5,63
142,HP,Envy 13-AD007nv,Notebook,13.3,IPS Panel Full HD 1920x1080,Intel Core i5 7200U 2.5GHz,4GB,256GB SSD,Intel HD Graphics 620,Windows 10,1.32kg,699.0,0,7,84
143,Acer,Aspire 5,Notebook,17.3,IPS Panel Full HD 1920x1080,Intel Core i3 7130U 2.7GHz,4GB,1TB HDD,Nvidia GeForce MX130,Windows 10,3kg,655.0,1,10,74
144,Lenovo,ThinkPad E480,Notebook,14.0,IPS Panel Full HD 1920x1080,Intel Core i5 8250U 1.6GHz,8GB,256GB SSD,AMD Radeon RX 550,Windows 10,1.75kg,1116.02,1,8,63
145,Lenovo,Legion Y520-15IKBN,Gaming,15.6,IPS Panel Full HD 1920x1080,Intel Core i7 7700HQ 2.8GHz,8GB,256GB SSD,Nvidia GeForce GTX 1050M,No OS,2.4kg,869.0,3,5,71
146,Toshiba,Satellite Pro,Notebook,15.6,1366x768,Intel Core i5 6200U 2.3GHz,4GB,500GB HDD,Intel HD Graphics 520,Windows 10,2.1kg,602.0,4,9,91
147,HP,255 G6,Notebook,15.6,1366x768,AMD A6-Series 9220 2.5GHz,4GB,256GB SSD,AMD Radeon R4 Graphics,Windows 10,1.86kg,369.0,2,8,91
148,Asus,ZenBook UX430UA,Ultrabook,14.0,Full HD 1920x1080,Intel Core i7 8550U 1.8GHz,8GB,256GB SSD,Intel UHD Graphics 620,Windows 10,1.25kg,1099.0,0,6,87
149,HP,EliteBook Folio,Ultrabook,12.5,IPS Panel 4K Ultra HD / Touchscreen 3840x2160,Intel Core M 6Y75 1.2GHz,8GB,512GB SSD,Intel HD Graphics 515,Windows 10,0.97kg,2014.0,3,4,72
150,Asus,X541NA (N3350/4GB/1TB/FHD/W10),Notebook,15.6,Full HD 1920x1080,Intel Celeron Dual Core N3350 1.1GHz,4GB,1TB HDD,Intel HD Graphics 500,Windows 10,2kg,344.0,4,10,90
151,MSI,GE72MVR 7RG,Gaming,17.3,Full HD 1920x1080,Intel Core i7 7700HQ 2.8GHz,16GB,256GB SSD +  1TB HDD,Nvidia GeForce GTX 1070,Windows 10,2.9kg,2029.0,3,9,73
152,Acer,Aspire A315-51,Notebook,15.6,1366x768,Intel Core i3 6006U 2GHz,4GB,1TB HDD,Intel HD Graphics 520,Windows 10,2.1kg,447.0,5,6,79
153,Dell,Inspiron 5577,Gaming,15.6,Full HD 1920x1080,Intel Core i7 7700HQ 2.8GHz,16GB,512GB SSD,Nvidia GeForce GTX 1050,Windows 10,2.56kg,1249.26,4,5,77
154,Dell,Inspiron 7567,Gaming,15.6,Full HD 1920x1080,Intel Core i7 7700HQ 2.8GHz,8GB,1.0TB Hybrid,Nvidia GeForce GTX 1050,Windows 10,2.62kg,899.0,4,7,88
155,Lenovo,V110-15IKB (i5-7200U/4GB/128GB/W10),Notebook,15.6,1366x768,Intel Core i5 7200U 2.5GHz,4GB,128GB SSD,Intel HD Graphics 620,Windows 10,1.9kg,498.0,2,8,65
156,MSI,GE73VR 7RE,Gaming,17.3,Full HD 1920x1080,Intel Core i7 7700HQ 2.8GHz,16GB,256GB SSD +  1TB HDD,Nvidia GeForce GTX 1060,Windows 10,2.8kg,1890.0,4,4,91
157,HP,EliteBook 840,Ultrabook,14.0,Full HD 1920x1080,Intel Core i5 7500U 2.7GHz,4GB,256GB SSD,Intel HD Graphics 620,Windows 10,1.48kg,1082.0,3,8,88
158,HP,15-BS103nv (i5-8250U/6GB/256GB/Radeon,Notebook,15.6,Full HD 1920x1080,Intel Core i5 8250U 1.6GHz,6GB,256GB SSD,AMD Radeon 520,Windows 10,1.91kg,619.0,4,10,61
159,Lenovo,Yoga 520-14IKB,2 in 1 Convertible,14.0,IPS Panel Full HD / Touchscreen 1920x1080,Intel Core i3 7100U 2.4GHz,4GB,256GB SSD,Intel HD Graphics 620,Windows 10,1.74kg,629.0,2,5,82
160,Asus,ZenBook Flip,2 in 1 Convertible,13.3,Full HD / Touchscreen 1920x1080,Intel Core i5 8250U 1.6GHz,8GB,256GB SSD,Intel HD Graphics 620,Windows 10,1.1kg,1315.0,2,8,78
161,Dell,Inspiron 5579,2 in 1 Convertible,15.6,Full HD / Touchscreen 1920x1080,Intel Core i7 8550U 1.8GHz,8GB,256GB SSD,Intel UHD Graphics 620,Windows 10,1.56kg,1049.0,5,4,90
163,Toshiba,Satellite Pro,Notebook,15.6,1366x768,Intel Core i3 6006U 2.2GHz,4GB,500GB HDD,Intel HD Graphics 520,Windows 10,2.1kg,447.0,3,5,64
164,Asus,X555BP-XX180T (A9-9420/4GB/1TB/Radeon,Notebook,15.6,1366x768,AMD A9-Series 9420 3GHz,4GB,1TB HDD,AMD Radeon R5 M420,Windows 10,2.03kg,403.0,1,8,78
165,Acer,Aspire A517-51G,Notebook,17.3,IPS Panel Full HD 1920x1080,Intel Core i5 8250U 1.6GHz,4GB,256GB SSD,Nvidia GeForce MX150,Windows 10,3kg,805.0,1,7,93
166,Dell,Inspiron 3576,Notebook,15.6,Full HD 1920x1080,Intel Core i5 8250U 1.6GHz,8GB,256GB SSD,AMD Radeon 520,Windows 10,2.13kg,728.0,4,9,69
167,Lenovo,Legion Y520-15IKBN,Gaming,15.6,IPS Panel Full HD 1920x1080,Intel Core i7 7700HQ 2.8GHz,16GB,256GB SSD,Nvidia GeForce GTX 1050 Ti,Windows 10,2.5kg,1079.0,5,5,84
168,Acer,Aspire A315-31,Notebook,15.6,1366x768,Intel Celeron Dual Core N3350 1.1GHz,4GB,1TB HDD,Intel HD Graphics 500,Windows 10,2.1kg,348.0,0,9,61
169,MSI,GE63VR 7RE,Gaming,15.6,IPS Panel Full HD 1920x1080,Intel Core i7 7700HQ 2.8GHz,16GB,256GB SSD +  1TB HDD,Nvidia GeForce GTX 1060,Windows 10,2.4kg,1799.0,4,5,70
170,Acer,Aspire 3,Notebook,15.6,1366x768,Intel Pentium Quad Core N4200 1.1GHz,4GB,1TB HDD,Intel HD Graphics 505,Windows 10,2.1kg,363.51,5,7,90
171,Dell,Inspiron 5577,Gaming,15.6,Full HD 1920x1080,Intel Core i7 7700HQ 2.8GHz,8GB,128GB SSD +  1TB HDD,Nvidia GeForce GTX 1050,Windows 10,2.56kg,1060.49,3,9,74
172,Acer,Aspire A517-51G,Notebook,17.3,IPS Panel Full HD 1920x1080,Intel Core i5 8250U 1.6GHz,8GB,256GB SSD,Nvidia GeForce MX150,Windows 10,3kg,854.0,3,6,68
173,HP,ProBook 430,Notebook,13.3,IPS Panel Full HD 1920x1080,Intel Core i5 8250U 1.6GHz,4GB,500GB HDD,Intel UHD Graphics 620,Windows 10,1.49kg,754.0,3,4,82
174,Huawei,MateBook X,Ultrabook,13.0,IPS Panel Full HD 2160x1440,Intel Core i5 7200U 2.5GHz,8GB,256GB SSD,Intel HD Graphics 620,Windows 10,1.05kg,1349.0,3,6,78
175,HP,17-bs001nv (i5-7200U/6GB/2TB/Radeon,Notebook,17.3,IPS Panel Full HD 1920x1080,Intel Core i5 7200U 2.5GHz,6GB,2TB HDD,AMD Radeon 520,Windows 10,2.71kg,699.0,3,8,68
176,Lenovo,IdeaPad 320-15AST,Notebook,15.6,1366x768,AMD A6-Series 9220 2.9GHz,4GB,500GB HDD,AMD Radeon R4 Graphics,No OS,2.2kg,309.0,5,7,94
177,Toshiba,Satellite Pro,Notebook,15.6,1366x768,Intel Core i3 7100U 2.4GHz,4GB,500GB HDD,Intel HD Graphics 620,Windows 10,2kg,489.0,5,6,80
178,HP,ProBook 470,Notebook,17.3,Full HD 1920x1080,Intel Core i5 8250U 1.6GHz,8GB,256GB SSD,Nvidia GeForce 930MX,Windows 10,2.5kg,923.0,2,5,68
179,Dell,Inspiron 3567,Notebook,15.6,1366x768,Intel Core i3 7100U 2.4GHz,8GB,1TB HDD,Intel HD Graphics 620,Windows 10,2.3kg,459.0,1,8,87
180,Acer,Aspire A315-51,Notebook,15.6,1366x768,Intel Core i3 6006U 2GHz,4GB,128GB SSD,Intel HD Graphics 520,Windows 10,2.1kg,449.0,3,8,66
181,MSI,GT80S 6QF-074US,Gaming,18.4,Full HD 1920x1080,Intel Core i7 6920HQ 2.9GHz,32GB,512GB SSD +  1TB HDD,Nvidia GTX 980 SLI,Windows 10,4.4kg,2799.0,0,6,75
182,Lenovo,V310-15IKB (i5-7200U/8GB/1TB,Notebook,15.6,Full HD 1920x1080,Intel Core i5 7200U 2.5GHz,8GB,128GB SSD +  1TB HDD,AMD R17M-M1-70,Windows 10,1.90kg,813.0,5,6,75
183,HP,Spectre x360,2 in 1 Convertible,13.3,IPS Panel 4K Ultra HD / Touchscreen 3840x2160,Intel Core i5 8250U 1.6GHz,8GB,256GB SSD,Intel UHD Graphics 620,Windows 10,1.29kg,1499.0,0,7,92
184,Dell,Inspiron 5570,Notebook,15.6,Full HD 1920x1080,Intel Core i7 8550U 1.8GHz,16GB,256GB SSD +  2TB HDD,AMD Radeon 530,Linux,2.02kg,1049.0,0,4,63
185,Dell,XPS 13,Ultrabook,13.3,Full HD 1920x1080,Intel Core i5 8250U 1.6GHz,8GB,256GB SSD,Intel UHD Graphics 620,Windows 10,1.23kg,1399.0,0,6,63
186,Lenovo,Yoga 920-13IKB,2 in 1 Convertible,13.9,IPS Panel 4K Ultra HD / Touchscreen 3840x2160,Intel Core i7 8550U 1.8GHz,16GB,512GB SSD,Intel UHD Graphics 620,Windows 10,1.4kg,1849.0,2,10,98
187,Toshiba,Satellite Pro,Notebook,15.6,1366x768,Intel Core i5 7200U 2.5GHz,8GB,128GB SSD,Intel HD Graphics 620,Windows 10,2.0kg,793.0,5,6,99
188,Xiaomi,Mi Notebook,Notebook,15.6,IPS Panel Full HD 1920x1080,Intel Core i5 8250U 1.6GHz,8GB,256GB SSD,Nvidia GeForce MX150,No OS,1.95kg,1199.0,0,9,76
189,Dell,Inspiron 7773,Notebook,17.3,Full HD / Touchscreen 1920x1080,Intel Core i7 8550U 1.8GHz,16GB,512GB SSD,Nvidia GeForce 150MX,Windows 10,2.77kg,1549.0,3,5,96
190,Dell,XPS 15,Notebook,15.6,4K Ultra HD / Touchscreen 3840x2160,Intel Core i7 7700HQ 2.8GHz,16GB,512GB SSD,Nvidia GeForce GTX 1050,Windows 10,2.06kg,2397.0,4,10,98
191,Lenovo,Legion Y520-15IKBN,Gaming,15.6,IPS Panel Full HD 1920x1080,Intel Core i5 7300HQ 2.5GHz,8GB,256GB SSD,Nvidia GeForce GTX 1050,No OS,2.4kg,779.0,0,10,88
192,Acer,Swift 7,Ultrabook,13.3,IPS Panel Full HD 1920x1080,Intel Core i5 7Y54 1.2GHz,8GB,256GB SSD,Intel HD Graphics 615,Windows 10,1.12kg,989.0,2,9,95
193,Dell,Inspiron 5770,Notebook,17.3,Full HD 1920x1080,Intel Core i7 8550U 1.8GHz,8GB,128GB SSD +  1TB HDD,AMD Radeon 530,Windows 10,2.8kg,1085.0,5,9,97
194,Lenovo,Thinkpad Yoga,2 in 1 Convertible,14.0,Touchscreen 2560x1440,Intel Core i7 7500U 2.7GHz,16GB,1TB SSD,Intel HD Graphics 620,Windows 10,1.42kg,2824.0,2,8,98
195,Vero,K147 (N3350/4GB/32GB/FHD/W10),Notebook,14.0,IPS Panel Full HD 1920x1080,Intel Celeron Dual Core N3350 1.1GHz,4GB,32GB Flash Storage,Intel HD Graphics 500,Windows 10,1.3kg,260.0,0,4,96
196,Xiaomi,Mi Notebook,Ultrabook,13.3,IPS Panel Full HD 1920x1080,Intel Core i5 7200U 2.5GHz,8GB,256GB SSD,Nvidia GeForce MX150,No OS,1.3kg,999.9,5,5,94
197,Lenovo,IdeaPad 320-17IKBR,Notebook,17.3,1600x900,Intel Core i5 8250U 1.6GHz,8GB,256GB SSD,Nvidia GeForce MX150,No OS,2.8kg,698.0,4,7,66
198,Dell,Inspiron 5379,2 in 1 Convertible,13.3,IPS Panel Full HD / Touchscreen 1920x1080,Intel Core i7 8550U 1.8GHz,8GB,1TB HDD,Intel UHD Graphics 620,Windows 10,1.62kg,839.0,0,10,86
199,HP,ProBook 470,Notebook,17.3,IPS Panel Full HD 1920x1080,Intel Core i5 8250U 1.6GHz,8GB,1TB HDD,Nvidia GeForce 930MX,Windows 10,2.5kg,914.0,2,7,87
200,Razer,Blade Pro,Gaming,17.3,4K Ultra HD / Touchscreen 3840x2160,Intel Core i7 7820HK 2.9GHz,32GB,1TB SSD,Nvidia GeForce GTX 1080,Windows 10,3.49kg,6099.0,1,6,81
201,HP,ProBook 430,Notebook,13.3,Full HD 1920x1080,Intel Core i5 8250U 1.6GHz,8GB,512GB SSD,Intel UHD Graphics 620,Windows 10,1.49kg,959.0,3,6,73
202,HP,Omen 17-W295,Gaming,17.3,IPS Panel Full HD 1920x1080,Intel Core i7 7700HQ 2.8GHz,16GB,256GB SSD +  1TB HDD,Nvidia GeForce GTX 1050,Windows 10,3.35kg,1379.0,2,7,66
203,HP,Probook 470,Notebook,17.3,Full HD 1920x1080,Intel Core i7 8550U 1.8GHz,8GB,256GB SSD,Nvidia GeForce 930MX ,Windows 10,2.5kg,1045.0,5,6,96
204,Dell,Inspiron 7577,Gaming,15.6,IPS Panel 4K Ultra HD 3840x2160,Intel Core i7 7700HQ 2.8GHz,16GB,512GB SSD +  1TB HDD,Nvidia GeForce GTX 1060,Windows 10,2.65kg,1845.0,0,4,81
205,Lenovo,V110-15ISK (i5-6200U/4GB/128GB/W10),Notebook,15.6,1366x768,Intel Core i5 6200U 2.3GHz,4GB,128GB SSD,Intel HD Graphics 520,Windows 10,2.1kg,493.0,3,9,64
206,Acer,Aspire E5-576G,Notebook,15.6,Full HD 1920x1080,Intel Core i7 7500U 2.7GHz,8GB,1TB HDD,Nvidia GeForce 940MX,Windows 10,2.23kg,742.0,0,6,61
207,Lenovo,Legion Y720-15IKB,Gaming,15.6,IPS Panel Full HD 1920x1080,Intel Core i7 7700HQ 2.8GHz,16GB,512GB SSD +  1TB HDD,Nvidia GeForce GTX 1060,Windows 10,3.2kg,1749.0,5,8,86
208,Dell,Precision 7520,Workstation,15.6,4K Ultra HD 3840x2160,Intel Xeon E3-1505M V6 3GHz,16GB,256GB SSD +  1TB HDD,Nvidia Quadro M1200,Windows 10,2.8kg,3055.0,0,6,80
209,Lenovo,Legion Y520-15IKBN,Gaming,15.6,Full HD 1920x1080,Intel Core i7 7700HQ 2.8GHz,16GB,512GB SSD,Nvidia GeForce GTX 1060,No OS,2.4kg,1398.0,1,5,97
210,Dell,Inspiron 3567,Notebook,15.6,Touchscreen 1366x768,Intel Core i3 7100U 2.4GHz,6GB,1TB HDD,Intel HD Graphics 620,Windows 10,2.3kg,439.0,3,4,74
211,Dell,XPS 13,Ultrabook,13.3,IPS Panel 4K Ultra HD / Touchscreen 3840x2160,Intel Core i7 8550U 1.8GHz,8GB,256GB SSD,Intel UHD Graphics 620,Windows 10,1.21kg,1949.0,3,5,80
212,Dell,XPS 13,Ultrabook,13.3,Full HD 1920x1080,Intel Core i7 8550U 1.8GHz,8GB,256GB SSD,Intel UHD Graphics 620,Windows 10,1.2kg,1449.0,5,5,69
213,Lenovo,IdeaPad 320-15IKBN,Notebook,15.6,1366x768,Intel Core i5 7200U 2.5GHz,8GB,256GB SSD,Intel HD Graphics 620,Windows 10,2.2kg,597.0,1,8,82
215,Acer,Aspire 7,Notebook,15.6,Full HD 1920x1080,Intel Core i7 7700HQ 2.8GHz,8GB,1TB HDD,Nvidia GeForce GTX 1050,Linux,2.4kg,779.0,2,4,98
216,Asus,ROG GL703VD-GC028T,Gaming,17.3,Full HD 1920x1080,Intel Core i7 7700HQ 2.8GHz,16GB,256GB SSD +  1TB HDD,Nvidia GeForce GTX 1050,Windows 10,2.9kg,1407.0,0,4,64
217,HP,15-bs018nq (i3-6006U/4GB/500GB/FHD/No,Notebook,15.6,Full HD 1920x1080,Intel Core i3 6006U 2GHz,4GB,500GB HDD,Intel HD Graphics 520,No OS,2.1kg,349.0,4,4,60
218,Lenovo,IdeaPad 320-15IKBN,Notebook,15.6,Full HD 1920x1080,Intel Core i5 7200U 2.5GHz,8GB,256GB SSD,Intel HD Graphics 620,No OS,2.2kg,549.0,0,4,72
219,Huawei,MateBook X,Ultrabook,13.0,IPS Panel Full HD 2160x1440,Intel Core i7 7500U 2.7GHz,8GB,512GB SSD,Intel HD Graphics 620,Windows 10,1.05kg,1499.0,0,4,80
220,Dell,Inspiron 5370,Ultrabook,13.3,IPS Panel Full HD 1920x1080,Intel Core i7 8550U 1.8GHz,8GB,256GB SSD,AMD Radeon 530,Windows 10,1.4kg,931.88,2,8,85
221,Lenovo,IdeaPad 320-17IKB,Notebook,17.3,1600x900,Intel Core i5 7200U 2.5GHz,8GB,1TB HDD,Nvidia GeForce GTX 940MX,No OS,2.8kg,589.0,0,6,80
222,HP,Probook 440,Notebook,14.0,Full HD 1920x1080,Intel Core i7 8550U 1.8GHz,8GB,256GB SSD,Nvidia GeForce 930MX,Windows 10,1.63kg,1031.0,1,5,77
223,Dell,Latitude 5490,Ultrabook,14.0,Full HD 1920x1080,Intel Core i5 8250U 1.6GHz,8GB,256GB SSD,Intel UHD Graphics 620,Windows 10,1.6kg,1149.0,1,4,96
224,Dell,Inspiron 5379,2 in 1 Convertible,13.3,Full HD / Touchscreen 1920x1080,Intel Core i7 8550U 1.8GHz,16GB,512GB SSD,Intel UHD Graphics 620,Windows 10,1.62kg,1279.0,3,10,91
225,Dell,Inspiron 3576,Notebook,15.6,Full HD 1920x1080,Intel Core i5 8250U 1.6GHz,8GB,256GB SSD,AMD Radeon 520,Linux,2.2kg,677.35,5,6,95
226,Lenovo,Yoga 520-14IKB,2 in 1 Convertible,14.0,IPS Panel Full HD 1920x1080,Intel Core i5 8250U 1.6GHz,8GB,256GB SSD,Intel UHD Graphics 620,Windows 10,1.74kg,899.0,4,6,76
227,Toshiba,Portege Z30-C-16L,Ultrabook,13.3,Full HD 1920x1080,Intel Core i7 6500U 2.5GHz,8GB,256GB SSD,Intel HD Graphics 520,Windows 10,1.2kg,1363.0,0,5,94
228,HP,ProBook 450,Notebook,15.6,Full HD 1920x1080,Intel Core i5 8250U 1.6GHz,8GB,1TB HDD,Intel UHD Graphics 620,Windows 10,2.1kg,794.0,0,8,70
229,Dell,Alienware 17,Gaming,17.3,IPS Panel Full HD 1920x1080,Intel Core i7 7700HQ 2.8GHz,16GB,256GB SSD +  1TB HDD,Nvidia GeForce GTX 1060,Windows 10,4.42kg,2456.34,2,7,80
230,Acer,Aspire E5-576G,Notebook,15.6,Full HD 1920x1080,Intel Core i7 7500U 2.7GHz,8GB,256GB SSD,Nvidia GeForce 940MX,Windows 10,2.2kg,832.0,5,7,85
231,Dell,Inspiron 5567,Notebook,15.6,Full HD / Touchscreen 1920x1080,Intel Core i7 7500U 2.7GHz,16GB,1TB HDD,AMD Radeon R7 M445,Windows 10,2.3kg,859.01,1,6,63
232,Asus,Vivobook X541UV-DM1217T,Notebook,15.6,Full HD 1920x1080,Intel Core i5 7200U 2.5GHz,8GB,256GB SSD,Nvidia GeForce 920MX ,Windows 10,2kg,769.0,4,9,93
233,Asus,K756UX-T4340T (i5-7200U/8GB/500GB,Notebook,17.3,Full HD 1920x1080,Intel Core i5 7200U 2.5GHz,8GB,256GB SSD +  500GB HDD,Nvidia GeForce GTX 950M,Windows 10,2.69kg,891.0,3,9,77
234,HP,ZBook 15u,Notebook,15.6,Full HD 1920x1080,Intel Core i7 7500U 2.7GHz,8GB,1TB HDD,AMD FirePro W4190M ,Windows 10,1.9kg,1269.0,1,5,99
235,Asus,Pro P2540UA-XO0198T,Notebook,15.6,1366x768,Intel Core i3 7100U 2.4GHz,4GB,1TB HDD,Intel HD Graphics 620,Windows 10,2.37kg,398.99,5,7,94
236,HP,15-rb013nv (E2-9000e/4GB/500GB/W10),Notebook,15.6,1366x768,AMD E-Series 9000e 1.5GHz,4GB,500GB HDD,AMD Radeon R2,Windows 10,2.1kg,330.0,3,6,100
237,Lenovo,Legion Y720-15IKB,Gaming,15.6,IPS Panel Full HD 1920x1080,Intel Core i7 7700HQ 2.8GHz,16GB,256GB SSD +  1TB HDD,Nvidia GeForce GTX 1060,Windows 10,3.2kg,1499.0,2,8,88
238,Dell,Vostro 5468,Notebook,14.0,Full HD 1920x1080,Intel Core i5 7200U 2.5GHz,8GB,256GB SSD,Intel HD Graphics 620,Windows 10,1.6kg,859.0,2,7,88
239,Acer,Aspire R7,2 in 1 Convertible,13.3,IPS Panel Full HD / Touchscreen 1920x1080,Intel Core i5 6200U 2.3GHz,8GB,256GB SSD,Intel HD Graphics 520,Windows 10,1.6kg,689.0,0,6,97
240,Dell,Inspiron 5567,Notebook,15.6,Full HD 1920x1080,Intel Core i7 7500U 2.7GHz,16GB,256GB SSD,AMD Radeon R7 M445,Linux,2.36kg,899.0,5,6,80
241,Acer,Aspire A315-51,Notebook,15.6,1366x768,Intel Core i3 6006U 2GHz,4GB,1TB HDD,Intel HD Graphics 520,Linux,2.1kg,390.0,4,4,72
242,Asus,X555QG-DM242T (A10-9620P/4GB/1TB,Notebook,15.6,Full HD 1920x1080,AMD A10-Series A10-9620P 2.5GHz,4GB,128GB SSD +  1TB HDD,AMD Radeon R5 M430,Windows 10,2.2kg,575.0,3,8,100
243,Asus,ROG G703VI-E5062T,Gaming,17.3,Full HD 1920x1080,Intel Core i7 7820HK 2.9GHz,32GB,512GB SSD +  1TB HDD,Nvidia GeForce GTX 1080,Windows 10,4.7kg,3890.0,1,4,76
244,Acer,Nitro AN515-51,Gaming,15.6,IPS Panel Full HD 1920x1080,Intel Core i5 7300HQ 2.5GHz,8GB,256GB SSD,Nvidia GeForce GTX 1050,Windows 10,2.5kg,846.0,5,5,68
245,Lenovo,IdeaPad 320-15ISK,Notebook,15.6,1366x768,Intel Core i3 6006U 2GHz,8GB,128GB SSD,Intel HD Graphics 520,Windows 10,2.2kg,589.0,5,4,100
246,Asus,VivoBook Pro,Notebook,17.3,Full HD 1920x1080,Intel Core i7 8550U 1.8GHz,8GB,128GB SSD +  1TB HDD,Nvidia GeForce 150MX,Windows 10,2.1kg,1145.0,2,10,60
247,Asus,F756UX-T4201D (i7-7500U/8GB/128GB,Notebook,17.3,Full HD 1920x1080,Intel Core i7 7500U 2.7GHz,8GB,128GB SSD +  1TB HDD,Nvidia GeForce GTX 950M,No OS,2.69kg,889.0,0,4,61
248,Dell,Inspiron 5577,Gaming,15.6,Full HD 1920x1080,Intel Core i5 7300HQ 2.5GHz,8GB,256GB SSD,Nvidia GeForce GTX 1050,Windows 10,2.56kg,879.0,0,10,88
249,Lenovo,Yoga 910-13IKB,2 in 1 Convertible,13.9,IPS Panel Full HD / Touchscreen 1920x1080,Intel Core i7 7500U 2.7GHz,8GB,256GB SSD,Intel HD Graphics 620,Windows 10,1.38kg,1079.0,3,7,92
250,Dell,Inspiron 5570,Notebook,15.6,Full HD 1920x1080,Intel Core i7 8550U 1.8GHz,8GB,128GB SSD +  2TB HDD,AMD Radeon 530,Windows 10,2.2kg,985.0,2,9,69
251,HP,15-bs015dx (i5-7200U/8GB/1TB/W10),Notebook,15.6,Touchscreen 1366x768,Intel Core i5 7200U 2.5GHz,8GB,1TB HDD,Intel HD Graphics 620,Windows 10,2.04kg,559.0,5,6,99
252,Asus,Rog G701VIK-BA060T,Gaming,17.3,Full HD 1920x1080,Intel Core i7 7820HK 2.9GHz,16GB,256GB SSD,Nvidia GeForce GTX 1080,Windows 10,3.6kg,2999.0,4,10,80
253,HP,ProBook 430,Notebook,13.3,IPS Panel Full HD 1920x1080,Intel Core i5 8250U 1.6GHz,4GB,500GB HDD,Intel UHD Graphics 620,Windows 10,1.49kg,675.0,2,8,87
254,Apple,MacBook Pro,Ultrabook,13.3,IPS Panel Retina Display 2560x1600,Intel Core i5 3.1GHz,8GB,512GB SSD,Intel Iris Plus Graphics 650,macOS,1.37kg,2040.0,3,4,70
255,Dell,Inspiron 5579,2 in 1 Convertible,15.6,IPS Panel Full HD / Touchscreen 1920x1080,Intel Core i7 8550U 1.8GHz,8GB,1TB HDD,Intel UHD Graphics 620,Windows 10,2.08kg,819.0,3,10,93
256,Asus,ROG G752VSK-GC493T,Gaming,17.3,Full HD 1920x1080,Intel Core i7 7700HQ 2.8GHz,16GB,256GB SSD +  1TB HDD,Nvidia GeForce GTX 980M,Windows 10,4.3kg,1799.0,2,8,67
257,Asus,X505BP-BR019T (A9-9420/4GB/1TB/Radeon,Notebook,15.6,1366x768,AMD A9-Series 9420 3GHz,4GB,1TB HDD,AMD Radeon R5 M420,Windows 10,1.68kg,469.0,3,9,81
258,Lenovo,Yoga 920-13IKB,2 in 1 Convertible,13.9,IPS Panel Full HD / Touchscreen 1920x1080,Intel Core i7 8550U 1.8GHz,8GB,512GB SSD,Intel UHD Graphics 620,Windows 10,1.37kg,1849.0,2,9,67
259,Acer,Aspire 5,Notebook,17.3,IPS Panel Full HD 1920x1080,Intel Core i3 7130U 2.7GHz,4GB,256GB SSD,Nvidia GeForce MX130,Windows 10,3kg,702.0,1,4,74
260,Dell,Vostro 5370,Ultrabook,13.3,Full HD 1920x1080,Intel Core i5 8250U 1.6GHz,8GB,256GB SSD,Intel UHD Graphics 620,Windows 10,1.41kg,949.0,2,5,76
261,HP,15-BW094nd (A6-9220/8GB/128GB/W10),Notebook,15.6,1366x768,AMD A6-Series A6-9220 2.5GHz,8GB,128GB SSD,AMD Radeon R4 Graphics,Windows 10,1.91kg,445.9,2,4,82
262,HP,Envy 17-U275cl,Notebook,17.3,IPS Panel Full HD 1920x1080,Intel Core i7 8550U 1.8GHz,16GB,1TB HDD,Nvidia GeForce MX150,Windows 10,2.9kg,1059.0,3,7,83
263,MSI,GT73EVR 7RE,Gaming,17.3,Full HD 1920x1080,Intel Core i7 7700HQ 2.8GHz,16GB,512GB SSD +  1TB HDD,Nvidia GeForce GTX 1070,Windows 10,4.14kg,2499.0,3,10,78
264,Lenovo,Yoga 720-15IKB,2 in 1 Convertible,15.6,IPS Panel Full HD / Touchscreen 1920x1080,Intel Core i7 7700HQ 2.8GHz,8GB,512GB SSD,Nvidia GeForce GTX 1050M,Windows 10,2kg,1699.0,0,6,64
265,Dell,Inspiron 5770,Notebook,17.3,Full HD 1920x1080,Intel Core i7 8550U 1.8GHz,8GB,128GB SSD +  1TB HDD,AMD Radeon 530,Windows 10,2.8kg,1142.0,0,5,91
266,Lenovo,IdeaPad 320-15ISK,Notebook,15.6,Full HD 1920x1080,Intel Core i3 6006U 2GHz,4GB,256GB SSD,Intel HD Graphics 520,No OS,2.2kg,444.0,1,4,60
267,HP,ProBook 450,Notebook,15.6,IPS Panel Full HD 1920x1080,Intel Core i5 8250U 1.6GHz,4GB,500GB HDD,Intel HD Graphics 620,Windows 10,2.1kg,722.0,0,8,82
268,Dell,Vostro 3568,Notebook,15.6,Full HD 1920x1080,Intel Core i5 7200U 2.5GHz,4GB,1TB HDD,Intel HD Graphics 620,Windows 10,2.18kg,657.0,2,5,96
269,Dell,Inspiron 3567,Notebook,15.6,Full HD 1920x1080,Intel Core i5 7200U 2.5GHz,8GB,1TB HDD,AMD Radeon R5 M430,Windows 10,2.24kg,565.0,3,10,67
270,Dell,Inspiron 5579,2 in 1 Convertible,15.6,Full HD / Touchscreen 1920x1080,Intel Core i5 8250U 1.6GHz,8GB,256GB SSD,Intel UHD Graphics 620,Windows 10,2.67kg,799.0,0,5,72
271,Asus,ZenBook Flip,2 in 1 Convertible,13.3,Full HD / Touchscreen 1920x1080,Intel Core i7 8550U 1.8GHz,8GB,512GB SSD +  512GB SSD,Intel UHD Graphics 620,Windows 10,1.1kg,1499.0,0,10,67
272,Lenovo,IdeaPad 320-15IKBN,Notebook,15.6,Full HD 1920x1080,Intel Core i5 7200U 2.5GHz,4GB,1TB HDD,Intel HD Graphics 620,No OS,2.2kg,467.0,1,4,82
273,HP,Probook 470,Notebook,17.3,Full HD 1920x1080,Intel Core i7 8550U 1.8GHz,8GB,1TB HDD,Nvidia GeForce 930MX ,Windows 10,2.5kg,1018.0,5,10,60
274,Lenovo,V330-15IKB (i7-8550U/8GB/256GB/FHD/W10),Notebook,15.6,Full HD 1920x1080,Intel Core i7 8550U 1.8GHz,8GB,256GB SSD,Intel UHD Graphics 620,Windows 10,2.05kg,880.0,1,5,83
275,Apple,MacBook Pro,Ultrabook,13.3,IPS Panel Retina Display 2560x1600,Intel Core i5 2.9GHz,8GB,512GB SSD,Intel Iris Graphics 550,macOS,1.37kg,1958.9,2,8,94
276,Asus,Rog Strix,Gaming,17.3,Full HD 1920x1080,AMD Ryzen 1700 3GHz,16GB,256GB SSD +  1TB HDD,AMD Radeon RX 580,Windows 10,3.2kg,1549.0,3,9,83
277,Dell,Inspiron 3576,Notebook,15.6,Full HD 1920x1080,Intel Core i7 8550U 1.8GHz,8GB,256GB SSD,AMD Radeon 520,Linux,2.14kg,735.07,1,5,76
278,Lenovo,ThinkPad X1,2 in 1 Convertible,14.0,Touchscreen 2560x1440,Intel Core i7 6600U 2.6GHz,16GB,512GB SSD,Intel HD Graphics 520,Windows 10,1.36kg,2499.0,0,10,64
279,Toshiba,Satellite Pro,Notebook,15.6,1366x768,Intel Core i7 6500U 2.5GHz,8GB,500GB HDD,Nvidia GeForce 930M,Windows 10,2.2kg,812.0,3,9,79
280,Dell,Inspiron 5567,Notebook,15.6,1366x768,Intel Core i7 7500U 2.7GHz,12GB,1TB HDD,Intel HD Graphics 620,Windows 10,2.3kg,713.07,3,10,80
281,Dell,Inspiron 5770,Notebook,17.3,Full HD 1920x1080,Intel Core i7 8550U 1.8GHz,8GB,128GB SSD +  1TB HDD,AMD Radeon 530,Linux,2.8kg,1099.0,0,8,99
282,Acer,Aspire A515-51G,Notebook,15.6,IPS Panel Full HD 1920x1080,Intel Core i7 8550U 1.8GHz,8GB,1TB HDD,Nvidia GeForce MX130,Windows 10,2.2kg,745.0,1,10,90
283,Lenovo,IdeaPad 320-17ISK,Notebook,17.3,1600x900,Intel Core i3 6006U 2GHz,4GB,1TB HDD,Intel HD Graphics 520,Windows 10,2.8kg,489.0,0,4,95
284,Lenovo,IdeaPad 320-17IKBR,Notebook,17.3,Full HD 1920x1080,Intel Core i7 8550U 1.8GHz,8GB,2TB HDD,Nvidia GeForce MX150,No OS,2.8kg,849.0,5,6,70
285,Lenovo,IdeaPad 320-17IKB,Notebook,17.3,1600x900,Intel Core i7 7500U 2.7GHz,6GB,128GB SSD +  1TB HDD,Nvidia GeForce 940MX,Windows 10,2.8kg,859.0,3,5,74
286,Dell,Inspiron 3567,Notebook,15.6,Full HD 1920x1080,Intel Core i3 6006U 2.0GHz,4GB,1TB HDD,AMD Radeon R5 M430,Linux,2.25kg,428.0,4,6,78
287,Lenovo,Legion Y520-15IKBN,Gaming,15.6,IPS Panel Full HD 1920x1080,Intel Core i5 7300HQ 2.5GHz,8GB,256GB SSD,Nvidia GeForce GTX 1050,Windows 10,2.5kg,829.0,4,10,66
288,Lenovo,Ideapad 320-15IKBN,Notebook,15.6,Full HD 1920x1080,Intel Core i5 7200U 2.5GHz,6GB,256GB SSD,Intel HD Graphics 620,Windows 10,2.2kg,579.0,2,8,87
289,Acer,Aspire A517-51G,Notebook,15.6,IPS Panel Full HD 1920x1080,Intel Core i7 8550U 1.8GHz,8GB,256GB SSD,Nvidia GeForce MX150,Windows 10,3kg,951.0,0,5,64
290,Acer,SP315-51 (i7-7500U/12GB/1TB/FHD/W10),Notebook,15.6,IPS Panel Full HD / Touchscreen 1920x1080,Intel Core i7 7500U 2.7GHz,12GB,1TB HDD,Intel HD Graphics 620,Windows 10,2.15kg,659.0,0,10,64
291,Lenovo,Thinkpad T570,Notebook,15.6,IPS Panel Full HD 1920x1080,Intel Core i7 7500U 2.7GHz,8GB,256GB SSD,Intel HD Graphics 630,Windows 10,1.95kg,1097.0,2,9,89
292,Asus,VivoBook S15,Ultrabook,15.6,Full HD 1920x1080,Intel Core i5 7200U 2.5GHz,8GB,256GB SSD,Nvidia GeForce 940MX,Windows 10,1.7kg,977.0,2,7,91
293,Lenovo,Legion Y520-15IKBN,Gaming,15.6,IPS Panel Full HD 1920x1080,Intel Core i7 7700HQ 2.8GHz,16GB,256GB SSD +  1TB HDD,Nvidia GeForce GTX 1050 Ti,Windows 10,2.5kg,1179.0,2,10,67
294,Lenovo,IdeaPad 320-15IKB,Notebook,15.6,Full HD 1920x1080,Intel Core i7 7500U 2.7GHz,8GB,1TB HDD,Nvidia GeForce 940MX,No OS,2.2kg,659.01,3,6,69
295,Acer,Chromebook C910-C2ST,Notebook,15.6,1366x768,Intel Celeron Dual Core 3205U 1.5GHz,2GB,16GB SSD,Intel HD Graphics,Chrome OS,2.19kg,199.0,5,5,97
296,Asus,FX753VD-GC071T (i7-7700HQ/8GB/1TB/GeForce,Gaming,17.3,Full HD 1920x1080,Intel Core i7 7700HQ 2.8GHz,8GB,1TB HDD,Nvidia GeForce GTX 1050,Windows 10,3kg,1187.0,0,6,91
297,HP,17-BS037cl (i3-6006U/8GB/1TB/W10),Notebook,17.3,1600x900,Intel Core i3 6006U 2GHz,8GB,1TB HDD,Intel HD Graphics 520,Windows 10,2.54kg,489.0,3,5,87
298,Dell,XPS 15,Notebook,15.6,Full HD 1920x1080,Intel Core i7 7700HQ 2.8GHz,8GB,256GB SSD,Nvidia GeForce GTX 1050,Windows 10,2kg,1829.0,2,10,76
299,Lenovo,V330-15IKB (i5-8250U/8GB/256GB/FHD/W10),Notebook,15.6,Full HD 1920x1080,Intel Core i5 8250U 1.6GHz,8GB,256GB SSD,Intel UHD Graphics 620,Windows 10,2.05kg,739.0,0,4,90
300,Lenovo,Legion Y720-15IKB,Gaming,15.6,IPS Panel Full HD 1920x1080,Intel Core i7 7700HQ 2.8GHz,8GB,1TB HDD,Nvidia GeForce GTX 1060,Windows 10,3.2kg,1299.0,3,9,67
301,Acer,Aspire A715-71G,Notebook,15.6,Full HD 1920x1080,Intel Core i7 7700HQ 2.8GHz,8GB,256GB SSD,Nvidia GeForce GTX 1050 Ti,Linux,2.5kg,979.0,5,10,99
302,Dell,Precision 7720,Workstation,17.3,Full HD 1920x1080,Intel Core i7 7820HQ 2.9GHz,16GB,256GB SSD,Nvidia Quadro M1200,Windows 10,3.42kg,2884.86,3,6,84
303,Lenovo,IdeaPad 310-15ABR,Notebook,15.6,Full HD 1920x1080,AMD A10-Series 9600P 2.4GHz,6GB,1TB HDD,AMD Radeon R5 430,Windows 10,2.4kg,499.0,5,7,68
304,Asus,ZenBook UX530UQ-PRO,Ultrabook,15.6,Full HD 1920x1080,Intel Core i7 7500U 2.7GHz,16GB,512GB SSD,Nvidia GeForce 940MX,Windows 10,1.63kg,1468.0,2,7,61
305,Asus,VivoBook S14,Notebook,14.0,1366x768,Intel Core i3 7100U 2.4GHz,4GB,128GB SSD,Intel HD Graphics 620,Windows 10,1.3kg,509.0,5,8,74
306,Asus,Rog GL702VS-GC095T,Gaming,17.3,Full HD 1920x1080,Intel Core i7 7700HQ 2.8GHz,16GB,256GB SSD +  1TB HDD,Nvidia GeForce GTX 1070,Windows 10,2.9kg,2122.0,0,5,62
307,Lenovo,IdeaPad 320-17IKB,Notebook,17.3,1600x900,Intel Core i5 7200U 2.5GHz,6GB,1TB HDD,Nvidia GeForce GTX 940M,Windows 10,2.8kg,649.0,2,6,95
308,Lenovo,IdeaPad 320-15IKBN,Notebook,15.6,1366x768,Intel Core i5 7200U 2.5GHz,8GB,2TB HDD,Nvidia GeForce 940MX,No OS,2.2kg,549.0,0,8,63
309,Asus,GL553VE-FY082T (i7-7700HQ/8GB/1TB,Gaming,15.6,Full HD 1920x1080,Intel Core i7 7700HQ 2.8GHz,8GB,128GB SSD +  1TB HDD,Nvidia GeForce GTX 1050 Ti,Windows 10,2.5kg,1265.0,4,6,73
310,Lenovo,IdeaPad 320-15IAP,Notebook,15.6,1366x768,Intel Pentium Quad Core N4200 1.1GHz,4GB,1TB HDD,Intel HD Graphics 505,No OS,2.2kg,359.99,1,5,100
311,HP,EliteBook x360,2 in 1 Convertible,13.3,Full HD / Touchscreen 1920x1080,Intel Core i7 7600U 2.8GHz,16GB,256GB SSD,Intel HD Graphics 620,Windows 10,1.28kg,1975.0,5,10,100
312,Toshiba,Satellite Pro,Notebook,15.6,IPS Panel Full HD 1920x1080,Intel Core i7 6500U 2.5GHz,8GB,256GB SSD,Nvidia GeForce 930M,Windows 10,2.2kg,1043.0,1,10,84
313,Lenovo,IdeaPad 320-15IKB,Notebook,15.6,Full HD 1920x1080,Intel Core i5 7200U 2.5GHz,8GB,128GB SSD +  1TB HDD,Nvidia GeForce 940MX,Windows 10,2.3kg,819.0,1,7,69
314,HP,250 G6,Notebook,15.6,Full HD 1920x1080,Intel Core i3 6006U 2GHz,4GB,1TB HDD,Intel HD Graphics 520,Windows 10,1.86kg,469.0,5,10,80
315,Lenovo,IdeaPad 720S-13IKB,Notebook,13.3,IPS Panel Full HD 1920x1080,Intel Core i5 7200U 2.5GHz,8GB,256GB SSD,Intel HD Graphics 620,Windows 10,1.1kg,999.0,2,10,95
316,Dell,XPS 13,Ultrabook,13.3,IPS Panel 4K Ultra HD / Touchscreen 3840x2160,Intel Core i7 8550U 1.8GHz,16GB,1TB SSD,Intel UHD Graphics 620,Windows 10,1.21kg,2499.0,4,4,71
317,MSI,GE63VR 7RF,Gaming,15.6,IPS Panel Full HD 1920x1080,Intel Core i7 7700HQ 2.8GHz,16GB,256GB SSD +  1TB HDD,Nvidia GeForce GTX 1070,Windows 10,2.8kg,2099.0,0,7,86
318,Acer,ES1-523-84K7 (A8-7410/8GB/256GB/FHD/W10),Notebook,15.6,Full HD 1920x1080,AMD A8-Series 7410 2.2GHz,8GB,256GB SSD,AMD Radeon R5,Windows 10,2.23kg,469.0,3,8,99
319,Asus,VivoBook Flip,2 in 1 Convertible,11.6,Touchscreen 1366x768,Intel Celeron Dual Core N3350 1.1GHz,2GB,32GB Flash Storage,Intel HD Graphics 500,Windows 10,1.1kg,275.0,0,9,61
320,Dell,Inspiron 5570,Notebook,15.6,Full HD 1920x1080,Intel Core i5 8250U 1.6GHz,8GB,128GB SSD +  1TB HDD,AMD Radeon 530,Windows 10,2.33kg,844.0,3,4,72
321,HP,Spectre x360,2 in 1 Convertible,13.3,IPS Panel 4K Ultra HD / Touchscreen 3840x2160,Intel Core i7 8550U 1.8GHz,16GB,1TB SSD,Intel UHD Graphics 620,Windows 10,1.29kg,2449.0,0,8,91
322,Lenovo,ThinkPad 13,Notebook,13.3,1366x768,Intel Celeron Dual Core 3855U 1.6GHz,4GB,16GB Flash Storage,Intel HD Graphics 510,Chrome OS,1.45kg,459.9,5,5,90
323,HP,ProBook 640,Notebook,14.0,Full HD 1920x1080,Intel Core i5 7200U 2.5GHz,8GB,256GB SSD,Intel HD Graphics 620,Windows 10,1.95kg,980.0,4,4,75
324,Acer,TravelMate B,Notebook,11.6,1366x768,Intel Pentium Quad Core N3710 1.6GHz,4GB,128GB Flash Storage,Intel HD Graphics 405,Windows 10,1.4kg,485.0,3,8,91
325,HP,Elitebook 840,Notebook,14.0,Full HD 1920x1080,Intel Core i7 7500U 2.7GHz,8GB,256GB SSD,Intel HD Graphics 620,Windows 10,1.48kg,1292.0,2,5,91
326,Lenovo,IdeaPad 320-17IKB,Notebook,17.3,1600x900,Intel Core i5 7200U 2.5GHz,4GB,1TB HDD,Nvidia GeForce 920MX,Windows 10,2.79kg,589.0,0,7,93
327,Asus,ZenBook UX410UA-GV183T,Notebook,14.0,Full HD 1920x1080,Intel Core i7 7500U 2.7GHz,8GB,256GB SSD,Intel HD Graphics 620,Windows 10,2kg,1094.0,0,9,70
329,HP,ProBook 450,Notebook,15.6,IPS Panel Full HD 1366x768,Intel Core i7 8550U 1.8GHz,8GB,1TB HDD,Intel UHD Graphics 620,Windows 10,2.1kg,902.0,3,5,69
330,Acer,Aspire 5,Notebook,15.6,1366x768,AMD A12-Series 9720P 2.7GHz,8GB,256GB SSD,AMD Radeon RX 540,Windows 10,2.2kg,659.0,2,10,74
331,Lenovo,IdeaPad 120S-14IAP,Notebook,14.0,1366x768,Intel Celeron Dual Core N3350 1.1GHz,4GB,32GB Flash Storage,Intel HD Graphics 500,Windows 10,1.44kg,292.0,2,6,76
332,Acer,Aspire E5-575,Notebook,15.6,1366x768,Intel Core i5 7200U 2.5GHz,6GB,1TB HDD,Intel HD Graphics 620,Windows 10,2.23kg,549.0,5,5,99
333,Asus,VivoBook S15,Ultrabook,15.6,Full HD 1920x1080,Intel Core i7 7500U 2.7GHz,8GB,256GB SSD,Nvidia GeForce 940MX,Windows 10,1.7kg,1049.9,5,5,77
334,HP,Elitebook 820,Ultrabook,12.5,Full HD 1920x1080,Intel Core i7 7500U 2.7GHz,8GB,256GB SSD,Intel HD Graphics 620,Windows 10,1.26kg,1335.0,5,9,68
335,Dell,XPS 15,Notebook,15.6,4K Ultra HD / Touchscreen 3840x2160,Intel Core i7 7700HQ 2.8GHz,32GB,1TB SSD,Nvidia GeForce GTX 1050,Windows 10,2.06kg,2639.0,5,6,84
336,MSI,GL72M 7REX,Gaming,17.3,Full HD 1920x1080,Intel Core i7 7700HQ 2.8GHz,8GB,256GB SSD +  1TB HDD,Nvidia GeForce GTX 1050 Ti,Windows 10,2.7kg,1199.0,5,10,99
337,Toshiba,Satellite Pro,Notebook,15.6,IPS Panel Full HD 1920x1080,Intel Core i5 7200U 2.5GHz,8GB,256GB SSD,Intel HD Graphics 620,Windows 10,2.0kg,943.0,5,8,73
338,Asus,UX510UX-CN269T (i7-7500U/8GB/256GB,Notebook,14.0,Full HD 1920x1080,Intel Core i7 7500U 2.7GHz,8GB,256GB SSD +  1TB HDD,Intel HD Graphics 620,Windows 10,2kg,1334.0,4,8,84
339,Lenovo,V310-15ISK (i3-6006U/4GB/1TB/FHD/W10),Notebook,15.6,Full HD 1920x1080,Intel Core i3 6006U 2GHz,4GB,1TB HDD,Intel HD Graphics 520,Windows 10,1.85kg,449.0,2,5,81
340,Asus,FX553VD-FY647T (i7-7700HQ/8GB/256GB/GeForce,Gaming,15.6,Full HD 1920x1080,Intel Core i7 7700HQ 2.8GHz,8GB,256GB SSD,Nvidia GeForce GTX 1050,Windows 10,2.5kg,999.0,5,6,89
341,HP,EliteBook 840,Notebook,14.0,Full HD 1920x1080,Intel Core i5 7300U 2.6GHz,8GB,256GB SSD,Intel HD Graphics 620,Windows 10,1.48kg,1268.0,2,6,79
342,Dell,Inspiron 7570,Ultrabook,15.6,IPS Panel Full HD 1920x1080,Intel Core i5 8250U 1.6GHz,8GB,128GB SSD +  1TB HDD,Nvidia GeForce 940MX,Windows 10,1.9kg,1049.0,2,10,80
343,HP,Elitebook 850,Notebook,15.6,Full HD 1920x1080,Intel Core i5 7200U 2.5GHz,8GB,256GB SSD,Intel HD Graphics 620,Windows 10,1.84kg,1144.0,1,9,91
344,Asus,X541NA (N3350/4GB/1TB/Linux),Notebook,15.6,1366x768,Intel Celeron Dual Core N3350 1.1GHz,4GB,1TB HDD,Intel HD Graphics 500,Linux,2kg,274.99,4,7,80
345,Dell,Inspiron 7570,Notebook,15.6,Full HD 1920x1080,Intel Core i5 8250U 1.6GHz,8GB,256GB SSD,Nvidia GeForce 940MX,Windows 10,2kg,1142.75,5,8,94
346,Dell,Inspiron 3552,Notebook,15.6,1366x768,Intel Celeron Dual Core N3060 1.6GHz,4GB,500GB HDD,Intel HD Graphics,Linux,2.2kg,274.9,0,9,91
347,Lenovo,IdeaPad 320-15ABR,Notebook,15.6,Full HD 1920x1080,AMD A12-Series 9720P 3.6GHz,12GB,2TB HDD,AMD Radeon 530,Windows 10,2.2kg,899.0,3,4,89
348,HP,ProBook 450,Notebook,15.6,IPS Panel Full HD 1920x1080,Intel Core i3 7100U 2.4GHz,8GB,1TB HDD,Nvidia GeForce 930MX ,Windows 10,2.1kg,716.0,0,8,98
349,Lenovo,Yoga 920-13IKB,2 in 1 Convertible,13.9,IPS Panel 4K Ultra HD / Touchscreen 3840x2160,Intel Core i7 8550U 1.8GHz,16GB,512GB SSD,Intel UHD Graphics 620,Windows 10,1.4kg,2099.0,4,9,71
350,Dell,XPS 13,Ultrabook,13.3,Full HD 1920x1080,Intel Core i7 8550U 1.8GHz,8GB,256GB SSD,Intel UHD Graphics 620,Windows 10,1.2kg,1579.0,3,8,100
351,Lenovo,Legion Y520-15IKBN,Gaming,15.6,IPS Panel Full HD 1920x1080,Intel Core i7 7700HQ 2.8GHz,16GB,256GB SSD +  2TB HDD,Nvidia GeForce GTX 1050 Ti,Windows 10,2.4kg,1129.0,4,7,77
352,HP,Stream 14-AX001nv,Notebook,14.0,1366x768,Intel Celeron Dual Core N3060 1.6GHz,2GB,32GB Flash Storage,Intel HD Graphics 400,Windows 10,1.44kg,279.0,2,4,80
353,Dell,Latitude 5590,Ultrabook,15.6,Full HD 1920x1080,Intel Core i7 8650U 1.9GHz,16GB,512GB SSD +  256GB SSD,Intel UHD Graphics 620,Windows 10,1.88kg,1607.96,3,7,72
354,Asus,VivoBook Flip,2 in 1 Convertible,11.6,Touchscreen 1366x768,Intel Celeron Dual Core N3350 1.1GHz,4GB,32GB Flash Storage,Intel HD Graphics 500,Windows 10,1.5kg,375.0,2,10,80
355,Dell,Inspiron 5570,Ultrabook,15.6,Full HD 1920x1080,Intel Core i5 8250U 1.6GHz,8GB,1TB HDD,AMD Radeon 530,Windows 10,1.9kg,663.0,0,4,67
356,Dell,XPS 15,Notebook,15.6,4K Ultra HD / Touchscreen 3840x2160,Intel Core i7 7700HQ 2.8GHz,16GB,512GB SSD,Nvidia GeForce GTX 1050,Windows 10,2.06kg,2027.42,0,5,99
357,HP,Elitebook 850,Notebook,15.6,Full HD 1920x1080,Intel Core i7 7500U 2.7GHz,8GB,256GB SSD,Intel HD Graphics 620,Windows 10,1.84kg,1304.0,3,9,66
358,MSI,GP72MVR 7RFX,Gaming,17.3,Full HD 1920x1080,Intel Core i7 7700HQ 2.8GHz,8GB,128GB SSD +  1TB HDD,Nvidia GeForce GTX 1060,Windows 10,2.7kg,1409.0,3,4,82
359,HP,Zbook 15,Workstation,15.6,Full HD 1920x1080,Intel Core i7 7700HQ 2.8GHz,8GB,256GB SSD,Nvidia Quadro M1200,Windows 10,2.6kg,1738.27,5,10,91
360,Toshiba,Tecra A50-C-21G,Notebook,15.6,IPS Panel Full HD 1920x1080,Intel Core i7 6500U 2.5GHz,16GB,512GB SSD,Nvidia GeForce 930M,Windows 10,2.4kg,1403.0,4,10,70
361,Dell,Inspiron 5570,Notebook,15.6,Full HD 1920x1080,Intel Core i7 8550U 1.8GHz,8GB,128GB SSD +  2TB HDD,AMD Radeon 530,Windows 10,2.02kg,970.9,5,7,81
362,Lenovo,IdeaPad 320-15IAP,Notebook,15.6,1366x768,Intel Celeron Dual Core N3350 1.1GHz,4GB,1TB HDD,Intel HD Graphics 500,No OS,2.2kg,321.99,4,8,81
363,Dell,Inspiron 7577,Gaming,15.6,Full HD 1920x1080,Intel Core i5 7300HQ 2.5GHz,8GB,1TB HDD,Nvidia GeForce GTX 1050,Windows 10,2.65kg,999.0,5,4,84
364,Dell,Inspiron 3567,Notebook,15.6,Touchscreen 1366x768,Intel Core i5 7200U 2.5GHz,8GB,2TB HDD,Intel HD Graphics 620,Windows 10,2.36kg,557.37,2,9,81
365,Dell,Latitude 7480,Notebook,14.0,Full HD 1920x1080,Intel Core i5 7300U 2.6GHz,8GB,256GB SSD,Intel HD Graphics 620,Windows 10,1.36kg,1427.0,3,4,87
366,HP,250 G6,Notebook,15.6,1366x768,Intel Core i3 6006U 2GHz,4GB,500GB HDD,Intel HD Graphics 520,Windows 10,1.86kg,439.0,0,6,88
367,Asus,Zenbook UX410UA-GV027T,Notebook,14.0,Full HD 1920x1080,Intel Core i5 7200U 2.5GHz,8GB,256GB SSD,Intel HD Graphics 620,Windows 10,2kg,945.0,4,8,72
368,Lenovo,IdeaPad 320-17IKB,Notebook,17.3,1600x900,Intel Core i5 7200U 2.5GHz,6GB,128GB SSD +  1TB HDD,Nvidia GeForce GTX 940MX,Windows 10,2.8kg,719.0,4,9,77
369,HP,250 G6,Notebook,15.6,Full HD 1920x1080,Intel Core i5 7200U 2.5GHz,8GB,1TB HDD,Intel HD Graphics 620,Windows 10,1.86kg,639.0,0,9,61
370,Lenovo,IdeaPad 320-15ISK,Notebook,15.6,1366x768,Intel Core i3 6006U 2GHz,8GB,256GB SSD,Nvidia GeForce 920MX ,No OS,2.2kg,499.0,5,5,88
371,HP,15-AY023na (N3710/8GB/2TB/W10),Notebook,15.6,1366x768,Intel Pentium Quad Core N3710 1.6GHz,8GB,2TB HDD,Intel HD Graphics 405,Windows 10,2.04kg,389.0,4,7,80
372,Dell,Inspiron 5770,Notebook,17.3,Full HD 1920x1080,Intel Core i5 8250U 1.6GHz,8GB,128GB SSD +  1TB HDD,AMD Radeon 530,Windows 10,2.8kg,1085.0,2,5,74
373,Lenovo,Legion Y520-15IKBN,Gaming,15.6,IPS Panel Full HD 1920x1080,Intel Core i5 7300HQ 2.5GHz,8GB,128GB SSD +  1TB HDD,Nvidia GeForce GTX 1050,No OS,2.4kg,809.0,3,9,86
374,Dell,Inspiron 5567,Notebook,15.6,Full HD 1920x1080,Intel Core i7 7500U 2.7GHz,8GB,256GB SSD,AMD Radeon R7 M445,Windows 10,2.33kg,899.0,0,8,90
375,HP,Elitebook 1040,Ultrabook,14.0,IPS Panel Full HD 1920x1080,Intel Core i7 7500U 2.7GHz,8GB,256GB SSD,Intel HD Graphics 620,Windows 10,1.36kg,1750.0,3,4,74
376,Asus,ZenBook Flip,2 in 1 Convertible,15.6,Full HD / Touchscreen 1920x1080,Intel Core i7 7500U 2.7GHz,12GB,512GB SSD +  2TB HDD,Nvidia GeForce GT 940MX,Windows 10,2.26kg,1099.0,4,4,82
377,Acer,Aspire 3,Notebook,15.6,1366x768,AMD A9-Series 9420 3GHz,4GB,128GB SSD,AMD Radeon R5,Windows 10,2.1kg,426.0,4,8,83
378,Asus,Rog Strix,Gaming,17.3,IPS Panel Full HD 1920x1080,AMD Ryzen 1700 3GHz,16GB,256GB SSD +  1TB HDD,AMD Radeon RX 580,Windows 10,3.25kg,2199.0,0,9,72
379,Lenovo,IdeaPad 110-17ACL,Notebook,17.3,1600x900,AMD A8-Series 7410 2.2GHz,4GB,128GB SSD,AMD Radeon R5,Windows 10,2.6kg,489.0,2,10,81
380,Dell,Inspiron 5379,2 in 1 Convertible,13.3,Full HD / Touchscreen 1920x1080,Intel Core i7 8550U 1.8GHz,8GB,256GB SSD,Intel UHD Graphics 620,Windows 10,1.62kg,869.01,1,4,96
381,HP,15-bw003nv (A9-Series-9420/4GB/256GB/FHD/W10),Notebook,15.6,Full HD 1920x1080,AMD A9-Series 9420 3GHz,4GB,256GB SSD,AMD Radeon R5,Windows 10,1.91kg,488.99,0,10,92
382,Lenovo,Yoga 11e,Netbook,11.6,IPS Panel 1366x768,Intel Celeron Quad Core N3450 1.1GHz,4GB,128GB SSD,Intel HD Graphics 500,Windows 10,1.59kg,553.0,1,4,62
383,Dell,Inspiron 3552,Notebook,15.6,1366x768,Intel Celeron Dual Core N3060 1.60GHz,4GB,500GB HDD,Intel HD Graphics 400,Windows 10,1.8kg,309.0,5,4,78
384,Asus,VivoBook E403NA,Notebook,14.0,1366x768,Intel Celeron Dual Core N3350 1.1GHz,4GB,32GB Flash Storage,Intel HD Graphics 500,Windows 10,1.5kg,286.0,1,7,82
385,Acer,Aspire 7,Notebook,15.6,Full HD 1920x1080,Intel Core i7 7700HQ 2.8GHz,8GB,1TB HDD,Nvidia GeForce GTX 1050,Linux,2.4kg,846.0,2,7,88
386,HP,Omen 17-w212nv,Gaming,17.3,IPS Panel Full HD 1920x1080,Intel Core i7 7700HQ 2.8GHz,8GB,128GB SSD +  1TB HDD,Nvidia GeForce GTX 1050,Windows 10,3.35kg,1191.0,5,6,89
387,Lenovo,V310-15ISK (i3-6006U/4GB/128GB/FHD/No,Notebook,15.6,Full HD 1920x1080,Intel Core i3 6006U 2GHz,4GB,128GB SSD,Intel HD Graphics 520,No OS,1.85kg,403.5,1,5,98
388,Asus,ROG Strix,Gaming,15.6,IPS Panel Full HD 1920x1080,Intel Core i7 7700HQ 2.8GHz,8GB,128GB SSD +  1TB HDD,Nvidia GeForce GTX 1060,Windows 10,2.3kg,1655.0,5,8,84
389,Lenovo,IdeaPad 720S-14IKB,Notebook,14.0,IPS Panel Full HD 1920x1080,Intel Core i5 7200U 2.5GHz,8GB,256GB SSD,Nvidia GeForce 940MX,Windows 10,1.5kg,1099.0,1,8,96
390,Asus,Zenbook Flip,Ultrabook,13.3,Full HD / Touchscreen 1920x1080,Intel Core i7 7500U 2.7GHz,16GB,512GB SSD,Intel HD Graphics 620,Windows 10,1.1kg,1748.9,2,8,67
391,Lenovo,Thinkpad X1,Ultrabook,14.0,IPS Panel 2560x1440,Intel Core i7 7500U 2.7GHz,8GB,512GB SSD,Intel HD Graphics 620,Windows 10,1.13kg,2282.0,1,6,75
392,Lenovo,Ideapad 510S-13IKB,Notebook,13.3,IPS Panel Full HD 1920x1080,Intel Core i3 7100U 2.4GHz,4GB,128GB SSD,Intel HD Graphics 620,Windows 10,1.5kg,549.0,1,7,67
393,Dell,Precision 3510,Workstation,15.6,Full HD 1920x1080,Intel Core i5 6440HQ 2.6GHz,8GB,500GB HDD,AMD FirePro W5130M,Windows 10,2.23kg,1369.0,1,9,60
394,Dell,Precision 5520,Workstation,15.6,IPS Panel Full HD 1920x1080,Intel Core i7 6820HQ 2.7GHz,8GB,256GB SSD,Nvidia Quadro M1200,Windows 10,2kg,2135.0,0,10,64
395,Lenovo,ThinkPad X1,2 in 1 Convertible,14.0,Touchscreen 2560x1440,Intel Core i7 7500U 2.7GHz,16GB,512GB SSD,Intel HD Graphics 620,Windows 10,1.42kg,2509.0,0,10,62
396,Asus,Rog GL753VD-GC042T,Gaming,17.3,Full HD 1920x1080,Intel Core i7 7700HQ 2.8GHz,8GB,1TB HDD,Nvidia GeForce GTX 1050,Windows 10,3kg,1039.0,0,9,60
397,Asus,Rog GL753VE-GC070T,Gaming,17.3,Full HD 1920x1080,Intel Core i7 7700HQ 2.8GHz,16GB,256GB SSD +  1TB HDD,Nvidia GeForce GTX 1050 Ti,Windows 10,3kg,1591.0,2,6,63
399,Acer,Aspire 5,Notebook,15.6,IPS Panel 1366x768,Intel Core i5 8250U 1.6GHz,12GB,1TB HDD,Nvidia GeForce MX130,Windows 10,2.2kg,693.99,5,9,99
400,MSI,Leopard GP72M,Gaming,17.3,Full HD 1920x1080,Intel Core i7 7700HQ 2.8GHz,8GB,256GB SSD,Nvidia GeForce GTX 1050 Ti,Windows 10,2.7kg,1349.0,4,8,94
401,Dell,Inspiron 5567,Notebook,15.6,Full HD 1920x1080,Intel Core i7 7500U 2.7GHz,8GB,256GB SSD,AMD Radeon R7 M445,Linux,2.33kg,778.87,1,5,91
402,HP,15-BW004nv (A9-9420/4GB/256GB/Radeon,Ultrabook,15.6,Full HD 1920x1080,AMD A9-Series 9420 3GHz,4GB,256GB SSD,AMD Radeon 520,Windows 10,1.91kg,499.0,1,4,93
403,Lenovo,ThinkPad E580,Notebook,15.6,IPS Panel Full HD 1920x1080,Intel Core i7 8550U 1.8GHz,8GB,256GB SSD,AMD Radeon RX 550,Windows 10,2.1kg,1229.56,2,10,84
404,Lenovo,ThinkPad L470,Notebook,14.0,IPS Panel Full HD 1920x1080,Intel Core i5 7200U 2.5GHz,8GB,256GB SSD,Intel HD Graphics 620,Windows 10,1.9kg,938.0,1,7,69
405,Dell,Precision M5520,Workstation,15.6,4K Ultra HD / Touchscreen 3840x2160,Intel Core i7 7700HQ 2.8GHz,8GB,256GB SSD,Nvidia Quadro M1200,Windows 10,1.78kg,2712.0,0,7,80
406,Lenovo,Thinkpad X1,Ultrabook,14.0,IPS Panel 2560x1440,Intel Core i7 7500U 2.7GHz,16GB,1TB SSD,Intel HD Graphics 620,Windows 10,1.13kg,2625.0,4,6,98
407,Lenovo,IdeaPad 320-15IAP,Notebook,15.6,1366x768,Intel Celeron Dual Core N3350 1.1GHz,4GB,1TB HDD,Intel HD Graphics 500,Windows 10,2.2kg,306.0,3,7,86
408,Asus,FX753VD-GC461T (i7-7700HQ/16GB/1TB,Gaming,17.3,Full HD 1920x1080,Intel Core i7 7700HQ 2.8GHz,16GB,256GB SSD +  1TB HDD,Nvidia GeForce GTX 1050,Windows 10,2.9kg,1529.0,1,8,86
409,Lenovo,ThinkPad E580,Notebook,15.6,IPS Panel Full HD 1920x1080,Intel Core i5 8250U 1.6GHz,8GB,256GB SSD +  1TB HDD,AMD Radeon RX 550,Windows 10,2.1kg,1144.5,0,10,61
410,Acer,Aspire 7,Notebook,15.6,Full HD 1920x1080,Intel Core i7 7700HQ 2.8GHz,8GB,256GB SSD,Nvidia GeForce GTX 1050,Linux,2.5kg,879.0,3,9,100
411,MSI,GE73VR 7RF,Gaming,17.3,Full HD 1920x1080,Intel Core i7 7700HQ 2.8GHz,16GB,256GB SSD +  1TB HDD,Nvidia GeForce GTX 1070,Windows 10,2.8kg,2249.0,4,8,72
412,Asus,Zenbook 3,Ultrabook,14.0,Full HD 1920x1080,Intel Core i7 7500U 2.7GHz,8GB,512GB SSD,Intel HD Graphics 620,Windows 10,1.10kg,1873.0,3,6,68
413,Toshiba,Portege Z30-C-16P,Ultrabook,13.3,Full HD 1920x1080,Intel Core i7 6500U 2.5GHz,16GB,512GB SSD,Intel HD Graphics 520,Windows 10,1.2kg,1747.0,0,8,95
414,Dell,Latitude 7480,Ultrabook,14.0,Full HD 1920x1080,Intel Core i7 7600U 2.8GHz,8GB,512GB SSD,Intel HD Graphics,Windows 10,1.36kg,1680.0,5,9,81
415,Lenovo,IdeaPad 320-15ISK,Notebook,15.6,Full HD 1920x1080,Intel Core i3 6006U 2GHz,4GB,500GB HDD,Intel HD Graphics 520,Windows 10,2.2kg,409.0,5,5,85
416,Lenovo,Lenovo IdeaPad,Notebook,11.6,1366x768,Intel Celeron Dual Core N3350 1.1GHz,2GB,32GB Flash Storage,Intel HD Graphics 500,Windows 10,1.15kg,304.45,3,6,71
417,Lenovo,ThinkPad P51,Workstation,15.6,Full HD 1920x1080,Intel Core i7 7700HQ 2.8GHz,8GB,512GB SSD,Nvidia Quadro M1200,Windows 10,2.67kg,1925.0,2,5,76
418,Lenovo,Thinkpad T470p,Ultrabook,14.0,IPS Panel Full HD 2560x1440,Intel Core i7 7700HQ 2.8GHz,8GB,512GB SSD,Nvidia GeForce GT 940MX,Windows 10,1.7kg,1943.0,3,4,73
419,HP,15-BS028nv (i3-6006U/4GB/1TB/Radeon,Notebook,15.6,Full HD 1920x1080,Intel Core i3 6006U 2GHz,4GB,1TB HDD,AMD Radeon 520,Windows 10,2.1kg,469.0,1,5,73
420,Acer,Aspire R7,2 in 1 Convertible,13.3,IPS Panel Full HD / Touchscreen 1920x1080,Intel Core i7 6500U 2.5GHz,8GB,256GB SSD,Intel HD Graphics 520,Windows 10,1.6kg,789.01,1,4,93
421,Asus,ZenBook Flip,2 in 1 Convertible,13.3,IPS Panel Full HD / Touchscreen 1920x1080,Intel Core i5 7200U 2.5GHz,8GB,256GB SSD,Intel HD Graphics 620,Windows 10,1.27kg,928.0,5,4,79
422,Dell,Inspiron 3567,Notebook,15.6,Full HD 1920x1080,Intel Core i5 7200U 2.5GHz,4GB,256GB SSD,AMD Radeon R5 M430,Linux,2.3kg,598.9,2,5,70
423,Dell,Latitude 3380,Notebook,13.3,1366x768,Intel Core i3 6006U 2GHz,4GB,128GB SSD,Intel HD Graphics 520,Windows 10,1.65kg,689.0,0,6,75
424,HP,EliteBook 1040,Ultrabook,14.0,Full HD 1920x1080,Intel Core i7 6500U 2.5GHz,8GB,256GB SSD,Intel HD Graphics 520,Windows 10,1.43kg,1500.0,1,9,90
425,Dell,Inspiron 3567,Notebook,15.6,1366x768,Intel Core i5 7200U 2.5GHz,8GB,1TB HDD,Intel HD Graphics 620,Windows 10,2.14kg,539.95,5,8,65
426,Lenovo,ThinkPad E480,Ultrabook,14.0,IPS Panel Full HD 1920x1080,Intel Core i7 8550U 1.8GHz,8GB,256GB SSD,AMD Radeon RX 550,Windows 10,1.75kg,1215.38,4,8,78
427,Lenovo,Yoga 720-15IKB,2 in 1 Convertible,15.6,IPS Panel 4K Ultra HD / Touchscreen 3840x2160,Intel Core i7 7700HQ 2.8GHz,16GB,512GB SSD,Nvidia GeForce GTX 1050,Windows 10,2kg,1899.0,5,9,96
428,Chuwi,LapBook 12.3,Notebook,12.3,IPS Panel Retina Display 2736x1824,Intel Celeron Quad Core N3450 1.1GHz,6GB,64GB Flash Storage,Intel HD Graphics 500,Windows 10,1.4kg,449.0,1,10,63
429,HP,ProBook 650,Notebook,15.6,Full HD 1920x1080,Intel Core i7 7820HQ 2.9GHz,8GB,256GB SSD,Intel HD Graphics 630,Windows 10,2.31kg,1427.0,1,10,63
430,Asus,X542UQ-DM117 (i3-7100U/8GB/1TB/GeForce,Notebook,15.6,Full HD 1920x1080,Intel Core i3 7100U 2.4GHz,8GB,1TB HDD,Nvidia GeForce 940MX,Linux,2.3kg,597.0,5,4,79
431,Dell,Alienware 17,Gaming,17.3,IPS Panel 2560x1440,Intel Core i7 7820HK 2.9GHz,16GB,256GB SSD +  1TB HDD,Nvidia GeForce GTX 1070,Windows 10,4.42kg,2799.0,0,4,69
432,Dell,Inspiron 7577,Gaming,15.6,IPS Panel Full HD 1920x1080,Intel Core i7 7700HQ 2.8GHz,8GB,128GB SSD +  1TB HDD,Nvidia GeForce GTX 1050 Ti,Windows 10,2.62kg,1159.0,3,6,83
433,Dell,Inspiron 5570,Notebook,15.6,Full HD 1920x1080,Intel Core i7 8550U 1.8GHz,8GB,256GB SSD +  2TB HDD,AMD Radeon 530,Windows 10,2.02kg,1142.4,1,7,94
434,Dell,Latitude 5480,Ultrabook,14.0,Full HD 1920x1080,Intel Core i7 7600U 2.8GHz,8GB,256GB SSD,Intel HD Graphics 620,Linux,1.6kg,1099.0,5,5,85
435,HP,Omen 17-w207nv,Gaming,17.3,Full HD 1920x1080,Intel Core i7 7700HQ 2.8GHz,12GB,256GB SSD +  1TB HDD,Nvidia GeForce GTX 1070,Windows 10,3.35kg,1999.0,5,4,96
436,Mediacom,FlexBook Edge,2 in 1 Convertible,11.6,IPS Panel Full HD / Touchscreen 1920x1080,Intel Celeron Dual Core N3350 1.1GHz,4GB,32GB SSD,Intel HD Graphics 500,Windows 10,1.16kg,299.0,2,8,97
437,Samsung,Chromebook 3,Netbook,11.6,1366x768,Intel Celeron Dual Core N3060 1.6GHz,4GB,16GB Flash Storage,Intel HD Graphics 400,Chrome OS,1.15kg,269.0,3,6,80
438,Lenovo,Thinkpad 13,Notebook,13.3,IPS Panel Full HD 1920x1080,Intel Core i7 7500U 2.7GHz,8GB,256GB SSD,Intel HD Graphics 620,Windows 10,1.4kg,1010.0,4,5,99
439,Lenovo,IdeaPad 320s-14IKB,Notebook,14.0,IPS Panel Full HD 1920x1080,Intel Core i3 7130U 2.7GHz,4GB,128GB SSD,Intel HD Graphics 620,Windows 10,1.7kg,599.0,0,6,98
440,Lenovo,Thinkpad T570,Workstation,15.6,IPS Panel 4K Ultra HD 3840x2160,Intel Core i7 7600U 2.8GHz,16GB,512GB SSD,Nvidia GeForce 940MX,Windows 10,2.3kg,2445.0,4,5,80
441,Lenovo,Thinkpad P51,Notebook,15.6,Full HD 1920x1080,Intel Core i7 7820HQ 2.9GHz,16GB,512GB SSD,Nvidia Quadro M2200M,Windows 10,2.5kg,2449.0,3,5,69
442,Asus,Rog Strix,Gaming,17.3,Full HD 1920x1080,AMD Ryzen 1600 3.2GHz,8GB,256GB SSD +  1TB HDD,AMD Radeon RX 580,Windows 10,3.2kg,1695.0,3,9,97
443,HP,15-ra044nv (N3060/4GB/500GB/W10),Notebook,15.6,1366x768,Intel Celeron Dual Core N3060 1.6GHz,4GB,500GB HDD,Intel HD Graphics 400,Windows 10,2.1kg,347.0,3,4,63
444,Google,Pixelbook (Core,Ultrabook,12.3,Touchscreen 2400x1600,Intel Core i7 7Y75 1.3GHz,16GB,512GB SSD,Intel HD Graphics 615,Chrome OS,1.1kg,2199.0,4,6,79
445,Lenovo,ThinkPad T470s,Ultrabook,14.0,2560x1440,Intel Core i7 7500U 2.7GHz,24GB,512GB SSD,Intel HD Graphics 620,Windows 10,1.32kg,2382.0,3,6,76
446,Asus,VivoBook Max,Notebook,15.6,Full HD 1920x1080,Intel Core i5 7200U 2.5GHz,4GB,256GB SSD,Intel HD Graphics 620,Linux,2kg,559.0,5,9,66
447,Lenovo,IdeaPad 320-15AST,Notebook,17.3,1600x900,AMD A6-Series 9220 2.5GHz,8GB,1TB HDD,AMD Radeon R4,Windows 10,2.8kg,519.0,4,8,63
448,Dell,Inspiron 5570,Notebook,15.6,Full HD 1920x1080,Intel Core i5 8250U 1.6GHz,4GB,256GB SSD,AMD Radeon 530,Windows 10,2.2kg,749.0,3,8,88
449,Lenovo,ThinkPad X270,Ultrabook,12.5,IPS Panel Full HD 1920x1080,Intel Core i5 7200U 2.5GHz,8GB,256GB SSD,Intel HD Graphics 620,Windows 10,1.36kg,1429.0,5,10,73
450,Lenovo,IdeaPad 320-15IAP,Notebook,15.6,Full HD 1920x1080,Intel Pentium Quad Core N4200 1.1GHz,4GB,128GB SSD,Intel HD Graphics 505,Windows 10,2.2kg,349.0,2,4,62
451,HP,Omen 15-AX205na,Gaming,15.6,IPS Panel Full HD 1920x1080,Intel Core i7 7700HQ 2.8GHz,8GB,128GB SSD +  1TB HDD,Nvidia GeForce GTX 1050,Windows 10,2.2kg,1099.0,3,4,83
452,Dell,Latitude 5480,Notebook,14.0,Full HD 1920x1080,Intel Core i5 7440HQ 2.8GHz,8GB,256GB SSD,Nvidia GeForce 930MX,Windows 10,1.64kg,1179.0,4,7,96
453,Acer,Aspire ES1-572,Notebook,15.6,1366x768,Intel Core i5 7200U 2.5GHz,4GB,500GB HDD,Intel HD Graphics 620,Linux,2.4kg,441.8,1,9,75
454,Dell,Precision 3520,Workstation,15.6,Full HD 1920x1080,Intel Xeon E3-1505M V6 3GHz,8GB,64GB Flash Storage +  1TB HDD,Nvidia Quadro M620,Windows 10,2.23kg,1993.0,3,8,63
455,MSI,GV62 7RD-1686NL,Gaming,15.6,Full HD 1920x1080,Intel Core i5 7300HQ 2.5GHz,8GB,256GB SSD,Nvidia GeForce GTX 1050,Windows 10,2.2kg,1027.74,1,5,83
456,Microsoft,Surface Laptop,Ultrabook,13.5,Touchscreen 2256x1504,Intel Core i7 7660U 2.5GHz,16GB,512GB SSD,Intel Iris Plus Graphics 640,Windows 10 S,1.25kg,2589.0,5,6,93
457,HP,15-bs024nv (i5-7200U/8GB/128GB/W10),Notebook,15.6,1366x768,Intel Core i5 7200U 2.5GHz,8GB,128GB SSD,Intel HD Graphics 620,Windows 10,1.91kg,589.0,2,4,89
458,Dell,Precision 3520,Workstation,15.6,IPS Panel Full HD 1920x1080,Intel Core i7 6820HQ 2.7GHz,16GB,256GB SSD,Nvidia Quadro M620,Windows 10,2.17kg,1975.0,0,6,77
459,HP,ProBook 650,Workstation,15.6,IPS Panel Full HD 1920x1080,Intel Core i7 7820HQ 2.9GHz,8GB,512GB SSD,Intel HD Graphics 620,Windows 10,2.31kg,1534.0,2,6,78
460,Lenovo,ThinkPad T470,Notebook,14.0,Full HD 1920x1080,Intel Core i5 7200U 2.5GHz,8GB,256GB SSD,Intel HD Graphics 620,Windows 10,1.65kg,1345.0,3,7,90
461,Dell,Inspiron 5570,Notebook,15.6,Full HD 1920x1080,Intel Core i7 8550U 1.8GHz,8GB,128GB SSD +  1TB HDD,AMD Radeon 530,Windows 10,2.36kg,979.0,1,8,78
462,Dell,Inspiron 3168,2 in 1 Convertible,11.6,Touchscreen 1366x768,Intel Pentium Quad Core N3710 1.6GHz,4GB,500GB HDD,Intel HD Graphics 405,Windows 10,1.47kg,479.0,1,4,78
463,Dell,Alienware 17,Notebook,17.3,IPS Panel Full HD 1920x1080,Intel Core i7 7700HQ 2.7GHz,8GB,1TB HDD,Nvidia GeForce GTX 1060,Windows 10,4.42kg,2046.0,4,6,81
464,Microsoft,Surface Laptop,Ultrabook,13.5,Touchscreen 2256x1504,Intel Core M m3-7Y30 2.2GHz,4GB,128GB SSD,Intel HD Graphics 615,Windows 10 S,1.252kg,989.0,1,4,83
465,Microsoft,Surface Laptop,Ultrabook,13.5,Touchscreen 2256x1504,Intel Core i7 7660U 2.5GHz,8GB,256GB SSD,Intel Iris Plus Graphics 640,Windows 10 S,1.25kg,1799.0,4,5,71
466,HP,17-BS092ND (i3-6006U/8GB/256GB/W10),Notebook,17.3,1600x900,Intel Core i3 6006U 2GHz,8GB,256GB SSD,Intel HD Graphics 520,Windows 10,2.5kg,639.9,5,7,89
467,Acer,Aspire E5-576G,Notebook,15.6,Full HD 1920x1080,Intel Core i3 6006U 2GHz,4GB,1TB HDD,Nvidia GeForce 940MX,Windows 10,2.23kg,544.0,0,5,97
468,Acer,TravelMate B,Netbook,11.6,1366x768,Intel Celeron Dual Core N3060 1.6GHz,4GB,128GB SSD,Intel HD Graphics 400,Windows 10,1.4kg,435.0,3,4,90
469,Asus,Pro P2540UA-AB51,Notebook,15.6,Full HD 1920x1080,Intel Core i5 7200U 2.5GHz,8GB,1TB HDD,Intel HD Graphics 620,Windows 10,2.37kg,749.0,4,10,95
470,Lenovo,IdeaPad 510s-14IKB,Notebook,14.0,IPS Panel Full HD 1920x1080,Intel Core i7 7500U 2.7GHz,8GB,512GB SSD,AMD Radeon R7 M460,No OS,1.5kg,799.0,0,4,78
471,Lenovo,Thinkpad P51,Notebook,15.6,Full HD 1920x1080,Intel Core i7 7820HQ 2.9GHz,8GB,256GB SSD,Nvidia Quadro M2200M,Windows 10,2.67kg,2090.0,1,8,95
472,Asus,X541NA-PD1003Y (N4200/4GB/500GB/W10),Notebook,15.6,1366x768,Intel Pentium Quad Core N4200 1.1GHz,4GB,500GB HDD,Intel HD Graphics 500,Windows 10,2kg,304.0,1,6,89
473,Acer,Aspire 5,Notebook,15.6,1366x768,Intel Core i3 6006U 2GHz,4GB,500GB HDD,Nvidia GeForce GTX 940MX,Windows 10,2.2kg,469.0,0,6,92
474,Dell,Inspiron 5570,Notebook,15.6,Full HD 1920x1080,Intel Core i5 8250U 1.6GHz,8GB,2TB HDD,AMD Radeon 530,Windows 10,2.02kg,759.0,1,5,77
475,HP,Omen 17-an006nv,Gaming,17.3,IPS Panel Full HD 1920x1080,Intel Core i7 7700HQ 2.8GHz,12GB,1TB HDD,Nvidia GeForce GTX 1060,Windows 10,3.78kg,1699.0,5,7,87
476,Lenovo,Thinkpad T460s,Ultrabook,14.0,IPS Panel Quad HD+ 2560x1440,Intel Core i7 6600U 2.6GHz,12GB,256GB SSD,Intel HD Graphics 520,Windows 10,1.4kg,1858.0,5,10,70
477,HP,Spectre x360,2 in 1 Convertible,13.3,IPS Panel 4K Ultra HD / Touchscreen 3840x2160,Intel Core i7 8550U 1.8GHz,8GB,512GB SSD,Intel UHD Graphics 620,Windows 10,1.29kg,1999.0,0,9,92
478,HP,ZBook 15u,Notebook,15.6,Full HD 1920x1080,Intel Core i5 7200U 2.5GHz,8GB,500GB HDD,AMD FirePro W4190M ,Windows 10,1.9kg,1154.0,4,6,76
479,Google,Pixelbook (Core,Ultrabook,12.3,Touchscreen 2400x1600,Intel Core i5 7Y57 1.2GHz,8GB,128GB SSD,Intel HD Graphics 615,Chrome OS,1.1kg,1275.0,4,8,65
480,Dell,Latitude 7390,Ultrabook,13.3,Full HD / Touchscreen 1920x1080,Intel Core i5 8250U 1.6GHz,8GB,256GB SSD,Intel UHD Graphics 620,Windows 10,1.42kg,1841.85,0,5,63
481,Asus,ZenBook Pro,Notebook,15.6,IPS Panel 4K Ultra HD 3840x2160,Intel Core i7 6700HQ 2.6GHz,12GB,128GB SSD +  1TB HDD,Intel HD Graphics 530,Windows 10,2.06kg,1299.0,4,5,79
482,Dell,Latitude E5470,Notebook,14.0,1366x768,Intel Core i3 6100U 2.3GHz,8GB,128GB SSD,Intel HD Graphics 520,Windows 10,1.79kg,740.0,4,9,86
483,Dell,Precision M5520,Workstation,15.6,Full HD 1920x1080,Intel Core i7 7700HQ 2.8GHz,8GB,256GB SSD,Nvidia Quadro M1200,Windows 10,1.78kg,2408.0,5,8,74
484,Lenovo,Thinkpad T470,Notebook,14.0,Full HD 1920x1080,Intel Core i5 7200U 2.5GHz,8GB,180GB SSD,Intel HD Graphics 620,Windows 10,1.7kg,1364.0,4,7,65
485,Dell,Inspiron 3576,Notebook,15.6,Full HD 1920x1080,Intel Core i5 8250U 1.6GHz,8GB,1TB HDD,AMD Radeon 520,Windows 10,2.2kg,675.0,2,8,73
486,Toshiba,Portege X30-D-10J,Notebook,13.3,IPS Panel Full HD 1920x1080,Intel Core i5 7200U 2.5GHz,8GB,256GB SSD,Intel HD Graphics 620,Windows 10,1.05kg,1672.0,3,7,70
487,Dell,Inspiron 7570,Notebook,15.6,IPS Panel Full HD 1920x1080,Intel Core i7 8550U 1.8GHz,8GB,512GB SSD,Nvidia GeForce 940MX,Windows 10,2.16kg,1262.0,1,8,98
488,Dell,Vostro 3568,Notebook,15.6,1366x768,Intel Core i3 7100U 2.4GHz,4GB,1TB HDD,Intel HD Graphics 620,Windows 10,2.18kg,586.6,2,8,68
489,HP,ProBook 430,Notebook,13.3,IPS Panel Full HD 1920x1080,Intel Core i5 8250U 1.6GHz,4GB,128GB SSD,Intel UHD Graphics 620,Windows 10,1.49kg,726.0,4,4,85
490,Chuwi,"Lapbook 15,6",Notebook,15.6,Full HD 1920x1080,Intel Atom x5-Z8350 1.44GHz,4GB,64GB Flash Storage,Intel HD Graphics,Windows 10,1.89kg,248.9,5,5,75
491,Lenovo,ThinkPad E570,Notebook,15.6,1366x768,Intel Core i3 6006U 2.0GHz,4GB,128GB SSD,Intel HD Graphics 520,Windows 10,2.3kg,565.0,0,8,64
492,Lenovo,ThinkPad E480,Notebook,14.0,IPS Panel Full HD 1920x1080,Intel Core i5 8250U 1.6GHz,8GB,256GB SSD,Intel UHD Graphics 620,Windows 10,1.75kg,1049.0,4,9,69
493,Dell,Precision 3520,Workstation,15.6,IPS Panel Full HD 1920x1080,Intel Core i7 6820HQ 2.7GHz,16GB,512GB SSD,Nvidia Quadro M620,Windows 10,2.17kg,2338.0,5,8,62
494,Dell,XPS 15,Notebook,15.6,Full HD 1920x1080,Intel Core i7 7700HQ 2.8GHz,16GB,512GB SSD,Nvidia GeForce GTX 1050,Windows 10,2.06kg,1899.0,3,6,72
495,Lenovo,Thinkpad X270,Ultrabook,12.5,IPS Panel Full HD 1920x1080,Intel Core i7 7500U 2.7GHz,16GB,512GB SSD,Intel HD Graphics 620,Windows 10,1.36kg,1798.0,4,5,89
496,Asus,Zenbook UX390UA,Ultrabook,12.5,Full HD 1920x1080,Intel Core i7 7500U 2.7GHz,16GB,512GB SSD,Intel HD Graphics 620,Windows 10,0.91kg,1950.0,0,6,65
497,Lenovo,Thinkpad E570,Notebook,15.6,IPS Panel Full HD 1920x1080,Intel Core i5 7200U 2.5GHz,8GB,256GB SSD,Nvidia GeForce 940MX,Windows 10,2.3kg,1011.99,5,5,76
498,Toshiba,Portege X30-D-10L,Ultrabook,13.3,Full HD / Touchscreen 1920x1080,Intel Core i7 7500U 2.7GHz,32GB,512GB SSD,Intel HD Graphics 620,Windows 10,1.05kg,2799.0,5,6,78
499,Asus,VivoBook Pro,Gaming,15.6,Full HD 1920x1080,Intel Core i7 7700HQ 2.8GHz,8GB,128GB SSD +  1TB HDD,Nvidia GeForce GTX 1050,Windows 10,1.99kg,1350.0,5,8,94
500,Acer,Aspire 5,Notebook,15.6,1366x768,AMD A10-Series 9620P 2.5GHz,8GB,1TB HDD,AMD Radeon RX 540,Windows 10,2.2kg,579.0,3,8,85
501,Asus,Rog G752VL-UH71T,Gaming,17.3,IPS Panel Full HD / Touchscreen 1920x1080,Intel Core i7 6700HQ 2.6GHz,24GB,256GB SSD +  1TB HDD,Nvidia GeForce GTX 965M,Windows 10,4.33kg,1269.0,4,4,64
502,Lenovo,Thinkpad X260,Ultrabook,12.5,IPS Panel 1366x768,Intel Core i5 6200U 2.3GHz,8GB,180GB SSD,Intel HD Graphics 520,Windows 10,1.3kg,1099.0,3,9,88
503,Lenovo,Ideapad 520-15IKBR,Notebook,15.6,Full HD 1920x1080,Intel Core i7 8550U 1.8GHz,8GB,256GB SSD,Intel UHD Graphics 620,Windows 10,2.17kg,898.9,1,6,96
504,HP,EliteBook 840,Notebook,14.0,Full HD 1920x1080,Intel Core i7 7600U 2.8GHz,8GB,1TB SSD,Intel HD Graphics 620,Windows 10,1.48kg,1749.0,1,7,79
505,Lenovo,ThinkPad 13,Notebook,13.3,IPS Panel Full HD 1920x1080,Intel Core i3 7100U 2.4GHz,8GB,256GB SSD,Intel HD Graphics 620,Windows 10,1.4kg,949.0,4,4,80
506,Lenovo,ThinkPad L570,Notebook,15.6,IPS Panel Full HD 1920x1080,Intel Core i5 7200U 2.5GHz,8GB,256GB SSD,Intel HD Graphics 620,Windows 10,2.3kg,911.0,3,6,69
507,Asus,VivoBook E201NA,Netbook,11.6,1366x768,Intel Celeron Dual Core N3350 1.1GHz,4GB,64GB Flash Storage,Intel HD Graphics 500,Windows 10 S,1.2kg,340.0,0,6,64
508,HP,15-BS026nv (i5-7200U/8GB/256GB/Radeon,Notebook,15.6,1366x768,Intel Core i5 7200U 2.5GHz,8GB,256GB SSD,AMD Radeon 520,Windows 10,1.91kg,618.99,5,4,95
509,Lenovo,Yoga 920-13IKB,2 in 1 Convertible,13.9,IPS Panel Full HD / Touchscreen 1920x1080,Intel Core i5 8250U 1.6GHz,8GB,256GB SSD,Intel UHD Graphics 620,Windows 10,1.4kg,1599.0,5,8,65
510,Lenovo,IdeaPad 320-14IAP,Notebook,14.0,1366x768,Intel Celeron Dual Core N3350 1.1GHz,4GB,500GB HDD,Intel HD Graphics 500,Windows 10,2.1kg,299.0,4,6,85
511,Lenovo,Chromebook N23,Netbook,11.6,1366x768,Intel Celeron Dual Core N3060 1.6GHz,4GB,16GB SSD,Intel HD Graphics 400,Chrome OS,1.25kg,265.0,1,8,63
512,Lenovo,ThinkPad 13,Notebook,13.3,Full HD 1920x1080,Intel Core i5 7200U 2.5GHz,8GB,256GB SSD,Intel HD Graphics 620,Windows 10,1.44kg,949.0,1,4,98
513,Asus,ZenBook UX510UX-CN211T,Notebook,15.6,Full HD 1920x1080,Intel Core i7 7500U 2.7GHz,8GB,256GB SSD +  1TB HDD,Intel HD Graphics 620,Windows 10,2kg,1224.0,5,8,98
514,Acer,Aspire A515-51G-59QF,Notebook,15.6,IPS Panel Full HD 1920x1080,Intel Core i5 8250U 1.6GHz,4GB,1TB HDD,Nvidia GeForce MX150,Windows 10,2.2kg,613.0,4,5,94
515,HP,Envy 13-AB002nv,Ultrabook,13.3,IPS Panel Full HD 1920x1080,Intel Core i7 7500U 2.7GHz,8GB,512GB SSD,Intel HD Graphics 620,Windows 10,1.34kg,1323.0,3,7,60
516,Lenovo,Legion Y520-15IKBN,Gaming,15.6,IPS Panel Full HD 1920x1080,Intel Core i7 7700HQ 2.8GHz,8GB,256GB SSD +  1TB HDD,Nvidia GeForce GTX 1060,No OS,2.4kg,1149.0,1,10,83
517,Dell,XPS 13,Ultrabook,13.3,IPS Panel Full HD / Touchscreen 1920x1080,Intel Core i5 7200U 2.5GHz,8GB,128GB SSD,Intel HD Graphics 620,Windows 10,1.29kg,899.0,3,6,95
518,Acer,Aspire A515-51G,Notebook,15.6,Full HD 1920x1080,Intel Core i7 7500U 2.7GHz,4GB,500GB HDD,Nvidia GeForce 940MX,Windows 10,2.2kg,639.0,1,9,65
519,Dell,Vostro 5568,Notebook,15.6,Full HD 1920x1080,Intel Core i5 7200U 2.5GHz,8GB,1TB HDD,Intel HD Graphics 620,Windows 10,2.18kg,836.0,1,7,100
520,Dell,Inspiron 5570,Notebook,15.6,Full HD 1920x1080,Intel Core i7 8550U 1.8GHz,16GB,256GB SSD +  2TB HDD,AMD Radeon 530,Windows 10,2.2kg,1219.24,2,10,90
521,Xiaomi,Mi Notebook,Notebook,15.6,IPS Panel Full HD 1920x1080,Intel Core i7 8550U 1.8GHz,16GB,256GB SSD,Nvidia GeForce MX150,No OS,1.95kg,1399.95,1,8,79
522,Asus,VivoBook E12,Netbook,11.6,1366x768,Intel Celeron Dual Core N3350 1.1GHz,2GB,32GB Flash Storage,Intel HD Graphics 500,Windows 10,1.1kg,245.0,0,6,83
523,HP,15-bs190od (i5-8250U/4GB/1TB/W10),Notebook,15.6,Touchscreen 1366x768,Intel Core i5 8250U 1.6GHz,4GB,1TB HDD,Intel UHD Graphics 620,Windows 10,2.04kg,521.47,4,8,84
524,Asus,ROG Zephyrus,Gaming,15.6,Full HD 1920x1080,Intel Core i7 7700HQ 2.8GHz,24GB,512GB SSD,Nvidia GeForce GTX1080,Windows 10,2.24kg,2968.0,4,5,95
525,HP,Probook 450,Notebook,15.6,Full HD 1920x1080,Intel Core i5 7200U 2.5GHz,8GB,256GB SSD,Nvidia GeForce 930MX,Windows 10,2.04kg,889.0,3,4,80
526,Asus,FX753VE-GC155T (i7-7700HQ/16GB/1TB,Gaming,17.3,Full HD 1920x1080,Intel Core i7 7700HQ 2.8GHz,16GB,256GB SSD +  1TB HDD,Nvidia GeForce GTX1050 Ti,Windows 10,3kg,1504.0,1,6,89
527,Lenovo,Legion Y720-15IKB,Gaming,15.6,IPS Panel Full HD 1920x1080,Intel Core i7 7700HQ 2.8GHz,8GB,256GB SSD +  1TB HDD,Nvidia GeForce GTX 1060,Windows 10,3.2kg,1399.0,0,10,83
528,HP,Spectre X360,Ultrabook,13.3,IPS Panel Full HD 1920x1080,Intel Core i7 7500U 2.7GHz,8GB,256GB SSD,Intel HD Graphics 620,Windows 10,1.32kg,1399.0,3,10,89
529,Dell,Latitude 5480,Notebook,14.0,Full HD 1920x1080,Intel Core i5 7300U 2.6GHz,8GB,256GB SSD,Intel HD Graphics 620,Windows 10,1.64kg,1279.73,2,5,81
530,HP,ProBook 440,Notebook,15.6,1366x768,Intel Core i3 6006U 2GHz,4GB,128GB SSD,Intel HD Graphics 520,Windows 10,1.63kg,689.0,3,5,87
531,Dell,Inspiron 5770,Notebook,17.3,IPS Panel Full HD 1920x1080,Intel Core i5 8250U 1.6GHz,8GB,128GB SSD +  1TB HDD,AMD Radeon 530,Linux,2.8kg,889.0,3,6,66
532,Lenovo,ThinkPad L470,Notebook,14.0,Full HD 1920x1080,Intel Core i5 6200U 2.3GHz,8GB,256GB SSD,Intel HD Graphics 520,Windows 7,2.02kg,1340.0,1,8,94
533,Lenovo,IdeaPad 320-15IKB,Notebook,15.6,Full HD 1920x1080,Intel Core i7 7500U 2.7GHz,4GB,1TB HDD,Nvidia GeForce 920MX,Windows 10,2.2kg,799.0,2,9,87
534,Lenovo,IdeaPad 320-15ISK,Notebook,15.6,1366x768,Intel Core i3 6006U 2GHz,8GB,2TB HDD,Nvidia GeForce 920MX ,No OS,2.2kg,459.0,3,10,73
535,Dell,Inspiron 3567,Notebook,15.6,Full HD 1920x1080,Intel Core i5 7200U 2.5GHz,4GB,500GB HDD,AMD Radeon R5 M430,Windows 10,2.3kg,585.0,0,10,69
536,Dell,Latitude 5580,Notebook,15.6,Full HD 1920x1080,Intel Core i5 7440HQ 2.8GHz,8GB,256GB SSD,Intel HD Graphics 620,Windows 10,1.9kg,1377.0,0,5,75
537,Dell,Alienware 17,Gaming,17.3,IPS Panel Full HD 1920x1080,Intel Core i7 7700HQ 2.8GHz,16GB,128GB SSD +  1TB HDD,Nvidia GeForce GTX 1070,Windows 10,4.42kg,3012.77,4,7,75
538,Toshiba,Satellite Pro,Notebook,15.6,IPS Panel Full HD 1920x1080,Intel Core i5 7200U 2.5GHz,8GB,500GB HDD,Intel HD Graphics 620,Windows 10,2.0kg,860.0,2,5,90
539,Asus,Zenbook UX510UW-FI095T,Notebook,15.6,IPS Panel 4K Ultra HD 3840x2160,Intel Core i7 7500U 2.7GHz,8GB,256GB SSD +  1TB HDD,Nvidia GeForce GTX 960M,Windows 10,2kg,1299.0,2,9,84
540,Mediacom,SmartBook Edge,Notebook,13.3,IPS Panel Full HD 1920x1080,Intel Celeron Quad Core N3450 1.1GHz,4GB,32GB SSD,Intel HD Graphics 500,Windows 10,1.2kg,369.0,4,8,72
541,Asus,ROG Strix,Gaming,15.6,IPS Panel Full HD 1920x1080,Intel Core i5 7300HQ 2.5GHz,8GB,128GB SSD +  1TB HDD,Nvidia GeForce GTX 1060,Windows 10,2.3kg,1649.0,3,8,65
542,Dell,Latitude 5580,Notebook,15.6,Full HD 1920x1080,Intel Core i7 7600U 2.8GHz,8GB,256GB SSD,Nvidia GeForce 930MX,Windows 10,1.93kg,1369.0,2,7,68
543,Dell,Inspiron 5570,Notebook,15.6,Full HD 1920x1080,Intel Core i5 8250U 1.6GHz,8GB,256GB SSD,AMD Radeon 530,Windows 10,2.2kg,797.41,0,10,95
544,HP,250 G6,Notebook,15.6,Full HD 1920x1080,Intel Pentium Quad Core N3710 1.6GHz,4GB,256GB SSD,Intel HD Graphics 405,Windows 10,1.86kg,398.99,0,5,79
545,HP,Omen 15-ce006nv,Gaming,17.3,Full HD 1920x1080,Intel Core i7 7700HQ 2.8GHz,12GB,1TB HDD,Nvidia GeForce GTX 1060,Windows 10,2.62kg,1799.0,1,8,77
546,Lenovo,Thinkpad E470,Notebook,14.0,IPS Panel Full HD 1920x1080,Intel Core i7 7500U 2.7GHz,8GB,256GB SSD,Nvidia GeForce 940MX,Windows 10,1.87kg,859.0,2,9,80
547,Dell,XPS 13,Ultrabook,13.3,Quad HD+ / Touchscreen 3200x1800,Intel Core i7 8550U 1.8GHz,8GB,256GB SSD,Intel UHD Graphics 620,Windows 10,1.2kg,1399.0,3,6,63
548,Dell,Vostro 5468,Notebook,14.0,Full HD 1920x1080,Intel Core i3 6006U 2GHz,4GB,128GB SSD,Intel HD Graphics 520,Windows 10,1.6kg,735.87,4,4,92
549,HP,Envy 13-AB020nr,Ultrabook,13.3,IPS Panel Quad HD+ 3200x1800,Intel Core i7 7500U 2.7GHz,8GB,256GB SSD,Intel HD Graphics 620,Windows 10,1.34kg,1145.0,4,4,86
550,Acer,Aspire 7,Gaming,15.6,Full HD 1920x1080,Intel Core i5 7300HQ 2.5GHz,8GB,1TB HDD,Nvidia GeForce GTX 1050,Linux,2.4kg,798.0,3,4,66
551,Asus,VivoBook X540YA-XX519T,Notebook,15.6,1366x768,AMD E-Series 7110 1.8GHz,4GB,500GB HDD,AMD Radeon R2 Graphics,Windows 10,2kg,349.0,5,10,65
552,HP,ProBook 450,Notebook,15.6,Full HD 1920x1080,Intel Core i3 7100U 2.4GHz,4GB,128GB SSD,Intel HD Graphics 620,Windows 10,2.1kg,705.5,1,5,74
553,Lenovo,ThinkPad E470,Notebook,14.0,Full HD 1920x1080,Intel Core i5 7200U 2.5GHz,4GB,500GB HDD,Intel HD Graphics 620,Windows 10,1.87kg,785.0,4,7,77
554,Lenovo,V310-15ISK (i5-6200U/4GB/1TB/FHD/No,Notebook,15.6,Full HD 1920x1080,Intel Core i5 6200U 2.3GHz,4GB,1TB HDD,Intel HD Graphics 520,No OS,2.15kg,462.35,2,8,91
555,HP,250 G6,Notebook,15.6,Full HD 1920x1080,Intel Core i3 6006U 2GHz,4GB,500GB HDD,Intel HD Graphics 520,Windows 10,1.86kg,397.0,1,6,70
556,Lenovo,ThinkPad T570,Notebook,15.6,IPS Panel Full HD 1920x1080,Intel Core i7 7500U 2.7GHz,8GB,512GB SSD,Intel HD Graphics 620,Windows 10,1.99kg,1729.0,2,9,79
557,Lenovo,IdeaPad 320-15ISK,Notebook,15.6,Full HD 1920x1080,Intel Core i3 6006U 2GHz,4GB,128GB SSD,Intel HD Graphics 520,Windows 10,2.2kg,499.0,0,6,83
558,Dell,Latitude 5580,Notebook,15.6,Full HD 1920x1080,Intel Core i5 7200U 2.5GHz,8GB,256GB SSD,Intel HD Graphics 620,Windows 10,1.9kg,1116.99,1,9,74
559,Dell,Alienware 17,Gaming,17.3,IPS Panel Full HD 1920x1080,Intel Core i7 7700HQ 2.8GHz,16GB,256GB SSD +  1TB HDD,Nvidia GeForce GTX 1070,Windows 10,4.42kg,2699.0,4,10,66
560,HP,17-X047na (i3-6006U/8GB/1TB/W10),Notebook,17.3,1600x900,Intel Core i3 6006U 2GHz,8GB,1TB HDD,Intel HD Graphics 520,Windows 10,2.65kg,544.15,1,5,80
561,HP,ProBook 470,Notebook,17.3,Full HD 1920x1080,Intel Core i7 7500U 2.7GHz,8GB,1TB HDD,Nvidia GeForce 930MX,Windows 10,2.63kg,1280.0,1,4,85
562,Asus,A541NA-GO342 (N3350/4GB/500GB/Linux),Notebook,15.6,1366x768,Intel Celeron Dual Core N3350 1.1GHz,4GB,500GB HDD,Intel HD Graphics 500,Linux,2kg,224.0,1,5,73
563,Mediacom,SmartBook 130,Notebook,13.3,IPS Panel Full HD 1920x1080,Intel Atom x5-Z8350 1.44GHz,4GB,32GB Flash Storage,Intel HD Graphics,Windows 10,1.35kg,255.0,5,10,96
564,Lenovo,IdeaPad 320-17IKB,Notebook,17.3,1600x900,Intel Core i7 7500U 2.7GHz,6GB,128GB SSD +  1TB HDD,Nvidia GeForce 940MX,Windows 10,2.8kg,949.0,1,7,80
565,HP,15-bw007nv (A10-9620P/6GB/128GB/Radeon,Notebook,15.6,IPS Panel Full HD 1920x1080,AMD A10-Series A10-9620P 2.5GHz,6GB,128GB SSD,AMD Radeon 530,Windows 10,1.91kg,568.9,2,7,77
566,Dell,Vostro 3568,Notebook,15.6,1366x768,Intel Core i3 6006U 2GHz,4GB,1TB HDD,AMD Radeon R5 M420,Windows 10,2.18kg,617.9,0,10,64
567,Acer,Spin SP111-31,2 in 1 Convertible,11.6,IPS Panel Full HD / Touchscreen 1920x1080,Intel Celeron Dual Core N3350 2.0GHz,4GB,32GB Flash Storage,Intel HD Graphics 500,Windows 10,1.25kg,349.0,3,9,62
568,Lenovo,V330-15IKB (i3-7130U/4GB/128GB/FHD/W10),Notebook,15.6,Full HD 1920x1080,Intel Core i3 7130U 2.7GHz,4GB,128GB SSD,Intel HD Graphics 620,Windows 10,2.05kg,630.0,1,8,82
569,HP,EliteBook 1030,Ultrabook,13.3,IPS Panel Quad HD+ / Touchscreen 3200x1800,Intel Core M 6Y75 1.2GHz,16GB,512GB SSD,Intel HD Graphics 515,Windows 10,1.16kg,1965.0,4,8,85
570,Lenovo,Thinkpad P71,Notebook,17.3,IPS Panel Full HD 1920x1080,Intel Core i7 7700HQ 2.8GHz,8GB,256GB SSD,Nvidia Quadro M620M,Windows 10,3.4kg,2999.0,1,9,96
571,Asus,FX553VD-DM627T (i5-7300HQ/8GB/1TB,Notebook,15.6,Full HD 1920x1080,Intel Core i5 7300HQ 2.5GHz,8GB,128GB SSD +  1TB HDD,Nvidia GeForce GTX 1050,Windows 10,2.5kg,839.0,4,7,83
572,Dell,XPS 13,Ultrabook,13.3,IPS Panel 4K Ultra HD / Touchscreen 3840x2160,Intel Core i5 8250U 1.6GHz,8GB,128GB SSD,Intel UHD Graphics 620,Windows 10,1.21kg,1599.0,2,7,78
573,Dell,Latitude 5580,Notebook,15.6,1366x768,Intel Core i5 7300U 2.6GHz,4GB,500GB HDD,Intel HD Graphics 620,Windows 10,1.93kg,959.0,4,7,84
574,Fujitsu,Lifebook A557,Notebook,15.6,1366x768,Intel Core i5 7200U 2.5GHz,8GB,1TB HDD,Intel HD Graphics 620,Windows 10,2.2kg,739.0,3,5,80
575,Lenovo,IdeaPad 320-15IAP,Notebook,15.6,Full HD 1920x1080,Intel Pentium Quad Core N4200 1.1GHz,4GB,500GB HDD,Intel HD Graphics 505,Windows 10,2.2kg,344.0,0,7,71
576,Lenovo,ThinkPad L470,Notebook,14.0,1366x768,Intel Core i5 7200U 2.5GHz,4GB,500GB HDD,Intel HD Graphics 620,Windows 10,2.02kg,990.0,4,6,100
577,HP,ZBook 17,Workstation,17.3,1600x900,Intel Core i5 7440HQ 2.8GHz,8GB,500GB HDD,Nvidia Quadro M1200,Windows 10,3.14kg,1860.99,4,4,92
578,HP,14-am079na (N3710/8GB/2TB/W10),Notebook,14.0,1366x768,Intel Pentium Quad Core N3710 1.6GHz,8GB,2TB HDD,Intel HD Graphics 405,Windows 10,1.94kg,389.0,0,7,63
579,HP,15-cd005nv (A9-9420/6GB/256GB/Radeon,Notebook,15.6,IPS Panel Full HD 1920x1080,AMD A9-Series A9-9420 3GHz,6GB,256GB SSD,AMD Radeon 530,Windows 10,1.95kg,649.0,3,9,66
580,Lenovo,Thinkpad E570,Notebook,15.6,Full HD 1920x1080,Intel Core i5 7200U 2.5GHz,8GB,256GB SSD,Intel HD Graphics 620,Windows 10,2.3kg,830.0,1,4,81
581,Lenovo,V330-15IKB (i5-8250U/4GB/500GB/FHD/W10),Notebook,15.6,Full HD 1920x1080,Intel Core i5 8250U 1.6GHz,4GB,500GB HDD,Intel HD Graphics 620,Windows 10,2.05kg,685.0,4,5,92
582,Mediacom,SmartBook 141,Notebook,14.0,Full HD 1920x1080,Intel Atom x5-Z8350 1.44GHz,4GB,32GB SSD,Intel HD Graphics,Windows 10,1.4kg,249.0,0,9,76
583,Toshiba,Tecra X40-D-10H,Ultrabook,14.0,Full HD / Touchscreen 1920x1080,Intel Core i7 7500U 2.7GHz,16GB,512GB SSD,Intel HD Graphics 620,Windows 10,1.24kg,1865.0,2,4,83
584,Lenovo,IdeaPad Y910-17ISK,Gaming,17.3,IPS Panel Full HD 1920x1080,Intel Core i7 6820HK 2.7GHz,32GB,256GB SSD +  1TB HDD,Nvidia GeForce GTX 1070,Windows 10,4.6kg,2663.0,0,9,93
585,MSI,GT73VR Titan,Gaming,17.3,Full HD 1920x1080,Intel Core i7 7820HK 2.9GHz,16GB,512GB SSD +  1TB HDD,Nvidia GeForce GTX 1070,Windows 10,4.14kg,2729.0,2,5,87
586,Dell,Inspiron 3567,Notebook,15.6,Full HD 1920x1080,Intel Core i7 7500U 2.7GHz,8GB,256GB SSD,AMD Radeon R5 M430,Linux,2.2kg,749.01,3,6,100
587,Mediacom,SmartBook Edge,Notebook,14.0,IPS Panel Full HD 1920x1080,Intel Celeron Quad Core N3450 1.1GHz,4GB,32GB SSD,Intel HD Graphics 500,Windows 10,1.45kg,389.0,1,5,98
588,Dell,Latitude 5580,Notebook,15.6,1366x768,Intel Core i5 7300U 2.6GHz,8GB,500GB HDD,Intel HD Graphics 620,Windows 10,1.9kg,1008.52,0,5,81
589,HP,ProBook 430,Notebook,13.3,Full HD 1920x1080,Intel Core i3 7100U 2.4GHz,4GB,128GB SSD,Intel HD Graphics 620,Windows 10,1.49kg,719.0,5,9,76
590,Dell,Latitude 5580,Notebook,15.6,Full HD 1920x1080,Intel Core i7 7600U 2.8GHz,16GB,256GB SSD,Nvidia GeForce 930MX,Windows 10,1.93kg,1537.39,4,10,93
591,Dell,Chromebook 11,Netbook,11.6,1366x768,Intel Celeron Dual Core N3060 1.6GHz,4GB,16GB Flash Storage,Intel HD Graphics 400,Chrome OS,1.26kg,295.0,3,8,65
592,MSI,GT80S 6QE,Gaming,17.3,Full HD 1920x1080,Intel Core i7 6820HK 2.7GHz,16GB,128GB SSD +  1TB HDD,Nvidia GeForce GTX 980M,Windows 10,4.5kg,2349.0,0,7,65
593,HP,Omen 17-AN010nv,Gaming,17.3,IPS Panel Full HD 1920x1080,Intel Core i7 7700HQ 2.8GHz,16GB,256GB SSD +  1TB HDD,Nvidia GeForce GTX 1050,Windows 10,3.78kg,1498.0,4,7,93
594,Lenovo,Thinkpad T460s,Ultrabook,14.0,IPS Panel Full HD 1920x1080,Intel Core i7 6600U 2.6GHz,12GB,256GB SSD,Intel HD Graphics 520,Windows 10,1.4kg,1673.0,0,6,60
595,Lenovo,Ideapad 320-15IKBR,Notebook,15.6,Touchscreen 1366x768,Intel Core i7 8550U 1.8GHz,12GB,1TB HDD,Intel HD Graphics 620,Windows 10,2.2kg,609.0,2,6,69
596,Asus,ROG Strix,Gaming,17.3,IPS Panel Full HD 1920x1080,Intel Core i5 7300HQ 2.5GHz,8GB,128GB SSD +  1TB HDD,Nvidia GeForce GTX 1060,Windows 10,2.73kg,1770.0,0,7,80
597,Asus,TP501UA-CJ131T (i5-7200U/8GB/1TB/W10),2 in 1 Convertible,15.6,Touchscreen 1366x768,Intel Core i5 7200U 2.5GHz,8GB,1TB HDD,Intel HD Graphics 520,Windows 10,2.2kg,739.0,5,8,64
598,Lenovo,IdeaPad 320-15ABR,Notebook,15.6,Full HD 1920x1080,AMD A12-Series 9720P 3.6GHz,12GB,512GB SSD,AMD Radeon 530,Windows 10,2.2kg,949.0,0,7,61
599,Dell,Inspiron 3179,2 in 1 Convertible,11.6,Touchscreen 1366x768,Intel Core M 7Y30 1.0GHz,4GB,128GB SSD,Intel HD Graphics 615,Windows 10,1.39kg,603.0,0,10,81
600,Samsung,Notebook Odyssey,Notebook,15.6,Full HD 1920x1080,Intel Core i7 7700HQ 2.8GHz,16GB,128GB SSD +  1TB HDD,Nvidia GeForce GTX 1050,Windows 10,2.5kg,1699.0,5,8,61
601,Lenovo,V320-17ISK (i3-6006U/4GB/500GB/FHD/No,Notebook,17.3,Full HD 1920x1080,Intel Core i3 6006U 2GHz,4GB,500GB HDD,Intel HD Graphics 520,No OS,2.8kg,529.0,3,6,69
602,Lenovo,IdeaPad 110-15ISK,Notebook,15.6,1366x768,Intel Core i3 6100U 2.3GHz,8GB,1TB HDD,Intel HD Graphics 520,Windows 10,2.29kg,459.0,0,4,93
603,Lenovo,ThinkPad Yoga,2 in 1 Convertible,13.3,IPS Panel Full HD / Touchscreen 1920x1080,Intel Core i7 7500U 2.7GHz,8GB,512GB SSD,Intel HD Graphics 620,Windows 10,1.37kg,2025.0,5,9,75
604,Lenovo,Thinkpad T470p,Notebook,14.0,IPS Panel Full HD 1920x1080,Intel Core i5 7300HQ 2.5GHz,8GB,256GB SSD,Intel HD Graphics 630,Windows 10,1.7kg,1474.0,4,10,98
605,Dell,Latitude 5289,2 in 1 Convertible,12.5,Full HD / Touchscreen 1920x1080,Intel Core i5 7200U 2.5GHz,8GB,256GB SSD,Intel HD Graphics 620,Windows 10,1.34kg,1670.0,2,10,81
606,Dell,Precision 3520,Workstation,15.6,Full HD / Touchscreen 1920x1080,Intel Core i7 7700HQ 2.8GHz,8GB,256GB SSD,Nvidia Quadro M620,Windows 10,2.06kg,1763.0,2,6,71
607,HP,EliteBook 850,Notebook,15.6,Full HD 1920x1080,Intel Core i7 7500U 2.7GHz,8GB,256GB SSD,Intel HD Graphics 620,Windows 10,1.84kg,1219.0,0,6,83
608,HP,ProBook 450,Notebook,15.6,1366x768,Intel Core i3 7100U 2.4GHz,4GB,500GB HDD,Intel HD Graphics 620,Windows 10,2.1kg,668.48,3,5,99
609,Acer,Aspire 1,Notebook,14.0,Full HD 1920x1080,Intel Celeron Quad Core N3450 1.1GHz,4GB,32GB Flash Storage,Intel HD Graphics 500,Windows 10,1.6kg,329.0,3,10,97
610,MSI,Laptop MSI,Gaming,17.3,Full HD 1920x1080,Intel Core i7 6820HK 2.7GHz,16GB,128GB SSD +  1TB HDD,Nvidia GeForce GTX 970M,Windows 10,4.14kg,2199.0,4,5,69
611,Dell,Vostro 3568,Notebook,15.6,1366x768,Intel Core i3 6006U 2GHz,4GB,1TB HDD,AMD Radeon R5 M420,Linux,2.18kg,465.0,0,5,94
612,MSI,GS63VR 7RF,Gaming,15.6,4K Ultra HD 3840x2160,Intel Core i7 7700HQ 2.8GHz,16GB,256GB SSD +  2TB HDD,Nvidia GeForce GTX 1060,Windows 10,1.8kg,2299.0,2,9,91
613,Toshiba,Tecra Z50-C-144,Notebook,15.6,IPS Panel Full HD 1920x1080,Intel Core i7 6500U 2.5GHz,8GB,256GB SSD,Intel HD Graphics 520,Windows 10,2.2kg,1399.0,3,5,66
614,Lenovo,IdeaPad 310-15IKB,Notebook,15.6,Full HD 1920x1080,Intel Core i5 7200U 2.5GHz,6GB,1TB HDD,Intel HD Graphics 620,Windows 10,2.4kg,564.0,0,8,80
615,Lenovo,Yoga 720-15IKB,2 in 1 Convertible,15.6,IPS Panel Full HD / Touchscreen 1920x1080,Intel Core i7 7700HQ 2.8GHz,8GB,256GB SSD,Intel HD Graphics 630,Windows 10,2kg,1299.0,3,7,79
616,Acer,Swift SF114-31-P5HY,Notebook,14.0,1366x768,Intel Pentium Quad Core N3710 1.6GHz,4GB,128GB Flash Storage,Intel HD Graphics 405,Windows 10,1.6kg,349.0,5,4,85
617,Lenovo,Thinkpad P51,Notebook,15.6,IPS Panel 4K Ultra HD 3840x2160,Intel Xeon E3-1535M v6 3.1GHz,32GB,1TB SSD,Nvidia Quadro M2200M,Windows 10,2.5kg,4899.0,3,6,63
618,Dell,Inspiron 7559,Gaming,15.6,Full HD 1920x1080,Intel Core i7 6700HQ 2.6GHz,16GB,1TB HDD,Nvidia GeForce GTX 960<U+039C>,Windows 10,2.59kg,879.01,2,8,81
619,Dell,Vostro 3568,Notebook,15.6,1366x768,Intel Core i3 6006U 2.0GHz,4GB,1TB HDD,Intel HD Graphics 520,Linux,2.18kg,443.9,1,4,74
620,Dell,Inspiron 3567,Notebook,15.6,1366x768,Intel Core i3 6006U 2.0GHz,4GB,1TB HDD,Intel HD Graphics 520,Linux,2.25kg,359.0,4,10,99
621,Dell,Latitude 5580,Notebook,15.6,1366x768,Intel Core i5 7300U 2.6GHz,4GB,500GB HDD,Intel HD Graphics 620,Linux,1.93kg,869.0,4,10,80
622,Asus,FX753VD-GC007T (i7-7700HQ/8GB/1TB,Gaming,17.3,Full HD 1920x1080,Intel Core i7 7700HQ 2.8GHz,8GB,128GB SSD +  1TB HDD,Nvidia GeForce GTX 1050,Windows 10,3kg,1168.0,2,10,74
623,Dell,Vostro 3568,Notebook,15.6,Full HD 1920x1080,Intel Core i5 7200U 2.5GHz,4GB,128GB SSD,AMD Radeon R5 M420,Linux,2.18kg,569.0,3,8,81
624,HP,EliteBook 850,Ultrabook,15.6,Full HD 1920x1080,Intel Core i7 7500U 2.7GHz,8GB,512GB SSD,Intel HD Graphics 620,Windows 10,1.84kg,1389.0,0,8,87
625,MSI,GT62VR 7RE,Gaming,15.6,Full HD 1920x1080,Intel Core i7 7700HQ 2.8GHz,16GB,256GB SSD +  1TB HDD,Nvidia GeForce GTX 1070,Windows 10,2.94kg,2267.86,3,6,73
626,Acer,CB5-132T-C9KK (N3160/4GB/32GB/Chrome,2 in 1 Convertible,11.6,IPS Panel Touchscreen 1366x768,Intel Celeron Quad Core N3160 1.6GHz,4GB,32GB Flash Storage,Intel HD Graphics 400,Chrome OS,1.25kg,379.0,2,7,86
627,HP,ProBook 650,Notebook,14.0,1366x768,Intel Core i5 7300U 2.6GHz,8GB,256GB SSD,Intel HD Graphics 620,Windows 10,2.31kg,1124.0,4,5,100
628,Lenovo,ThinkPad T470,Notebook,14.0,Full HD 1920x1080,Intel Core i5 6200U 2.3GHz,8GB,256GB SSD,Intel HD Graphics 520,Windows 7,1.65kg,1465.0,3,10,99
629,Dell,Inspiron 5570,Notebook,15.6,Full HD 1920x1080,Intel Core i5 8250U 1.6GHz,4GB,1TB HDD,AMD Radeon 530,Windows 10,2.2kg,776.0,4,9,87
630,Fujitsu,LifeBook A557,Notebook,15.6,1366x768,Intel Core i5 7200U 2.5GHz,8GB,256GB SSD,Intel HD Graphics 620,Windows 10,2.2kg,799.0,0,7,85
631,HP,EliteBook 850,Notebook,15.6,1366x768,Intel Core i5 6200U 2.3GHz,4GB,500GB HDD,Intel HD Graphics 520,Windows 7,1.88kg,932.0,4,9,61
632,Lenovo,IdeaPad 320-15IKB,Notebook,15.6,Full HD 1920x1080,Intel Core i7 7500U 2.7GHz,8GB,1TB HDD,Nvidia GeForce 920MX,Windows 10,2.2kg,899.0,4,6,84
633,Mediacom,SmartBook 140,Notebook,14.0,Full HD 1920x1080,Intel Atom x5-Z8350 1.44GHz,2GB,32GB Flash Storage,Intel HD Graphics,Windows 10,1.4kg,239.0,1,6,62
634,Lenovo,IdeaPad 320-15IKBN,Notebook,15.6,Full HD 1920x1080,Intel Core i5 7200U 2.5GHz,4GB,128GB SSD,Intel HD Graphics 620,No OS,2.2kg,468.0,1,6,67
635,Asus,Q304UA-BHI5T11 (i5-7200U/6GB/1TB/FHD/W10),2 in 1 Convertible,13.3,Full HD / Touchscreen 1920x1080,Intel Core i5 7200U 2.5GHz,6GB,1TB HDD,Intel HD Graphics 620,Windows 10,1.5kg,639.01,5,4,92
636,Dell,XPS 15,Notebook,15.6,Full HD 1920x1080,Intel Core i7 7700HQ 2.8GHz,8GB,256GB SSD,Nvidia GeForce GTX 1050,Windows 10,2kg,1820.0,1,9,94
637,Asus,ZenBook 3,Ultrabook,14.0,Full HD 1920x1080,Intel Core i7 7500U 2.7GHz,16GB,512GB SSD,Intel HD Graphics 620,Windows 10,1.1kg,1900.0,4,7,65
639,Dell,Inspiron 7567,Gaming,15.6,Full HD 1920x1080,Intel Core i7 7700HQ 2.8GHz,16GB,256GB SSD +  1TB HDD,Nvidia GeForce GTX 1050 Ti,Windows 10,2.62kg,1479.0,2,7,98
640,Lenovo,V330-15IKB (i5-8250U/4GB/256GB/FHD/W10),Notebook,15.6,Full HD 1920x1080,Intel Core i5 8250U 1.6GHz,4GB,256GB SSD,Intel UHD Graphics 620,Windows 10,1.8kg,829.0,4,8,82
641,Lenovo,Ideapad 320-15ISK,Notebook,15.6,Full HD 1920x1080,Intel Core i3 6006U 2GHz,4GB,1TB HDD,Nvidia GeForce 920MX ,Windows 10,2.2kg,579.0,2,8,84
642,Asus,X541NA-GO414T (N3350/8GB/1TB/W10),Notebook,15.6,1366x768,Intel Celeron Dual Core N3350 1.1GHz,8GB,1TB HDD,Intel HD Graphics 500,Windows 10,2kg,399.0,2,10,78
643,Asus,VivoBook Pro,Notebook,15.6,Full HD 1920x1080,Intel Core i5 7300HQ 2.5GHz,8GB,1TB HDD,Nvidia GeForce GTX 1050,Windows 10,1.99kg,906.62,1,8,64
644,Dell,XPS 13,Ultrabook,13.3,Quad HD+ / Touchscreen 3200x1800,Intel Core i5 8250U 1.6GHz,8GB,256GB SSD,Intel UHD Graphics 620,Windows 10,1.23kg,1869.0,3,6,70
645,Lenovo,IdeaPad 100S-14IBR,Notebook,14.0,1366x768,Intel Celeron Dual Core N3060 1.6GHz,2GB,32GB Flash Storage,Intel HD Graphics 400,Windows 10,1.42kg,249.0,0,7,71
646,Lenovo,Thinkpad Yoga,2 in 1 Convertible,13.3,IPS Panel Full HD / Touchscreen 1920x1080,Intel Core i7 7500U 2.7GHz,8GB,256GB SSD,Intel HD Graphics 620,Windows 10,1.37kg,1757.42,1,9,69
647,Dell,XPS 15,Notebook,15.6,4K Ultra HD / Touchscreen 3840x2160,Intel Core i7 7700HQ 2.8GHz,16GB,1TB SSD,Nvidia GeForce GTX 1050,Windows 10,2.06kg,2399.0,1,6,67
648,Lenovo,Legion Y520-15IKBN,Gaming,15.6,IPS Panel Full HD 1920x1080,Intel Core i7 7700HQ 2.8GHz,8GB,128GB SSD +  1TB HDD,Nvidia GeForce GTX 1050M,Windows 10,2.5kg,1109.0,3,4,83
649,HP,17-AK091ND (A9-9420/8GB/1TB/W10),Notebook,17.0,1600x900,AMD A9-Series 9420 3GHz,8GB,1TB HDD,AMD Radeon R5,Windows 10,2.6kg,520.9,0,8,87
650,Lenovo,ThinkPad X1,Ultrabook,14.0,IPS Panel Full HD 1920x1080,Intel Core i7 7500U 2.7GHz,16GB,512GB SSD,Intel HD Graphics 620,Windows 10,1.14kg,2450.0,4,6,100
651,Asus,ROG GL553VE-FY022,Gaming,15.6,IPS Panel Full HD 1920x1080,Intel Core i7 7700HQ 2.8GHz,8GB,1TB HDD,Nvidia GeForce GTX 1050 Ti,No OS,2.5kg,1169.0,5,6,95
652,Acer,Extensa EX2540,Notebook,15.6,1366x768,Intel Core i3 6006U 2GHz,4GB,500GB HDD,Intel HD Graphics 520,Windows 10,2.4kg,450.0,5,4,96
653,Lenovo,IdeaPad 100S-14IBR,Notebook,14.0,1366x768,Intel Celeron Dual Core N3060 1.6GHz,4GB,32GB Flash Storage,Intel HD Graphics,Windows 10,1.43kg,274.0,4,5,80
654,Acer,Swift 3,Ultrabook,14.0,IPS Panel Full HD 1920x1080,Intel Core i5 7200U 2.5GHz,8GB,256GB SSD,Intel Graphics 620,Windows 10,1.8kg,919.0,1,7,67
655,Razer,Blade Pro,Gaming,14.0,Full HD 1920x1080,Intel Core i7 7700HQ 2.8GHz,16GB,256GB SSD,Nvidia GeForce GTX 1060,Windows 10,1.95kg,2599.0,0,9,68
656,Toshiba,Portege Z30-C-16J,Notebook,13.3,Full HD 1920x1080,Intel Core i5 6200U 2.3GHz,8GB,256GB SSD,Intel HD Graphics 520,Windows 10,1.2kg,1213.0,1,10,74
657,Lenovo,Thinkpad X270,Ultrabook,12.5,IPS Panel Full HD 1920x1080,Intel Core i7 7500U 2.7GHz,8GB,256GB SSD,Intel HD Graphics 620,Windows 10,1.36kg,1584.0,2,5,99
658,Asus,ROG G701VI,Gaming,17.3,IPS Panel Full HD 1920x1080,Intel Core i7 6820HK 2.7GHz,32GB,512GB SSD,Nvidia GeForce GTX 1080,Windows 10,3.8kg,2799.0,1,8,77
659,Acer,A715-71G-59DH (i5-7300HQ/8GB/1TB/GeForce,Gaming,15.6,Full HD 1920x1080,Intel Core i5 7300HQ 2.5GHz,8GB,1TB HDD,Nvidia GeForce GTX 1050,Linux,2.4kg,709.0,1,6,79
660,Dell,XPS 13,Ultrabook,13.3,Full HD 1920x1080,Intel Core i5 8250U 1.6GHz,8GB,256GB SSD,Intel UHD Graphics 620,Windows 10,1.2kg,1449.9,4,4,65
661,MSI,GL62M 7REX,Gaming,15.6,Full HD 1920x1080,Intel Core i7 7700HQ 2.8GHz,8GB,128GB SSD +  1TB HDD,Nvidia GeForce GTX 1050 Ti,Windows 10,2.2kg,1191.8,4,4,71
662,HP,250 G6,Notebook,15.6,1366x768,Intel Core i3 6006U 2GHz,4GB,500GB HDD,Intel HD Graphics 520,No OS,1.86kg,364.9,4,7,61
663,Toshiba,Tecra A50-D-11M,Notebook,15.6,IPS Panel Full HD 1920x1080,Intel Core i5 7200U 2.5GHz,8GB,500GB HDD,Intel HD Graphics 620,Windows 10,2.0kg,1064.0,5,5,66
664,Dell,Inspiron 5570,Notebook,15.6,Full HD 1920x1080,Intel Core i7 8550U 1.8GHz,8GB,256GB SSD,AMD Radeon 530,Windows 10,2.2kg,919.0,2,10,75
665,Dell,Inspiron 5570,Notebook,15.6,Full HD 1920x1080,Intel Core i7 8550U 1.8GHz,16GB,256GB SSD +  2TB HDD,AMD Radeon 530,Windows 10,2.2kg,1135.0,4,7,62
666,Lenovo,IdeaPad Y700-15ISK,Gaming,15.6,IPS Panel Full HD 1920x1080,Intel Core i7 6700HQ 2.6GHz,8GB,128GB SSD +  1TB HDD,Nvidia GeForce GTX 960,Windows 10,3.31kg,1196.0,0,6,62
667,Dell,Alienware 17,Gaming,17.3,IPS Panel 4K Ultra HD 3840x2160,Intel Core i7 7700HQ 2.8GHz,32GB,512GB SSD +  1TB HDD,Nvidia GeForce GTX 1070,Windows 10,4.42kg,3147.37,5,7,86
668,Dell,Latitude E7470,Notebook,14.0,Full HD 1920x1080,Intel Core i5 6300U 2.4GHz,8GB,256GB SSD,Intel HD Graphics 520,Windows 10,1.56kg,1229.0,3,9,99
669,Lenovo,Ideapad 320-15IAP,Notebook,15.6,1366x768,Intel Celeron Dual Core N3350 1.1GHz,4GB,500GB HDD,Intel HD Graphics 500,Windows 10,2.2kg,419.0,0,4,97
670,Lenovo,IdeaPad 320-15ISK,Notebook,15.6,Full HD 1920x1080,Intel Core i5 6200U 2.3GHz,4GB,500GB HDD,Intel HD Graphics 520,Windows 10,2.2kg,535.0,0,4,92
671,HP,15-ay047nv (i3-6006U/6GB/1TB/Radeon,Notebook,15.6,1920x1080,Intel Core i3 6006U 2GHz,6GB,1TB HDD,AMD Radeon R5 M430,Windows 10,2.04kg,539.0,4,8,87
672,MSI,GP72VR Leopard,Gaming,17.3,Full HD 1920x1080,Intel Core i7 7700HQ 2.8GHz,8GB,128GB SSD +  1TB HDD,Nvidia GeForce GTX 1060,Windows 10,2.7kg,1486.77,3,8,60
673,Toshiba,Satellite Pro,Notebook,15.6,1366x768,Intel Core i3 6100U 2.1GHz,4GB,128GB SSD,Intel HD Graphics 520,Windows 10,2.1kg,498.0,3,10,67
674,Dell,Latitude 3580,Notebook,15.6,Full HD 1920x1080,Intel Core i5 7200U 2.5GHz,8GB,1TB HDD,Intel HD Graphics 620,Windows 10,2.06kg,955.0,5,6,96
675,HP,15-bs012nv (i7-7500U/8GB/1TB/Radeon,Notebook,15.6,Full HD 1920x1080,Intel Core i7 7500U 2.7GHz,8GB,1TB HDD,AMD Radeon 530,Windows 10,2.1kg,745.0,3,9,91
676,Toshiba,Tecra Z50-D-10E,Notebook,15.6,IPS Panel Full HD 1920x1080,Intel Core i5 7200U 2.5GHz,8GB,256GB SSD,Intel HD Graphics 620,Windows 10,2.0kg,1258.0,2,5,96
677,Acer,Aspire 3,Notebook,15.6,1366x768,Intel Core i3 6006U 2GHz,4GB,128GB SSD,Intel HD Graphics 520,Linux,2.1kg,412.0,4,7,63
678,Microsoft,Surface Laptop,Ultrabook,13.5,Touchscreen 2256x1504,Intel Core i7 7600U 2.8GHz,8GB,256GB SSD,Intel Iris Plus Graphics 640,Windows 10 S,1.252kg,1867.85,3,10,89
679,Lenovo,V310-15ISK (i5-7200U/8GB/1TB,Notebook,15.6,Full HD 1920x1080,Intel Core i5 7200U 2.5GHz,8GB,128GB SSD +  1TB HDD,AMD Radeon R5 M430,Windows 10,1.90kg,817.95,5,6,65
680,Lenovo,Yoga 720-13IKB,2 in 1 Convertible,13.3,IPS Panel Full HD / Touchscreen 1920x1080,Intel Core i5 7200U 2.5GHz,8GB,256GB SSD,Intel HD Graphics 620,Windows 10,1.3kg,1034.0,2,8,78
681,Lenovo,IdeaPad 320-15AST,Notebook,15.6,1366x768,AMD E-Series E2-9000 2.2GHz,4GB,128GB SSD,AMD Radeon R2 Graphics,Windows 10,2.2kg,349.0,1,7,91
682,HP,Pavilion X360,2 in 1 Convertible,14.0,IPS Panel Full HD / Touchscreen 1920x1080,Intel Core i3 7100U 2.4GHz,4GB,128GB SSD,Nvidia GeForce 940MX,Windows 10,1.63kg,699.0,1,8,68
683,MSI,GP62 7RDX,Gaming,15.6,Full HD 1920x1080,Intel Core i7 7700HQ 2.8GHz,16GB,256GB SSD +  1TB HDD,Nvidia GeForce GTX 1050,Windows 10,2.4kg,1294.0,2,7,71
684,Asus,Zenbook 3,Ultrabook,14.0,Full HD 1920x1080,Intel Core i5 7200U 2.5GHz,8GB,256GB SSD,Intel HD Graphics 620,Windows 10,1.1kg,1135.0,5,5,70
685,HP,Chromebook X360,2 in 1 Convertible,11.6,Touchscreen 1366x768,Intel Celeron Dual Core N3350 1.1GHz,8GB,64GB Flash Storage,Intel HD Graphics 500,Chrome OS,1.4kg,495.0,2,6,75
686,LG,Gram 15Z975,Ultrabook,15.6,IPS Panel Full HD 1920x1080,Intel Core i7 8550U 1.8GHz,8GB,512GB SSD,Intel HD Graphics 620,Windows 10,1.09kg,2299.0,4,7,60
687,Acer,Aspire VX5-591G,Gaming,15.6,Full HD 1920x1080,Intel Core i5 7300HQ 2.5GHz,16GB,256GB SSD,Nvidia GeForce GTX 1050 Ti,Windows 10,2.5kg,1299.0,4,9,80
688,MSI,GV62M 7RD,Gaming,15.6,Full HD 1920x1080,Intel Core i5 7300HQ 2.5GHz,8GB,256GB SSD,Nvidia GeForce GTX 1050,Windows 10,2.2kg,997.9,1,10,89
689,Asus,L502NA-GO052T (N3350/4GB/128GB/W10),Notebook,15.6,1366x768,Intel Celeron Dual Core N3350 1.1GHz,4GB,128GB SSD,Intel HD Graphics 500,Windows 10,1.86kg,419.0,3,4,72
690,Dell,Alienware 15,Gaming,15.6,Full HD 1920x1080,Intel Core i5 7300HQ 2.5GHz,16GB,128GB SSD +  1TB HDD,Nvidia GeForce GTX 1060,Windows 10,3.21kg,2051.0,5,9,93
691,HP,17-bs000nv I3,Notebook,17.3,IPS Panel Full HD 1920x1080,Intel Core i3 6006U 2GHz,4GB,256GB SSD,AMD Radeon R5 520,Windows 10,2.5kg,699.0,1,9,63
692,Lenovo,Yoga 730,2 in 1 Convertible,13.3,IPS Panel Full HD / Touchscreen 1920x1080,Intel Core i7 8550U 1.8GHz,8GB,512GB SSD,Intel UHD Graphics 620,Windows 10,1.19kg,1499.0,3,10,87
693,Dell,Alienware 15,Gaming,15.6,Full HD 1920x1080,Intel Core i7 7820HK 2.9GHz,16GB,256GB SSD +  1TB HDD,Nvidia GeForce GTX 1070,Windows 10,3.49kg,2813.75,3,4,97
694,HP,250 G6,Notebook,15.6,1366x768,Intel Core i5 7200U 2.5GHz,4GB,500GB HDD,AMD Radeon 520,Windows 10,1.86kg,612.61,4,9,90
695,Dell,Inspiron 3567,Notebook,15.6,1366x768,Intel Core i3 6006U 2GHz,4GB,1TB HDD,AMD Radeon R5 M430,Windows 10,2.2kg,545.67,0,7,86
696,HP,17-Y002nv (A10-9600P/6GB/2TB/Radeon,Notebook,17.3,IPS Panel Full HD 1920x1080,AMD A10-Series 9600P 2.4GHz,6GB,2TB HDD,AMD Radeon R7 M440,Windows 10,2.65kg,569.0,0,7,64
697,Lenovo,V110-15ISK (3855U/4GB/500GB/W10),Notebook,15.6,1366x768,Intel Celeron Dual Core 3855U 1.6GHz,4GB,500GB HDD,Intel HD Graphics 510,Windows 10,2.1kg,318.0,2,7,84
698,Acer,Chromebook 14,Notebook,14.0,1366x768,Intel Celeron Dual Core 3855U 1.6GHz,4GB,32GB Flash Storage,Intel HD Graphics 510,Chrome OS,1.45kg,375.0,4,4,62
699,Lenovo,IdeaPad 520s-14IKB,Notebook,14.0,Full HD 1920x1080,Intel Core i5 7200U 2.5GHz,4GB,256GB SSD,Intel HD Graphics 620,Windows 10,1.7kg,699.0,3,9,92
700,HP,ZBook 17,Workstation,17.3,Full HD 1920x1080,Intel Core i7 7700HQ 2.8GHz,8GB,500GB HDD,Nvidia Quadro M1200,Windows 10,3.14kg,1907.99,5,4,63
701,Lenovo,ThinkPad X1,2 in 1 Convertible,14.0,Touchscreen 2560x1440,Intel Core i7 7500U 2.7GHz,8GB,256GB SSD,Intel HD Graphics 620,Windows 10,1.42kg,2590.0,0,7,84
702,Toshiba,Satellite Pro,Notebook,13.3,IPS Panel Full HD 1920x1080,Intel Core i5 7200U 2.5GHz,8GB,256GB SSD,Intel HD Graphics 620,Windows 10,1.5kg,973.0,3,10,79
703,Acer,TravelMate B117-M,Netbook,11.6,1366x768,Intel Celeron Dual Core N3050 1.6GHz,4GB,32GB Flash Storage,Intel HD Graphics,Windows 10,1.4kg,269.0,0,9,93
704,Lenovo,Yoga 910-13IKB,2 in 1 Convertible,14.0,Full HD / Touchscreen 1920x1080,Intel Core i7 7500U 2.7GHz,16GB,512GB SSD,Intel HD Graphics 620,Windows 10,1.38kg,1749.0,0,9,85
705,Asus,Chromebook Flip,2 in 1 Convertible,12.5,Full HD / Touchscreen 1920x1080,Intel Core M M3-6Y30 0.9GHz,4GB,64GB Flash Storage,Intel HD Graphics 515,Chrome OS,1.2kg,669.0,0,8,64
706,Toshiba,Portege Z30T-C-133,Ultrabook,13.3,Full HD / Touchscreen 1920x1080,Intel Core i7 6500U 2.5GHz,16GB,512GB SSD,Intel HD Graphics 520,Windows 10,1.36kg,1877.0,5,8,94
707,HP,15-bs011nv (i7-7500U/4GB/500GB/Radeon,Notebook,15.6,IPS Panel Full HD 1920x1080,Intel Core i7 7500U 2.7GHz,4GB,500GB HDD,AMD Radeon 530,Windows 10,2.1kg,689.0,4,5,87
708,Dell,Inspiron 5577,Gaming,15.6,Full HD 1920x1080,Intel Core i5 7300HQ 2.5GHz,8GB,1TB HDD,Nvidia GeForce GTX 1050,Windows 10,2.56kg,819.0,5,6,88
709,Lenovo,IdeaPad 320-15AST,Notebook,15.6,Full HD 1920x1080,AMD A9-Series 9420 2.9GHz,4GB,256GB SSD,AMD Radeon 530,Windows 10,2.2kg,399.0,1,8,68
710,Lenovo,IdeaPad 320-15ABR,Notebook,15.6,1366x768,AMD A12-Series 9720P 3.6GHz,8GB,1TB HDD,AMD Radeon R7,Windows 10,2.2kg,429.0,3,4,97
711,Lenovo,V310-15IKB (i5-7200U/4GB/1TB/FHD/W10),Notebook,15.6,Full HD 1920x1080,Intel Core i5 7200U 2.5GHz,4GB,1TB HDD +  1TB HDD,Intel HD Graphics 620,Windows 10,2.1kg,621.45,4,8,65
712,Lenovo,V310-15ISK (i3-6006U/4GB/500GB/No,Notebook,15.6,1366x768,Intel Core i3 6006U 2GHz,4GB,500GB HDD,Intel HD Graphics 520,No OS,1.90kg,450.0,4,5,78
713,Dell,Vostro 5568,Notebook,15.6,Full HD 1920x1080,Intel Core i5 7200U 2.5GHz,8GB,256GB SSD,Intel HD Graphics 620,Windows 10,2.18kg,795.0,4,9,70
714,Acer,Spin 5,2 in 1 Convertible,13.3,IPS Panel Full HD / Touchscreen 1920x1080,Intel Core i5 8250U 1.6GHz,8GB,256GB SSD,Intel UHD Graphics 620,Windows 10,1.6kg,999.0,4,5,61
715,Lenovo,ThinkPad P51s,Workstation,15.6,Full HD 1920x1080,Intel Core i7 6500U 2.5GHz,16GB,512GB SSD,Nvidia Quadro M520M,Windows 7,2.18kg,1855.0,5,9,68
716,Lenovo,Thinkpad T460p,Notebook,14.0,Full HD 1920x1080,Intel Core i5 6300HQ 2.3GHz,8GB,256GB SSD,Intel HD Graphics 520,Windows 10,1.8kg,1191.0,4,10,80
717,HP,17-ak002nv (A10-9620P/6GB/2TB/Radeon,Notebook,17.3,IPS Panel Full HD 1920x1080,AMD A10-Series 9620P 2.5GHz,6GB,2TB HDD,AMD Radeon 530,Windows 10,2.71kg,655.01,2,10,83
718,Lenovo,Legion Y520-15IKBN,Gaming,15.6,IPS Panel Full HD 1920x1080,Intel Core i7 7700HQ 2.8GHz,8GB,128GB SSD +  1TB HDD,Nvidia GeForce GTX 1050 Ti,Windows 10,2.5kg,1249.0,3,9,93
719,Dell,Latitude 5480,Notebook,14.0,Full HD 1920x1080,Intel Core i5 7440HQ 2.8GHz,8GB,256GB SSD,Nvidia GeForce 930MX,Linux,1.64kg,1089.0,4,6,81
720,Dell,Vostro 5568,Notebook,15.6,Full HD 1920x1080,Intel Core i5 7200U 2.5GHz,8GB,1TB HDD,Intel HD Graphics 620,Linux,1.98kg,726.0,3,8,62
721,Asus,VivoBook E403NA,Notebook,14.0,Full HD 1920x1080,Intel Celeron Dual Core N3350 1.1GHz,4GB,32GB Flash Storage,Intel HD Graphics 500,Windows 10,1.5kg,298.0,2,4,71
722,Dell,Latitude 5580,Notebook,15.6,Full HD 1920x1080,Intel Core i5 7300U 2.6GHz,16GB,512GB SSD,Intel HD Graphics 620,Windows 10,1.93kg,1426.66,2,4,87
723,Lenovo,Thinkpad E470,Notebook,14.0,IPS Panel Full HD 1920x1080,Intel Core i5 7200U 2.5GHz,8GB,256GB SSD,Nvidia GeForce 920MX,Windows 10,1.87kg,857.07,3,7,89
724,Dell,Latitude 5580,Notebook,15.6,Full HD 1920x1080,Intel Core i5 7300U 2.6GHz,8GB,256GB SSD,Intel HD Graphics 620,Windows 10,1.9kg,1179.0,0,9,85
725,Lenovo,110-15ACL (A6-7310/4GB/500GB/W10),Notebook,15.6,1366x768,AMD A6-Series 7310 2GHz,4GB,500GB HDD,AMD Radeon R4,Windows 10,2.19kg,298.0,1,4,80
726,Mediacom,Smartbook 142,Notebook,14.0,IPS Panel Full HD 1920x1200,Intel Atom Z8350 1.92GHz,4GB,32GB HDD,Intel HD Graphics 400,Windows 10,1.4kg,265.0,0,6,87
727,HP,ProBook 470,Notebook,17.3,Full HD 1920x1080,Intel Core i7 7500U 2.7GHz,8GB,256GB SSD,Nvidia GeForce 930MX,Windows 10,2.63kg,1200.0,0,9,85
728,Lenovo,ThinkPad X1,Ultrabook,14.0,IPS Panel Quad HD+ 2560x1440,Intel Core i7 6500U 2.5GHz,8GB,512GB SSD,Intel HD Graphics 520,Windows 10,1.17kg,1686.64,5,6,92
729,HP,Pavilion X360,2 in 1 Convertible,13.3,IPS Panel Touchscreen 1366x768,Intel Core i5 7200U 2.5GHz,8GB,256GB SSD,Intel HD Graphics 620,Windows 10,1.58kg,836.6,0,4,80
730,Lenovo,ThinkPad T470s,Ultrabook,14.0,IPS Panel Full HD 1920x1080,Intel Core i5 7200U 2.5GHz,8GB,256GB SSD,Intel HD Graphics 620,Windows 10,1.32kg,1499.0,4,4,94
731,Dell,Alienware 17,Gaming,17.3,4K Ultra HD 3840x2160,Intel Core i7 7700HQ 2.8GHz,32GB,1TB SSD +  1TB HDD,Nvidia GeForce GTX 1070,Windows 10,4.36kg,3659.4,5,7,93
732,MSI,GL72M 7REX,Gaming,17.3,Full HD 1920x1080,Intel Core i7 7700HQ 2.8GHz,8GB,128GB SSD +  1TB HDD,Nvidia GeForce GTX 1050 Ti,Windows 10,2.7kg,1348.48,5,4,100
733,Lenovo,V310-15IKB (i5-7200U/4GB/1TB/No,Notebook,15.6,1366x768,Intel Core i5 7200U 2.5GHz,4GB,1TB HDD,Intel HD Graphics 620,No OS,1.9kg,489.9,2,9,77
734,Dell,Inspiron 5570,Notebook,15.6,Full HD 1920x1080,Intel Core i5 8250U 1.6GHz,8GB,128GB SSD +  1TB HDD,AMD Radeon 530,Windows 10,2.2kg,719.0,0,10,70
735,Dell,Inspiron 5378,2 in 1 Convertible,13.3,Full HD / Touchscreen 1920x1080,Intel Core i3 7100U 2.4GHz,4GB,1TB HDD,Intel HD Graphics 620,Windows 10,1.71kg,649.0,2,9,82
736,Dell,Inspiron 5567,Notebook,15.6,1366x768,Intel Core i5 7200U 2.5GHz,8GB,1TB HDD,AMD Radeon R7 M445,Linux,2.32kg,589.52,3,9,81
737,HP,15-BW037na (A9-9420/4GB/1TB/Radeon,Notebook,15.6,Full HD 1920x1080,AMD A9-Series 9420 3GHz,4GB,1TB HDD,AMD Radeon 520,Windows 10,2.1kg,489.0,1,7,76
738,Acer,Predator 17,Gaming,17.3,IPS Panel Full HD 1920x1080,Intel Core i7 6700HQ 2.6GHz,16GB,128GB SSD +  1TB HDD,Nvidia GeForce GTX 1060,Windows 10,4.2kg,1935.0,5,7,64
739,Dell,Inspiron 3567,Notebook,15.6,1366x768,Intel Core i5 7200U 2.5GHz,12GB,1TB HDD,Intel HD Graphics 620,Windows 10,2.25kg,649.0,3,4,70
740,HP,15-BW091ND (A9-9420/6GB/1TB,Notebook,15.6,Full HD 1920x1080,AMD A9-Series A9-9420 3GHz,6GB,128GB SSD +  1TB HDD,AMD Radeon 520,Windows 10,2.1kg,650.0,3,5,89
741,Acer,Extensa EX2540-58KR,Notebook,15.6,1366x768,Intel Core i5 7200U 2.5GHz,4GB,500GB HDD,Intel HD Graphics 620,Windows 10,2.4kg,559.0,4,5,74
742,Lenovo,ThinkPad 13,Notebook,13.3,IPS Panel Full HD 1920x1080,Intel Core i5 7200U 2.5GHz,8GB,256GB SSD,Intel HD Graphics 620,Windows 10,1.44kg,960.0,1,7,86
743,Lenovo,V310-15IKB (i7-7500U/4GB/1TB/FHD/W10),Notebook,15.6,Full HD 1920x1080,Intel Core i7 7500U 2.7GHz,4GB,1TB HDD,Intel HD Graphics 620,Windows 10,1.85kg,779.0,3,4,94
744,HP,ZBook 15,Workstation,15.6,Full HD 1920x1080,Intel Core i7 7700HQ 2.8GHz,16GB,256GB SSD,Nvidia Quadro M2200,Windows 10,2.6kg,2419.0,3,5,92
745,Dell,Inspiron 5379,2 in 1 Convertible,13.3,Full HD / Touchscreen 1920x1080,Intel Core i5 8250U 1.6GHz,8GB,1TB HDD,Intel UHD Graphics 620,Windows 10,1.55kg,659.0,1,4,79
746,MSI,GS63VR 7RF,Gaming,15.6,Full HD 1920x1080,Intel Core i7 7700HQ 2.8GHz,16GB,256GB SSD +  1TB HDD,Nvidia GeForce GTX 1060,Windows 10,1.8kg,2094.48,1,4,75
747,Acer,Aspire ES1-572,Notebook,15.6,1366x768,Intel Core i3 6006U 2GHz,4GB,500GB HDD,Intel HD Graphics 520,Windows 10,2.4kg,410.8,3,4,93
748,Dell,Inspiron 7560,Notebook,15.6,Full HD 1920x1080,Intel Core i7 7500U 2.7GHz,8GB,128GB SSD +  1TB HDD,Nvidia GeForce 940MX,Windows 10,2.0kg,1207.0,1,8,61
749,Dell,Vostro 3568,Notebook,15.6,1366x768,Intel Core i3 6006U 2GHz,8GB,256GB SSD,Intel HD Graphics 520,Windows 10,2kg,665.0,3,9,94
750,Toshiba,Tecra X40-D-10G,Notebook,14.0,IPS Panel Full HD / Touchscreen 1920x1080,Intel Core i5 7200U 2.5GHz,8GB,256GB SSD,Intel HD Graphics 620,Windows 10,1.25kg,1535.0,3,4,99
751,Lenovo,Flex 5,2 in 1 Convertible,14.0,Full HD / Touchscreen 1920x1080,Intel Core i5 7200U 2.5GHz,8GB,256GB SSD,Intel HD Graphics 620,Windows 10,1.7kg,999.0,4,8,87
752,Lenovo,Thinkpad P51s,Workstation,15.6,IPS Panel 4K Ultra HD 3840x2160,Intel Core i7 7600U 2.8GHz,16GB,1TB SSD,Nvidia Quadro M520M,Windows 10,2.5kg,3299.0,0,7,98
753,Acer,Chromebook 14,Notebook,14.0,1366x768,Intel Celeron Dual Core N3060 1.6GHz,2GB,32GB Flash Storage,Intel HD Graphics 400,Chrome OS,1.68kg,330.0,3,5,65
754,Samsung,Notebook 9,Ultrabook,13.3,Full HD 1920x1080,Intel Core i7 7500U 2.7GHz,16GB,256GB SSD,Intel HD Graphics 620,Windows 10,0.81kg,1649.0,2,9,68
755,HP,250 G6,Notebook,15.6,Full HD 1920x1080,Intel Core i3 6006U 2GHz,8GB,256GB SSD,Intel HD Graphics 520,Windows 10,1.86kg,539.0,5,10,79
757,Dell,Latitude 5480,Notebook,14.0,1366x768,Intel Core i5 7200U 2.5GHz,8GB,256GB SSD,Intel HD Graphics 620,Windows 10,1.6kg,1126.71,0,5,60
758,HP,Zbook 17,Workstation,17.3,IPS Panel Full HD 1920x1080,Intel Xeon E3-1535M v5 2.9GHz,16GB,256GB SSD,Nvidia Quadro M2000M,Windows 7,3kg,4389.0,0,9,67
759,Lenovo,N23 (N3060/4GB/128GB/W10),Netbook,11.6,Touchscreen 1366x768,Intel Celeron Dual Core N3060 1.6GHz,4GB,128GB SSD,Intel HD Graphics 400,Windows 10,1.4kg,475.0,0,10,82
760,HP,EliteBook 850,Notebook,15.6,Full HD 1920x1080,Intel Core i5 6300U 2.4GHz,8GB,256GB SSD,Intel HD Graphics 520,Windows 10,1.84kg,1900.0,4,5,62
761,Asus,X550VX-XX015D (i5-6300HQ/4GB/1TB/GeForce,Notebook,15.6,1366x768,Intel Core i5 6300HQ 2.3GHz,4GB,1TB HDD,Nvidia GeForce GTX 950M,No OS,2.45kg,579.0,3,9,63
762,Lenovo,Thinkpad T460,Ultrabook,14.0,Full HD 1920x1080,Intel Core i5 6200U 2.3GHz,4GB,180GB SSD,Intel HD Graphics 520,Windows 10,1.7kg,1096.0,4,5,84
763,Asus,Pro P2540UA-XO0192R,Notebook,15.6,1366x768,Intel Core i7 7500U 2.7GHz,4GB,256GB SSD,Intel HD Graphics 620,Windows 10,2.37kg,849.9,3,5,97
764,Lenovo,Yoga 900-13ISK,2 in 1 Convertible,13.3,IPS Panel Quad HD+ / Touchscreen 3200x1800,Intel Core i5 6260U 1.8GHz,8GB,256GB SSD,Intel HD Graphics 540,Windows 10,1.3kg,1199.0,4,10,74
765,HP,15-cb003na (i5-7300HQ/8GB/1TB,Notebook,15.6,IPS Panel Full HD 1920x1080,Intel Core i5 7300HQ 2.5GHz,8GB,128GB SSD +  1TB HDD,Nvidia GeForce GTX 1050,Windows 10,2.2kg,1099.0,4,5,80
766,HP,ZBook 15,Workstation,15.6,Full HD 1920x1080,Intel Core i7 6700HQ 2.6GHz,8GB,256GB SSD,Nvidia Quadro M1000M,Windows 7,2.59kg,1561.0,5,5,94
767,Dell,Alienware 17,Gaming,15.6,IPS Panel 4K Ultra HD 3840x2160,Intel Core i7 7700HQ 2.8GHz,16GB,256GB SSD +  1TB HDD,Nvidia GeForce GTX 1070,Windows 10,4.42kg,2868.99,2,10,73
768,Acer,Aspire 3,Notebook,15.6,1366x768,Intel Core i5 7200U 2.5GHz,4GB,256GB SSD,Intel HD Graphics 620,Windows 10,2.1kg,599.0,4,7,95
769,Lenovo,Legion Y520-15IKBN,Gaming,15.6,IPS Panel Full HD 1920x1080,Intel Core i7 7700HQ 2.8GHz,8GB,128GB SSD +  1TB HDD,Nvidia GeForce GTX 1050,Windows 10,2.5kg,1048.0,5,4,71
770,Dell,Latitude 7280,Ultrabook,12.5,Full HD 1920x1080,Intel Core i7 7600U 2.8GHz,16GB,256GB SSD,Intel HD Graphics 620,Windows 10,1.18kg,1859.0,1,6,76
771,Google,Pixelbook (Core,Ultrabook,12.3,Touchscreen 2400x1600,Intel Core i5 7Y57 1.2GHz,8GB,256GB SSD,Intel HD Graphics 615,Chrome OS,1.1kg,1559.0,2,8,98
772,Asus,Zenbook UX330UA-AH5Q,Ultrabook,13.3,IPS Panel Quad HD+ 3200x1800,Intel Core i5 7200U 2.5GHz,8GB,256GB SSD,Intel HD Graphics 620,Windows 10,1.2kg,1129.0,4,6,68
773,Dell,Latitude 3380,Notebook,13.3,1366x768,Intel Core i3 6006U 2GHz,4GB,500GB HDD,Intel HD Graphics 520,Windows 10,1.65kg,849.0,0,6,94
774,Acer,TravelMate P238-M,Notebook,13.3,1366x768,Intel Core i5 6200U 2.3GHz,4GB,128GB SSD,Intel HD Graphics 520,Windows 10,1.6kg,655.0,1,9,72
775,Asus,X751NV-TY001 (N4200/4GB/1TB/GeForce,Notebook,17.3,1366x768,Intel Pentium Quad Core N4200 1.1GHz,4GB,1TB HDD,Nvidia GeForce 920MX,Windows 10,2.8kg,470.34,1,4,74
776,Dell,Inspiron 7559,Gaming,15.6,IPS Panel Touchscreen / 4K Ultra HD 3840x2160,Intel Core i7 6700HQ 2.6GHz,16GB,128GB SSD +  1TB HDD,Nvidia GeForce GTX 960M,Windows 10,2.72kg,1099.0,5,9,77
777,Samsung,Notebook 9,Ultrabook,13.3,Full HD / Touchscreen 1920x1080,Intel Core i7 7500U 2.7GHz,8GB,256GB SSD,Intel HD Graphics 620,Windows 10,1.31kg,1599.0,1,4,92
778,Acer,Aspire A315-31,Notebook,15.6,1366x768,Intel Pentium Quad Core N4200 1.1GHz,4GB,1TB HDD,Intel HD Graphics 505,Linux,2.1kg,298.0,2,10,65
779,Dell,Inspiron 5567,Notebook,15.6,Full HD 1920x1080,Intel Core i7 7500U 2.7GHz,16GB,256GB SSD,AMD Radeon R7 M445,Windows 10,2.3kg,1181.27,4,10,86
780,Samsung,Notebook 9,2 in 1 Convertible,15.0,Full HD / Touchscreen 1920x1080,Intel Core i7 7500U 2.7GHz,16GB,256GB SSD,AMD Radeon 540,Windows 10,1.71kg,1799.0,4,4,82
781,Toshiba,Tecra A40-C-1E5,Notebook,14.0,IPS Panel 1366x768,Intel Core i5 6200U 2.3GHz,4GB,128GB SSD,Intel HD Graphics 520,Windows 10,1.75kg,1020.0,0,5,86
782,Dell,Inspiron 7567,Gaming,15.6,Full HD 1920x1080,Intel Core i7 7700HQ 2.8GHz,8GB,1TB HDD,Nvidia GeForce GTX 1050,Windows 10,2.62kg,1099.0,5,7,93
783,HP,EliteBook 820,Ultrabook,12.5,1366x768,Intel Core i5 6200U 2.3GHz,4GB,256GB SSD,Intel HD Graphics 520,Windows 10,1.26kg,1244.0,0,5,97
784,Asus,Q524UQ-BHI7T15 (i7-7500U/12GB/2TB/GeForce,2 in 1 Convertible,15.6,Full HD / Touchscreen 1920x1080,Intel Core i7 7500U 2.7GHz,12GB,2TB HDD,Nvidia GeForce 940MX,Windows 10,2.3kg,839.0,1,7,73
785,Lenovo,Thinkpad P50,Notebook,15.6,4K Ultra HD 3840x2160,Intel Core i7 6820HQ 2.7GHz,16GB,512GB SSD,Nvidia Quadro M2000M,Windows 7,2.5kg,2370.0,0,9,95
786,Acer,Swift 3,Notebook,14.0,IPS Panel Full HD 1920x1080,Intel Core i3 7100U 2.4GHz,4GB,128GB SSD,Intel HD Graphics 620,Windows 10,1.8kg,636.0,2,7,67
787,Razer,Blade Pro,Gaming,14.0,Full HD 1920x1080,Intel Core i7 7700HQ 2.8GHz,16GB,512GB SSD,Nvidia GeForce GTX 1060,Windows 10,1.95kg,2899.0,4,9,94
788,Asus,Vivobook Max,Notebook,15.6,1920x1080,Intel Pentium Dual Core N4200 1.1GHz,8GB,128GB SSD,Intel HD Graphics 505,Windows 10,2kg,581.9,1,10,78
789,Dell,Alienware 17,Gaming,17.3,IPS Panel Full HD 1920x1080,Intel Core i7 7700HQ 2.8GHz,32GB,1TB SSD +  1TB HDD,Nvidia GeForce GTX 1070M,Windows 10,4.42kg,3588.8,0,6,89
790,Asus,Rog G752VS-BA171T,Gaming,17.3,IPS Panel Full HD 1920x1080,Intel Core i7 6700HQ 2.6GHz,16GB,256GB SSD +  1TB HDD,Nvidia GeForce GTX 1070,Windows 10,4.3kg,2350.0,5,10,73
791,Toshiba,Tecra Z40-C-161,Ultrabook,14.0,IPS Panel Full HD 1920x1080,Intel Core i7 6600U 2.6GHz,16GB,512GB SSD,Nvidia GeForce 930M,Windows 10,1.47kg,1764.0,2,10,79
792,Lenovo,IdeaPad 110-15IBR,Notebook,15.6,1366x768,Intel Celeron Quad Core N3710 1.6GHz,8GB,1TB HDD,Intel HD Graphics 405,No OS,2.2kg,329.0,2,6,84
793,Lenovo,ThinkPad T470s,Ultrabook,14.0,Full HD 1920x1080,Intel Core i7 7500U 2.7GHz,16GB,512GB SSD,Intel HD Graphics 620,Windows 10,1.7kg,2299.0,0,7,99
794,MSI,GS43VR 7RE,Gaming,14.0,IPS Panel Full HD 1920x1080,Intel Core i7 7700HQ 2.8GHz,16GB,256GB SSD +  1TB HDD,Nvidia GeForce GTX 1060,Windows 10,1.6kg,1891.0,4,7,83
795,MSI,GL62M (i5-7300HQ/8GB/1TB,Gaming,15.6,Full HD 1920x1080,Intel Core i5 7300HQ 2.5GHz,8GB,128GB SSD +  1TB HDD,Nvidia GeForce GTX 1050,Windows 10,2.2kg,1089.0,0,9,73
796,Lenovo,Legion Y520-15IKBN,Gaming,15.6,IPS Panel Full HD 1920x1080,Intel Core i7 7700HQ 2.8GHz,4GB,1TB HDD,Nvidia GeForce GTX 1050,Windows 10,2.4kg,999.0,1,5,85
797,Acer,Predator G9-793,Gaming,17.3,IPS Panel Full HD 1920x1080,Intel Core i7 7700HQ 2.8GHz,16GB,256GB SSD +  1TB HDD,Nvidia GeForce GTX 1060,Windows 10,4.2kg,2299.0,0,9,97
798,Dell,Inspiron 7567,Gaming,15.6,Full HD 1920x1080,Intel Core i5 7300HQ 2.5GHz,8GB,256GB SSD,Nvidia GeForce GTX 1050,Windows 10,2.62kg,985.0,2,5,82
799,Asus,FX502VM-DM560T (i7-7700HQ/8GB/1TB,Gaming,15.6,Full HD 1920x1080,Intel Core i7 7700HQ 2.8GHz,8GB,128GB SSD +  1TB HDD,Nvidia GeForce GTX1060,Windows 10,2.24kg,1339.0,0,10,81
800,Vero,K146 (N3350/4GB/32GB/W10),Notebook,14.0,1920x1080,Intel Celeron Dual Core N3350 1.1GHz,4GB,32GB Flash Storage,Intel HD Graphics 500,Windows 10,1.22kg,202.9,4,6,78
801,Lenovo,ThinkPad Yoga,2 in 1 Convertible,13.3,IPS Panel Full HD / Touchscreen 1920x1080,Intel Core i7 7500U 2.7GHz,8GB,512GB SSD,Intel HD Graphics 620,Windows 10,1.37kg,1970.0,5,10,62
802,Lenovo,Yoga 510-15IKB,2 in 1 Convertible,15.6,Full HD / Touchscreen 1920x1080,Intel Core i5 7200U 2.5GHz,8GB,256GB SSD,AMD Radeon R7 M460,Windows 10,2.08kg,959.0,3,4,78
803,Apple,"MacBook 12""",Ultrabook,12.0,IPS Panel Retina Display 2304x1440,Intel Core M 1.2GHz,8GB,512GB Flash Storage,Intel HD Graphics 5300,Mac OS X,0.920kg,1165.0,0,7,68
804,Lenovo,ThinkPad X1,2 in 1 Convertible,14.0,IPS Panel Touchscreen 2560x1440,Intel Core i5 7200U 2.5GHz,8GB,256GB SSD,Intel HD Graphics 620,Windows 10,1.42kg,2330.0,4,5,87
805,Asus,R417NA-RS01 (N3350/4GB/32GB/W10),Notebook,14.0,1366x768,Intel Celeron Dual Core N3350 1.1GHz,4GB,32GB Flash Storage,Intel HD Graphics 500,Windows 10,1.63kg,299.0,4,9,79
806,Dell,Latitude 3580,Notebook,15.6,1366x768,Intel Core i5 7200U 2.5GHz,8GB,128GB SSD,Intel HD Graphics 620,Windows 10,1.95kg,810.0,5,6,66
807,Lenovo,Yoga 910-13IKB,2 in 1 Convertible,13.9,IPS Panel Full HD / Touchscreen 1920x1080,Intel Core i7 7500U 2.7GHz,8GB,256GB SSD,Intel HD Graphics 620,Windows 10,1.38kg,1349.0,2,5,73
808,Dell,Vostro 5568,Notebook,15.6,Full HD 1920x1080,Intel Core i3 6006U 2GHz,8GB,256GB SSD,AMD Radeon R5 M420X,Windows 10,2kg,739.0,4,9,68
809,HP,ZBook 17,Workstation,15.6,Full HD 1920x1080,Intel Core i7 7700HQ 2.8GHz,8GB,256GB SSD,Nvidia Quadro M2200,Windows 10,3.14kg,2064.9,4,7,78
810,Asus,Pro P2540UA-XS51,Notebook,15.6,Full HD 1920x1080,Intel Core i5 7200U 2.5GHz,8GB,256GB SSD,Intel HD Graphics 620,Windows 10,2.37kg,1099.0,4,10,73
811,Dell,XPS 13,Ultrabook,13.3,Full HD 1920x1080,Intel Core i5 7200U 2.5GHz,8GB,256GB SSD,Intel HD Graphics 620,Windows 10,1.29kg,1499.0,4,7,97
812,Dell,XPS 15,Notebook,15.6,4K Ultra HD / Touchscreen 3840x2160,Intel Core i5 7300HQ 2.5GHz,8GB,256GB SSD,Nvidia GeForce GTX 1050,Windows 10,2.06kg,1749.0,1,8,95
813,Dell,Latitude 3180,Netbook,11.6,1366x768,Intel Pentium Quad Core N4200 1.1GHz,4GB,128GB SSD,Intel HD Graphics 505,Windows 10,1.63kg,744.0,1,4,99
814,HP,EliteBook 820,Netbook,12.5,1366x768,Intel Core i5 7300U 2.6GHz,8GB,256GB SSD,Intel HD Graphics 620,Windows 10,1.26kg,1389.0,2,8,76
815,Toshiba,Satellite Pro,Notebook,15.6,1366x768,Intel Core i5 6200U 2.3GHz,4GB,500GB HDD,Intel HD Graphics 520,Windows 10,2.1kg,780.0,0,6,89
816,HP,15-ba043na (A12-9700P/8GB/2TB/W10),Notebook,15.6,1366x768,AMD A12-Series 9700P 2.5GHz,8GB,2TB HDD,AMD Radeon R7 Graphics,Windows 10,2.04kg,629.0,4,5,68
817,Dell,Inspiron 7567,Gaming,15.6,4K Ultra HD 3840x2160,Intel Core i7 7700HQ 2.8GHz,16GB,512GB SSD,Nvidia GeForce GTX 1050 Ti,Windows 10,2.62kg,1679.0,5,6,92
818,Lenovo,IdeaPad 310-15IKB,Notebook,15.6,Full HD 1920x1080,Intel Core i5 7200U 2.5GHz,4GB,1TB HDD,Nvidia GeForce 920M,Windows 10,2.4kg,609.0,0,10,84
819,HP,Omen 17-an012dx,Gaming,17.3,IPS Panel Full HD 1920x1080,Intel Core i7 7700HQ 2.8GHz,12GB,1TB HDD,AMD Radeon RX 580,Windows 10,3.74kg,1749.0,5,9,73
820,MSI,GE72MVR 7RG,Gaming,17.3,Full HD 1920x1080,Intel Core i7 7700HQ 2.8GHz,16GB,512GB SSD +  1TB HDD,Nvidia GeForce GTX 1070,Windows 10,2.9kg,2415.0,0,7,70
821,Samsung,Notebook 9,Ultrabook,13.3,Full HD 1920x1080,Intel Core i5 7200U 2.5GHz,8GB,256GB SSD,Intel HD Graphics 620,Windows 10,0.81kg,1499.0,2,8,94
822,Dell,Vostro 5568,Notebook,15.6,Full HD 1920x1080,Intel Core i7 7500U 2.7GHz,8GB,1TB HDD,Nvidia GeForce GT 940MX,Windows 10,1.98kg,961.0,4,8,100
823,Dell,Vostro 3568,Notebook,15.6,Full HD 1920x1080,Intel Core i5 7200U 2.5GHz,8GB,256GB SSD,AMD Radeon R5 M420,Windows 10,2.18kg,789.81,4,10,73
824,Lenovo,Thinkpad T470s,Ultrabook,14.0,Full HD 1920x1080,Intel Core i7 7500U 2.7GHz,8GB,256GB SSD,Intel HD Graphics 620,Windows 10,1.32kg,1859.0,3,8,89
825,Razer,Blade Stealth,Ultrabook,12.5,IPS Panel 4K Ultra HD / Touchscreen 3840x2160,Intel Core i7 7500U 2.5GHz,16GB,512GB SSD,Intel HD Graphics 620,Windows 10,1.29kg,1799.0,5,10,100
826,HP,Chromebook 11,Netbook,11.6,1366x768,Intel Celeron Dual Core N3060 1.6GHz,4GB,16GB Flash Storage,Intel HD Graphics 400,Chrome OS,1.23kg,385.0,0,6,63
827,Dell,Alienware 17,Gaming,17.3,IPS Panel Full HD 1920x1080,Intel Core i7 7700HQ 2.8GHz,16GB,128GB SSD +  1TB HDD,Nvidia GeForce GTX 1060,Windows 10,4.36kg,2505.02,0,7,63
828,Dell,Latitude 3480,Notebook,14.0,1366x768,Intel Core i5 6200U 2.3GHz,4GB,500GB HDD,Intel HD Graphics 520,Windows 10,1.76kg,755.0,1,5,87
829,Lenovo,V110-15ISK (i3-6006U/4GB/500GB/W10),Notebook,15.6,1366x768,Intel Core i3 6006U 2GHz,4GB,500GB HDD,Intel HD Graphics 520,Windows 10,2.1kg,489.9,3,9,67
830,Toshiba,Tecra X40-D-10Z,Ultrabook,14.0,1366x768,Intel Core i5 7200U 2.5GHz,4GB,128GB SSD,Intel HD Graphics 620,Windows 10,1.25kg,1090.0,1,5,61
831,Lenovo,Thinkpad X1,Ultrabook,14.0,IPS Panel Full HD 1920x1080,Intel Core i7 7500U 2.7GHz,8GB,512GB SSD,Intel HD Graphics 620,Windows 10,1.13kg,2499.0,1,6,100
832,MSI,GL62M 7RD,Gaming,15.6,Full HD 1920x1080,Intel Core i5 7300HQ 2.5GHz,8GB,256GB SSD,Nvidia GeForce GTX 1050,Windows 10,2.4kg,1199.0,1,9,81
833,Lenovo,ThinkPad X1,Ultrabook,14.0,IPS Panel Full HD 1920x1080,Intel Core i5 7200U 2.5GHz,8GB,256GB Flash Storage,Intel HD Graphics 620,Windows 10,1.13kg,1875.0,5,8,100
834,Toshiba,Satellite Pro,Notebook,14.0,1366x768,Intel Pentium Dual Core 4405U 2.1GHz,4GB,128GB SSD,Intel HD Graphics 510,Windows 10,1.75kg,499.0,5,4,75
835,Asus,ZenBook Flip,2 in 1 Convertible,13.3,Touchscreen / Full HD 1920x1080,Intel Core i5 7200U 2.5GHz,8GB,256GB SSD,Intel HD Graphics 620,Windows 10,1.1kg,1358.0,2,6,88
836,Dell,Latitude 3480,Notebook,14.0,1366x768,Intel Core i3 6006U 2GHz,4GB,500GB HDD,Intel HD Graphics 520,Windows 10,1.76kg,585.0,2,6,89
837,Acer,Chromebook 11,Netbook,11.6,IPS Panel 1366x768,Intel Celeron Dual Core N3060 1.6GHz,4GB,32GB Flash Storage,Intel HD Graphics 400,Chrome OS,1.35kg,355.0,1,7,71
838,Acer,Swift 3,Notebook,14.0,IPS Panel Full HD 1920x1080,Intel Core i3 7100U 2.4GHz,8GB,128GB SSD,Intel HD Graphics 620,Windows 10,1.5kg,619.0,3,5,94
839,Razer,Blade Pro,Gaming,17.3,4K Ultra HD / Touchscreen 3840x2160,Intel Core i7 7820HK 2.9GHz,32GB,512GB SSD,Nvidia GeForce GTX 1080,Windows 10,3.49kg,5499.0,0,6,70
840,Lenovo,Thinkpad X1,Ultrabook,14.0,IPS Panel Quad HD+ 2560x1440,Intel Core i7 6600U 2.6GHz,16GB,512GB SSD,Intel HD Graphics 520,Windows 10,1.1kg,2099.0,5,6,80
841,Asus,VivoBook Max,Notebook,15.6,Full HD 1920x1080,Intel Core i5 7200U 2.5GHz,4GB,1TB HDD,Nvidia GeForce 920,Linux,2.1kg,519.0,3,8,80
842,Lenovo,Thinkpad T460,Notebook,14.0,Full HD 1920x1080,Intel Core i5 6200U 2.3GHz,8GB,256GB SSD,Intel HD Graphics 520,Windows 10,1.7kg,1186.0,4,8,64
843,Lenovo,ThinkPad T470s,Notebook,14.0,IPS Panel Full HD 1920x1080,Intel Core i5 7300U 2.6GHz,8GB,256GB SSD,Intel HD Graphics 620,Windows 10,1.32kg,1650.0,5,9,79
844,Dell,Alienware 15,Gaming,15.6,Full HD 1920x1080,Intel Core i7 7700HQ 2.8GHz,16GB,256GB SSD +  1TB HDD,Nvidia GeForce GTX 1070,Windows 10,3.21kg,2774.63,5,10,96
845,Asus,Rog GL702VS-BA023T,Gaming,17.3,Full HD 1920x1080,Intel Core i7 7700HQ 2.8GHz,16GB,256GB SSD +  1TB HDD,Nvidia GeForce GTX 1070,Windows 10,2.9kg,2419.0,2,10,62
846,Toshiba,Satellite Pro,Notebook,15.6,1366x768,Intel Core i3 7100U 2.4GHz,4GB,500GB HDD,Intel HD Graphics 620,Windows 10,2.0kg,669.0,0,4,92
847,Lenovo,N42-20 Chromebook,Notebook,14.0,1366x768,Intel Celeron Quad Core N3160 1.6GHz,4GB,16GB Flash Storage,Intel HD Graphics 400,Chrome OS,1.5kg,325.0,0,10,68
848,Asus,R558UA-DM966T (i5-7200U/8GB/128GB/FHD/W10),Notebook,15.6,Full HD 1920x1080,Intel Core i5 7200U 2.5GHz,8GB,128GB HDD,Intel HD Graphics 620,Windows 10,2.3kg,590.0,4,7,68
849,Asus,Rog GL702VM-GC017T,Gaming,17.3,Full HD 1920x1080,Intel Core i7 6700HQ 2.6GHz,16GB,512GB SSD +  1TB HDD,Nvidia GeForce GTX 1060,Windows 10,2.73kg,1799.0,4,4,63
851,Dell,Alienware 17,Gaming,17.3,IPS Panel Full HD 1920x1080,Intel Core i7 7700HQ 2.8GHz,32GB,512GB SSD +  1TB HDD,Nvidia GeForce GTX 1070,Windows 10,4.42kg,3072.89,5,9,94
852,HP,ProBook 470,Notebook,17.3,1600x900,Intel Core i5 7200U 2.5GHz,8GB,1TB HDD,Nvidia GeForce 930MX,Windows 10,2.63kg,910.0,1,8,76
853,Dell,Vostro 3568,Notebook,15.6,1366x768,Intel Core i5 7200U 2.5GHz,8GB,128GB SSD,Intel HD Graphics 620,Windows 10,2.18kg,713.99,2,10,93
854,HP,EliteBook 840,Ultrabook,14.0,Full HD 1920x1080,Intel Core i7 6500U 2.5GHz,8GB,512GB SSD,Intel HD Graphics 520,Windows 7,1.54kg,1870.0,2,5,83
855,Dell,Vostro 3568,Notebook,15.6,Full HD 1920x1080,Intel Core i7 7500U 2.7GHz,4GB,256GB SSD,AMD Radeon R5 M420,Windows 10,2.18kg,739.0,5,8,91
856,HP,Chromebook X360,2 in 1 Convertible,11.6,Touchscreen 1366x768,Intel Celeron Dual Core N3350 1.1GHz,4GB,32GB Flash Storage,Intel HD Graphics 500,Chrome OS,1.4kg,615.0,3,7,60
857,Asus,ZenBook UX310UQ-GL026T,Ultrabook,13.3,IPS Panel Full HD 1920x1080,Intel Core i5 6200U 2.3GHz,8GB,512GB SSD,Nvidia GeForce 940M,Windows 10,1.45kg,1026.0,1,8,67
858,HP,EliteBook x360,2 in 1 Convertible,13.3,Full HD / Touchscreen 1920x1080,Intel Core i5 7200U 2.5GHz,8GB,256GB SSD,Intel HD Graphics 620,Windows 10,1.28kg,2277.0,5,7,82
859,HP,EliteBook 840,Ultrabook,14.0,Full HD 1920x1080,Intel Core i7 6500U 2.5GHz,8GB,512GB SSD,Intel HD Graphics 520,Windows 10,1.54kg,1468.0,1,7,99
860,HP,250 G6,Notebook,15.6,1366x768,Intel Celeron Dual Core N3060 1.6GHz,4GB,128GB SSD,Intel HD Graphics 400,No OS,1.86kg,299.0,1,7,71
862,Asus,Rog GL502VM-DS74,Gaming,15.6,Full HD 1920x1080,Intel Core i7 7700HQ 2.8GHz,16GB,128GB SSD +  1TB HDD,Nvidia GeForce GTX 1060,Windows 10,2.1kg,1899.0,1,9,71
863,Dell,Inspiron 5767,Notebook,17.3,Full HD 1920x1080,Intel Core i7 7500U 2.7GHz,8GB,1TB HDD,AMD Radeon R7 M445,Linux,2.83kg,865.0,5,7,74
864,Lenovo,ThinkPad T470p,Ultrabook,14.0,IPS Panel Full HD 1920x1080,Intel Core i7 7700HQ 2.8GHz,8GB,256GB SSD,Nvidia GeForce GT 940MX,Windows 10,1.96kg,1903.0,2,7,100
865,Asus,K556UR-DM621T (i7-7500U/8GB/256GB/GeForce,Notebook,15.6,IPS Panel Full HD 1920x1080,Intel Core i7 7500U 2.7GHz,8GB,256GB SSD,Nvidia GeForce GTX 930MX,Windows 10,2.3kg,787.0,2,5,78
866,Dell,Latitude 5580,Notebook,15.6,Full HD 1920x1080,Intel Core i5 7200U 2.5GHz,8GB,128GB SSD,Intel HD Graphics 620,Windows 10,1.9kg,945.0,1,4,85
867,Asus,X541NA (N4200/4GB/1TB/W10),Notebook,15.6,1366x768,Intel Pentium Quad Core N4200 1.1GHz,4GB,1TB HDD,Intel HD Graphics 505,Windows 10,2kg,449.0,3,6,88
868,HP,EliteBook x360,2 in 1 Convertible,13.3,Full HD / Touchscreen 1920x1080,Intel Core i7 7600U 2.8GHz,8GB,256GB SSD,Intel HD Graphics 620,Windows 10,1.28kg,2559.0,0,4,81
869,Dell,Inspiron 5368,Notebook,13.3,Full HD / Touchscreen 1920x1080,Intel Core i5 6200U 2.3GHz,8GB,1TB HDD,Intel HD Graphics 520,Windows 10,1.62kg,649.0,5,7,99
870,Lenovo,IdeaPad 110-15ISK,Notebook,15.6,Full HD 1920x1080,Intel Core i3 6006U 2.0GHz,4GB,1TB HDD,Intel HD Graphics 520,No OS,2.2kg,469.0,0,5,80
871,Lenovo,ThinkPad E570,Notebook,15.6,IPS Panel Full HD 1920x1080,Intel Core i5 7200U 2.5GHz,8GB,1TB HDD,Intel HD Graphics 620,Windows 10,2.3kg,850.66,3,8,97
872,HP,EliteBook 850,Notebook,15.6,Full HD 1920x1080,Intel Core i5 7300U 2.6GHz,8GB,256GB SSD,AMD Radeon R7 M465,Windows 10,1.84kg,1349.0,5,5,79
873,Toshiba,Portege X30-D-10X,Notebook,13.3,Full HD 1920x1080,Intel Core i5 7200U 2.5GHz,4GB,128GB SSD,Intel HD Graphics 620,Windows 10,1.05kg,1285.0,1,7,88
874,Lenovo,Legion Y520-15IKBN,Gaming,15.6,IPS Panel Full HD 1920x1080,Intel Core i5 7300HQ 2.5GHz,8GB,1TB HDD,Nvidia GeForce GTX 1050,No OS,2.5kg,1017.0,2,5,63
875,Dell,XPS 13,Ultrabook,13.3,Quad HD+ / Touchscreen 3200x1800,Intel Core i7 7660U 2.5GHz,16GB,512GB SSD,Intel Iris Plus Graphics 640,Windows 10,1.29kg,2240.0,0,10,66
876,HP,Probook 450,Notebook,15.6,Full HD 1920x1080,Intel Core i5 6200U 2.3GHz,4GB,500GB HDD,Intel HD Graphics 520,Windows 10,2.07kg,910.0,4,5,87
877,Toshiba,PortÃ©gÃ© Z30-C-188,Ultrabook,13.3,1366x768,Intel Core i5 6200U 2.3GHz,8GB,256GB SSD,Intel HD Graphics 520,Windows 10,1.2kg,1095.0,4,7,87
878,Lenovo,ThinkPad Yoga,2 in 1 Convertible,13.3,IPS Panel Full HD / Touchscreen 1920x1080,Intel Core i7 7500U 2.7GHz,8GB,256GB SSD,Intel HD Graphics 620,Windows 10,1.37kg,1950.0,3,9,63
879,Acer,TMX349-G2-M-50FS (i5-7200U/8GB/256GB/FHD/W10),Notebook,14.0,IPS Panel Full HD 1920x1080,Intel Core i5 7200U 2.5GHz,8GB,256GB SSD,Intel HD Graphics 620,Windows 10,1.56kg,902.0,1,10,81
880,Dell,Precision 3520,Workstation,15.6,Full HD 1920x1080,Intel Core i7 7700HQ 2.8GHz,8GB,1TB HDD,Nvidia Quadro M620,Windows 10,2.23kg,1778.0,0,5,71
881,Lenovo,ThinkPad L570,Notebook,15.6,1366x768,Intel Core i5 7200U 2.5GHz,4GB,500GB HDD,Intel HD Graphics 620,Windows 10,2.38kg,1055.0,1,6,62
882,Lenovo,IdeaPad 110-15ISK,Notebook,15.6,Full HD 1920x1080,Intel Core i3 6006U 2GHz,4GB,1TB HDD,AMD Radeon R5 M430,No OS,2.2kg,479.0,0,6,81
883,Toshiba,Tecra A50-D-11D,Notebook,15.6,IPS Panel Full HD 1920x1080,Intel Core i7 7500U 2.7GHz,8GB,256GB SSD,Intel HD Graphics 620,Windows 10,2.0kg,1388.0,3,5,61
884,Lenovo,Thinkpad 13,Notebook,13.3,IPS Panel Full HD 1920x1080,Intel Core i3 7100U 2.4GHz,4GB,180GB SSD,Intel HD Graphics 620,Windows 10,1.44kg,735.0,3,9,83
885,Samsung,Notebook 9,Ultrabook,15.0,Full HD 1920x1080,Intel Core i7 7500U 2.7GHz,16GB,256GB SSD,Nvidia GeForce 940MX,Windows 10,1.23kg,1849.0,4,8,93
886,Dell,Latitude 7280,Ultrabook,12.5,Full HD 1920x1080,Intel Core i7 7600U 2.8GHz,8GB,256GB SSD,Intel HD Graphics 620,Windows 10,1.6kg,1690.0,1,7,86
887,Asus,X541NA-GO121 (N4200/4GB/1TB/Linux),Notebook,15.6,1366x768,Intel Pentium Quad Core N4200 1.1GHz,4GB,1TB HDD,Intel HD Graphics 505,Linux,2kg,398.99,5,6,100
888,Xiaomi,Mi Notebook,Ultrabook,13.3,IPS Panel Full HD 1920x1080,Intel Core i5 6200U 2.3GHz,8GB,256GB SSD,Nvidia GeForce 940MX,Windows 10,1.28kg,935.0,4,8,60
889,Dell,Vostro 5568,Notebook,15.6,Full HD 1920x1080,Intel Core i5 7200U 2.5GHz,4GB,128GB SSD +  1TB HDD,Nvidia GeForce 940MX,Windows 10,2.18kg,912.5,1,5,67
890,HP,ProBook 450,Notebook,15.6,Full HD 1920x1080,Intel Core i5 7200U 2.5GHz,4GB,256GB SSD,Intel HD Graphics 620,Windows 10,2.04kg,839.0,4,8,82
891,HP,EliteBook x360,2 in 1 Convertible,13.3,Full HD / Touchscreen 1920x1080,Intel Core i5 7200U 2.5GHz,4GB,256GB SSD,Intel HD Graphics 620,Windows 10,1.28kg,1700.0,5,10,97
892,HP,Pavilion x360,2 in 1 Convertible,15.6,Touchscreen 1366x768,Intel Core i5 7200U 2.5GHz,4GB,500GB HDD,Intel HD Graphics 620,Windows 10,2.3kg,684.8,2,4,65
893,Asus,VivoBook L402NA,Notebook,14.1,1366x768,Intel Celeron Dual Core N3350 1.1GHz,4GB,32GB Flash Storage,Intel HD Graphics 500,Windows 10,1.65kg,348.0,2,6,81
894,Lenovo,IdeaPad 510-15ISK,Notebook,15.6,IPS Panel Full HD 1920x1080,Intel Core i7 6500U 2.5GHz,8GB,1TB HDD,Nvidia GeForce 940MX,Windows 10,2.2kg,669.0,2,5,84
895,Dell,Inspiron 3552,Notebook,15.6,1366x768,Intel Pentium Quad Core N3710 1.6GHz,4GB,500GB HDD,Intel HD Graphics,Windows 10,2.2kg,369.0,2,7,77
896,HP,EliteBook x360,2 in 1 Convertible,13.3,Full HD / Touchscreen 1920x1080,Intel Core i5 7200U 2.5GHz,4GB,256GB SSD,Intel HD Graphics 620,Windows 10,1.28kg,1799.0,0,9,76
897,Dell,Vostro 3568,Notebook,15.6,1366x768,Intel Core i3 6006U 2.0GHz,4GB,1TB HDD,AMD Radeon R5 M420X,Linux,2.18kg,455.7,2,10,71
898,Asus,Rog GL753VD-GC082T,Gaming,17.3,Full HD 1920x1080,Intel Core i5 7300HQ 2.5GHz,12GB,128GB SSD +  1TB HDD,Nvidia GeForce GTX 1050,Windows 10,2.2kg,1369.9,5,5,65
899,Acer,Chromebook C731-C78G,Netbook,11.6,IPS Panel 1366x768,Intel Celeron Dual Core N3060 1.6GHz,4GB,32GB Flash Storage,Intel HD Graphics 400,Chrome OS,1.25kg,297.0,3,7,85
900,Lenovo,IdeaPad 110-17ACL,Notebook,17.3,1600x900,AMD A4-Series 7210 2.2GHz,4GB,500GB HDD,AMD Radeon R3,Windows 10,2.8kg,379.0,3,9,86
901,HP,Probook 640,Notebook,14.0,Full HD 1920x1080,Intel Core i5 7200U 2.5GHz,4GB,128GB SSD,Intel HD Graphics 620,Windows 10,1.95kg,1265.0,0,9,67
902,HP,Envy x360,2 in 1 Convertible,13.3,Quad HD+ / Touchscreen 3200x1800,Intel Core i7 7500U 2.7GHz,16GB,256GB SSD,Intel HD Graphics 620,Windows 10,1.42kg,1399.0,2,5,78
903,Samsung,Notebook 9,Ultrabook,15.0,Full HD 1920x1080,Intel Core i7 7500U 2.7GHz,8GB,256GB SSD,Intel HD Graphics 620,Windows 10,1.17kg,1699.0,2,10,60
904,Lenovo,ThinkPad T470s,Ultrabook,14.0,IPS Panel Full HD 1920x1080,Intel Core i5 7200U 2.5GHz,8GB,256GB SSD,Intel HD Graphics 620,Windows 10,1.32kg,1799.0,2,8,88
905,MSI,GS73VR Stealth,Gaming,17.3,IPS Panel 4K Ultra HD 3840x2160,Intel Core i7 6700HQ 2.6GHz,16GB,512GB SSD +  2TB HDD,Nvidia GeForce GTX 1060,Windows 10,2.43kg,2649.0,4,8,94
906,Toshiba,Portege X30-D-10V,Notebook,13.3,Full HD 1920x1080,Intel Core i5 7200U 2.5GHz,8GB,256GB SSD,Intel HD Graphics 620,Windows 10,1.05kg,1475.0,1,9,99
908,Dell,Inspiron 7567,Gaming,15.6,Full HD 1920x1080,Intel Core i7 7700HQ 2.8GHz,8GB,1TB HDD,Nvidia GeForce GTX 1050Ti,Linux,2.62kg,929.0,4,8,73
909,HP,ProBook 450,Notebook,15.6,Full HD 1920x1080,Intel Core i7 7500U 2.7GHz,8GB,1TB HDD,Nvidia GeForce 930MX,Windows 10,2.04kg,900.0,1,4,94
910,Dell,Vostro 3568,Notebook,15.6,1366x768,Intel Core i3 6006U 2.0GHz,4GB,1TB HDD,AMD Radeon R5 M420X,Windows 10,2.18kg,614.0,2,9,79
911,Dell,Latitude 5580,Notebook,15.6,Full HD 1920x1080,Intel Core i5 7300U 2.6GHz,8GB,500GB HDD,Intel HD Graphics 620,Windows 10,1.9kg,935.0,2,9,72
912,Dell,XPS 13,2 in 1 Convertible,13.3,Quad HD+ / Touchscreen 3200x1800,Intel Core i7 7Y75 1.3GHz,8GB,512GB SSD,Intel HD Graphics 615,Windows 10,1.24kg,2013.1,4,7,97
913,Asus,G701VO-IH74K (i7-6820HK/32GB/2x,Gaming,17.3,IPS Panel Full HD 1920x1080,Intel Core i7 6820HK 2.7GHz,32GB,256GB SSD +  256GB SSD,Nvidia GeForce GTX 980M,Windows 10,3.58kg,1279.0,4,8,67
914,Dell,XPS 13,2 in 1 Convertible,13.3,Full HD / Touchscreen 1920x1080,Intel Core i7 7Y75 1.3GHz,16GB,256GB SSD,Intel HD Graphics 615,Windows 10,1.22kg,1649.0,1,10,79
915,Lenovo,ThinkPad X1,Ultrabook,14.0,IPS Panel Full HD 1920x1080,Intel Core i7 7500U 2.7GHz,8GB,256GB Flash Storage,Intel HD Graphics 620,Windows 10,1.13kg,2049.0,3,9,92
916,Lenovo,ThinkPad T570,Notebook,15.6,IPS Panel Full HD 1920x1080,Intel Core i5 7200U 2.5GHz,8GB,512GB SSD,Intel HD Graphics 620,Windows 10,1.95kg,1962.99,1,10,85
917,LG,Gram 15Z970,Ultrabook,15.6,IPS Panel Full HD / Touchscreen 1920x1080,Intel Core i7 7500U 2.7GHz,16GB,512GB SSD,Intel HD Graphics 620,Windows 10,1.08kg,2099.0,4,4,98
918,HP,Elitebook 820,Netbook,12.5,Full HD 1920x1080,Intel Core i7 7500U 2.7GHz,8GB,512GB SSD,Intel HD Graphics 620,Windows 10,1.26kg,1483.0,5,7,80
919,Acer,Chromebook CB5-571-C1DZ,Notebook,15.6,IPS Panel Full HD 1920x1080,Intel Celeron Dual Core 3205U 1.5GHz,4GB,16GB Flash Storage,Intel HD Graphics,Chrome OS,2.20kg,359.0,4,5,100
920,Lenovo,IdeaPad Y700-15ISK,Notebook,15.6,IPS Panel Full HD 1920x1080,Intel Core i5 6300HQ 2.3GHz,8GB,128GB SSD +  1TB HDD,Nvidia GeForce GTX 960M,Windows 10,2.6kg,789.0,5,10,68
922,LG,Gram 14Z970,Ultrabook,14.0,IPS Panel Full HD / Touchscreen 1920x1080,Intel Core i7 7500U 2.7GHz,8GB,512GB SSD,Intel HD Graphics 620,Windows 10,0.98kg,1899.0,0,9,83
923,Dell,Latitude 5480,Notebook,14.0,Full HD 1920x1080,Intel Core i5 7440HQ 2.8GHz,8GB,256GB SSD,Intel HD Graphics 620,Windows 10,1.6kg,1205.0,4,4,96
924,HP,Elitebook Folio,Ultrabook,12.5,4K Ultra HD / Touchscreen 3840x2160,Intel Core M 6Y75 1.2GHz,8GB,240GB SSD,Intel HD Graphics 515,Windows 10,1.09kg,3100.0,0,6,100
925,Lenovo,IdeaPad 510-15IKB,Notebook,15.6,Full HD 1920x1080,Intel Core i7 7500U 2.7GHz,6GB,256GB SSD,Nvidia GeForce 940MX,Windows 10,2.2kg,789.0,3,4,76
926,HP,ProBook 450,Notebook,15.6,Full HD 1920x1080,Intel Core i7 7500U 2.7GHz,8GB,256GB SSD,Nvidia GeForce 930MX,Windows 10,2.04kg,1018.99,1,4,83
927,Acer,Aspire E5-575,Notebook,15.6,Full HD 1920x1080,Intel Core i3 7100U 2.4GHz,4GB,1TB HDD,Intel HD Graphics 620,Windows 10,2.4kg,499.0,5,7,80
928,Lenovo,ThinkPad 13,Notebook,13.3,Full HD 1920x1080,Intel Core i5 7200U 2.5GHz,4GB,128GB SSD,Intel HD Graphics 620,Windows 10,1.44kg,881.0,1,5,98
930,HP,Probook 430,Notebook,13.3,Full HD 1920x1080,Intel Core i5 7200U 2.5GHz,8GB,256GB SSD,Intel HD Graphics 620,Windows 10,1.49kg,960.0,0,6,100
931,MSI,GE72VR 6RF,Gaming,17.3,Full HD 1920x1080,Intel Core i7 7700HQ 2.8GHz,16GB,256GB SSD +  1TB HDD,Nvidia GeForce GTX 1050 Ti,Windows 10,2.7kg,1599.0,5,8,98
932,Dell,Inspiron 7567,Gaming,15.6,Full HD 1920x1080,Intel Core i7 7700HQ 2.8GHz,16GB,128GB SSD +  1TB HDD,Nvidia GeForce GTX 1050 Ti,Windows 10,2.6kg,1349.0,1,8,72
933,MSI,GL62M 7RD,Gaming,15.6,Full HD 1920x1080,Intel Core i5 7300HQ 2.5GHz,8GB,128GB SSD +  1TB HDD,Nvidia GeForce GTX 1050,Windows 10,2.2kg,1119.91,4,10,70
934,Dell,Vostro 3568,Notebook,15.6,1366x768,Intel Core i5 7200U 2.5GHz,4GB,1TB HDD,AMD Radeon R5 M420,Windows 10,2.18kg,684.99,2,4,78
935,HP,EliteBook 850,Ultrabook,15.6,Full HD 1920x1080,Intel Core i7 6500U 2.5GHz,8GB,256GB SSD,AMD Radeon R7 M365X,Windows 10,1.84kg,1296.99,0,7,70
936,HP,Envy 13-AB077cl,Ultrabook,13.3,Quad HD+ / Touchscreen 3200x1800,Intel Core i7 7500U 2.7GHz,8GB,256GB SSD,Intel HD Graphics 620,Windows 10,1.39kg,1149.0,1,7,72
937,Toshiba,Tecra Z50-C-140,Notebook,15.6,IPS Panel Full HD 1920x1080,Intel Core i7 6600U 2.6GHz,16GB,256GB SSD,Nvidia GeForce 930M,Windows 10,2.4kg,1975.0,0,8,60
938,Lenovo,ThinkPad Yoga,2 in 1 Convertible,13.3,IPS Panel Full HD / Touchscreen 1920x1080,Intel Core i5 7200U 2.5GHz,8GB,512GB SSD,Intel HD Graphics 620,Windows 10,1.37kg,1825.0,0,10,99
939,Dell,Latitude 3580,Notebook,15.6,1366x768,Intel Core i5 6200U 2.3GHz,4GB,500GB HDD,Intel HD Graphics 520,Windows 10,1.95kg,729.9,5,10,78
940,Lenovo,Thinkpad X270,Ultrabook,12.5,IPS Panel Full HD 1920x1080,Intel Core i7 7500U 2.7GHz,8GB,256GB SSD,Intel HD Graphics 620,Windows 10,1.36kg,1650.0,5,10,71
941,HP,Probook 650,Notebook,15.6,Full HD 1920x1080,Intel Core i5 6200U 2.3GHz,8GB,256GB SSD,Intel HD Graphics 520,Windows 10,2.31kg,1165.0,2,6,67
942,Dell,Vostro 3568,Notebook,15.6,1366x768,Intel Core i5 7200U 2.5GHz,4GB,1TB HDD,Intel HD Graphics 620,Windows 10,2.18kg,708.06,4,5,67
943,HP,ProBook 640,Notebook,14.0,1366x768,Intel Core i5 6200U 2.3GHz,4GB,500GB HDD,Intel HD Graphics 520,Windows 10,1.95kg,1149.0,0,6,71
944,Lenovo,IdeaPad 320-15IAP,Notebook,15.6,1366x768,Intel Pentium Quad Core N4200 1.1GHz,4GB,1TB HDD,Intel HD Graphics 505,Windows 10,2.2kg,309.0,1,9,92
945,HP,EliteBook 820,Ultrabook,12.5,Full HD 1920x1080,Intel Core i5 6200U 2.3GHz,4GB,500GB HDD,Intel HD Graphics 520,Windows 10,1.26kg,1579.0,3,9,85
946,HP,250 G6,Notebook,15.6,1366x768,Intel Celeron Dual Core N3060 1.6GHz,4GB,1TB HDD,Intel HD Graphics 400,No OS,1.86kg,288.9,0,5,98
947,Lenovo,Yoga 900-13ISK,2 in 1 Convertible,13.3,IPS Panel Quad HD+ / Touchscreen 3200x1800,Intel Core i7 6560U 2.2GHz,16GB,1TB SSD,Intel Iris Graphics 540,Windows 10,1.3kg,1799.0,0,8,87
948,Toshiba,Tecra Z40-C-12X,Notebook,14.0,IPS Panel Full HD 1920x1080,Intel Core i5 6200U 2.3GHz,4GB,128GB SSD,Intel HD Graphics 520,Windows 10,1.47kg,1105.0,2,5,64
949,HP,EliteBook 820,Netbook,12.5,Full HD 1920x1080,Intel Core i5 6200U 2.3GHz,8GB,256GB SSD,Intel HD Graphics 520,Windows 10,1.26kg,1669.0,4,7,67
950,Dell,Vostro 3568,Notebook,15.6,1366x768,Intel Core i3 6006U 2.0GHz,4GB,1TB HDD,Intel HD Graphics 520,Windows 10,2.18kg,558.6,3,9,84
951,MSI,GP62M Leopard,Gaming,15.6,Full HD 1920x1080,Intel Core i7 7700HQ 2.8GHz,8GB,128GB SSD +  1TB HDD,Nvidia GeForce GTX 1050,Windows 10,2.2kg,1199.0,5,4,86
952,Dell,Latitude 7480,Ultrabook,14.0,Full HD 1920x1080,Intel Core i5 7200U 2.5GHz,8GB,256GB SSD,Intel HD Graphics 620,Windows 10,1.36kg,1639.0,5,4,82
953,Dell,Alienware 17,Gaming,17.3,2560x1440,Intel Core i7 6820HK 2.7GHz,16GB,512GB SSD +  1TB HDD,Nvidia GeForce GTX 1080,Windows 10,4.36kg,2758.0,1,8,89
954,HP,Omen 17-W006na,Gaming,17.3,IPS Panel Full HD 1920x1080,Intel Core i5 6300HQ 2.3GHz,8GB,128GB SSD +  1TB HDD,Nvidia GeForce GTX 965M,Windows 10,2.75kg,1399.0,3,7,82
955,Asus,X751SV-TY001T (N3710/4GB/1TB/GeForce,Notebook,17.3,1600x900,Intel Pentium Quad Core N3710 1.6GHz,4GB,1TB HDD,Nvidia GeForce 920MX,Windows 10,2.8kg,530.0,5,6,79
956,Acer,TravelMate P259-G2,Notebook,15.6,1366x768,Intel Core i5 7200U 2.5GHz,4GB,500GB HDD,Intel HD Graphics 620,Windows 10,2.23kg,619.0,1,7,77
957,Toshiba,Tecra A50-C-1ZV,Notebook,15.6,1366x768,Intel Core i5 6200U 2.3GHz,8GB,256GB SSD,Intel HD Graphics 520,Windows 10,2.2kg,1119.0,4,4,77
958,Lenovo,Yoga 700-11ISK,2 in 1 Convertible,11.3,IPS Panel Full HD / Touchscreen 1920x1080,Intel Core M m7-6Y75 1.2GHz,8GB,256GB SSD,Intel HD Graphics 515,Windows 10,1.1kg,1299.0,1,4,61
959,Lenovo,IdeaPad Y700-15ACZ,Gaming,15.6,IPS Panel Full HD 1920x1080,AMD FX 8800P 2.1GHz,16GB,512GB SSD +  1TB HDD,AMD Radeon R9 M385,Windows 10,2.5kg,999.0,5,9,63
960,Dell,Latitude 7280,Ultrabook,12.5,Full HD / Touchscreen 1920x1080,Intel Core i5 7200U 2.5GHz,8GB,256GB SSD,Intel HD Graphics,Windows 10,1.36kg,1472.2,2,7,89
961,Lenovo,IdeaPad 310-15IKB,Notebook,15.6,Full HD 1920x1080,Intel Core i7 7500U 2.7GHz,8GB,1TB HDD,Nvidia GeForce 920MX,No OS,2.2kg,685.0,2,7,92
962,Dell,Insprion 5767,Notebook,17.3,1600x900,Intel Core i3 6006U 2.0GHz,4GB,1TB HDD,AMD Radeon R7 M445,Windows 10,2.36kg,659.0,2,4,95
963,Acer,Chromebook 14,Notebook,14.0,1366x768,Intel Celeron Dual Core N3060 1.6GHz,4GB,32GB Flash Storage,Intel HD Graphics 400,Chrome OS,1.68kg,349.0,5,6,77
964,HP,ZBook Studio,Workstation,15.6,IPS Panel Full HD 1920x1080,Intel Core i7 6820HQ 2.7GHz,8GB,8GB SSD,Nvidia Quadro M1000M,Windows 10,2.0kg,2249.0,2,8,96
965,Dell,Latitude 7480,Ultrabook,14.0,Full HD 1920x1080,Intel Core i7 7600U 2.8GHz,8GB,256GB SSD,Intel HD Graphics 620,Windows 10,1.36kg,1775.0,3,10,78
966,Toshiba,Portege Z30-C-1CW,Notebook,13.3,Full HD 1920x1080,Intel Core i5 6200U 2.3GHz,8GB,256GB SSD,Intel HD Graphics 520,Windows 7,1.2kg,1460.0,4,8,87
967,Asus,Chromebook Flip,2 in 1 Convertible,12.5,Full HD 1920x1080,Intel Core M M7-6Y75 1.2GHz,8GB,64GB Flash Storage,Intel HD Graphics 515,Chrome OS,1.2kg,1159.0,1,7,99
968,Lenovo,Thinkpad T460,Ultrabook,14.0,IPS Panel Full HD 1920x1080,Intel Core i7 6600U 2.6GHz,8GB,256GB SSD,Intel HD Graphics 520,Windows 10,1.7kg,1488.99,1,8,79
969,Dell,Alienware 17,Gaming,17.3,IPS Panel 4K Ultra HD 3840x2160,Intel Core i7 7700HQ 2.8GHz,16GB,512GB SSD +  1TB HDD,Nvidia GeForce GTX 1070,Windows 10,4.36kg,3154.0,5,4,92
970,Dell,XPS 13,2 in 1 Convertible,13.3,Full HD / Touchscreen 1920x1080,Intel Core i5 7Y54 1.2GHz,8GB,256GB SSD,Intel HD Graphics 615,Windows 10,1.24kg,1899.0,2,4,71
971,HP,ProBook x360,2 in 1 Convertible,11.6,Touchscreen 1366x768,Intel Pentium Quad Core N4200 1.1GHz,4GB,256GB SSD,Intel HD Graphics 505,Windows 10,1.45kg,775.0,2,7,74
972,Dell,XPS 13,Ultrabook,13.3,Quad HD+ 3200x1800,Intel Core i7 6500U 2.5GHz,8GB,256GB SSD,Intel HD Graphics 520,Windows 10,1.3kg,1268.0,0,7,100
973,Acer,Chromebook C738T-C2EJ,2 in 1 Convertible,11.6,IPS Panel Touchscreen 1366x768,Intel Celeron Dual Core N3060 1.6GHz,4GB,32GB Flash Storage,Intel HD Graphics 400,Chrome OS,1.25kg,389.0,4,10,98
974,Toshiba,Portege Z30-C-16Z,Notebook,13.3,Full HD 1920x1080,Intel Core i5 6300U 2.4GHz,8GB,256GB SSD,Intel HD Graphics 520,Windows 10,1.2kg,1535.0,3,10,61
975,Lenovo,ThinkPad X270,Ultrabook,12.5,IPS Panel Full HD 1920x1080,Intel Core i5 7300U 2.6GHz,8GB,256GB SSD,Intel HD Graphics 620,Windows 10,1.36kg,1760.0,1,9,88
976,Acer,Aspire F5-573G-510L,Notebook,15.6,Full HD 1920x1080,Intel Core i5 7200U 2.5GHz,12GB,128GB SSD +  1TB HDD,Nvidia GeForce GTX 950M,Windows 10,2.4kg,1009.0,0,7,100
977,Toshiba,Portege X20W-D-10V,Ultrabook,12.5,Full HD / Touchscreen 1920x1080,Intel Core i7 7500U 2.7GHz,8GB,512GB SSD,Intel HD Graphics 620,Windows 10,1.1kg,1790.0,0,6,69
978,HP,ProBook 450,Notebook,15.6,1366x768,Intel Core i5 7200U 2.50GHz,8GB,1TB HDD,Nvidia GeForce 930MX,Windows 10,2.04kg,846.5,5,8,61
979,Dell,Inspiron 3567,Notebook,15.6,1366x768,Intel Core i3 6006U 2.0GHz,4GB,1TB HDD,AMD Radeon R5 M430,Linux,2.25kg,465.62,1,7,70
980,Dell,Latitude 5580,Notebook,15.6,1366x768,Intel Core i5 7200U 2.5GHz,4GB,500GB HDD,Intel HD Graphics 620,Windows 10,1.9kg,825.0,5,5,72
981,HP,ProBook 450,Notebook,15.6,Full HD 1920x1080,Intel Core i3 7100U 2.4GHz,4GB,500GB HDD,Intel HD Graphics 620,Windows 10,2.04kg,685.0,3,9,69
982,Dell,Alienware 17,Gaming,17.3,IPS Panel Full HD 1920x1080,Intel Core i7 7700HQ 2.8GHz,32GB,256GB SSD +  1TB HDD,Nvidia GeForce GTX 1070,Windows 10,4.42kg,3149.0,0,5,73
983,Lenovo,IdeaPad 310-15IKB,Notebook,15.6,Full HD 1920x1080,Intel Core i5 7200U 2.5GHz,6GB,256GB SSD,Nvidia GeForce 920MX,Windows 10,2.4kg,695.0,0,4,77
984,Dell,XPS 13,2 in 1 Convertible,13.3,Quad HD+ / Touchscreen 3200x1800,Intel Core i7 7Y75 1.3GHz,16GB,512GB SSD,Intel HD Graphics 615,Windows 10,1.22kg,1899.0,4,10,68
985,Dell,Latitude E7470,Ultrabook,14.0,Touchscreen 2560x1440,Intel Core i7 6600U 2.6GHz,8GB,256GB SSD,Intel HD Graphics 520,Windows 10,1.5kg,1962.98,3,8,98
986,Dell,Alienware 17,Gaming,17.3,Full HD 1920x1080,Intel Core i7 6700HQ 2.6GHz,32GB,256GB SSD +  1TB HDD,Nvidia GeForce GTX 1070,Windows 10,4.42kg,2800.0,0,7,87
987,Toshiba,Tecra A40-C-1DF,Notebook,14.0,Full HD 1920x1080,Intel Core i5 6200U 2.3GHz,8GB,256GB SSD,Intel HD Graphics 520,Windows 10,1.95kg,1180.0,3,5,62
988,Asus,Rog Strix,Gaming,17.3,Full HD 1920x1080,Intel Core i7 7700HQ 2.8GHz,16GB,256GB SSD +  1TB HDD,Nvidia GeForce GTX 1060,Windows 10,2.73kg,2049.9,1,8,79
989,HP,Probook 450,Notebook,15.6,IPS Panel Full HD 1920x1080,Intel Core i5 7200U 2.70GHz,8GB,128GB SSD +  1TB HDD,Nvidia GeForce 930MX,Windows 10,2.04kg,979.0,2,4,65
990,Lenovo,ThinkPad T460,Notebook,14.0,1366x768,Intel Core i5 6200U 2.3GHz,4GB,508GB Hybrid,Intel HD Graphics 520,Windows 7,1.70kg,1002.0,0,10,86
991,Asus,Q534UX-BHI7T19 (i7-7500U/16GB/2TB,2 in 1 Convertible,15.6,4K Ultra HD / Touchscreen 3840x2160,Intel Core i7 7500U 2.7GHz,16GB,512GB SSD +  2TB HDD,Nvidia GeForce GTX 950M,Windows 10,2.3kg,1799.0,4,6,61
992,HP,15-bs053od (i7-7500U/6GB/1TB/W10),Notebook,15.6,1366x768,Intel Core i7 7500U 2.7GHz,6GB,1TB HDD,Intel HD Graphics 620,Windows 10,2.04kg,579.0,1,9,88
993,Asus,Rog GL753VE-DS74,Gaming,17.3,Full HD 1920x1080,Intel Core i7 7700HQ 2.8GHz,16GB,256GB SSD +  1TB HDD,Nvidia GeForce GTX 1050 Ti,Windows 10,2.99kg,1749.0,3,8,97
994,Dell,Inspiron 7579,2 in 1 Convertible,15.6,IPS Panel Full HD / Touchscreen 1920x1080,Intel Core i7 7500U 2.7GHz,12GB,512GB SSD,Intel HD Graphics 620,Windows 10,2.19kg,1299.0,5,8,62
995,Toshiba,Portege Z30-C-1CV,Notebook,13.3,Full HD 1920x1080,Intel Core i5 6200U 2.3GHz,4GB,128GB SSD,Intel HD Graphics 520,Windows 7,1.2kg,1195.0,1,6,75
996,Lenovo,IdeaPad 320-15ABR,Notebook,15.6,Full HD 1920x1080,AMD A12-Series 9720P 3.6GHz,6GB,256GB SSD,AMD Radeon 530,Windows 10,2.2kg,549.0,0,8,89
997,Fujitsu,LifeBook A556,Notebook,15.6,1366x768,Intel Core i5 6200U 2.3GHz,4GB,256GB SSD,Intel HD Graphics 520,Windows 10,2.3kg,649.0,3,4,99
998,Toshiba,Tecra A40-C-1KF,Notebook,14.0,1366x768,Intel Core i5 6200U 2.3GHz,4GB,500GB HDD,Intel HD Graphics 520,Windows 10,1.75kg,915.0,2,4,61
999,Dell,Inspiron 3567,Notebook,15.6,1366x768,Intel Core i5 7200U 2.5GHz,4GB,500GB HDD,AMD Radeon R5 M430,Windows 10,2.25kg,599.0,1,6,76
1000,HP,Probook 450,Notebook,15.6,Full HD 1920x1080,Intel Core i5 7200U 2.5GHz,8GB,1TB HDD,Intel HD Graphics 620,Windows 10,2.04kg,806.0,0,9,100
1001,Lenovo,Legion Y520-15IKBN,Gaming,15.6,IPS Panel Full HD 1920x1080,Intel Core i7 7700HQ 2.8GHz,8GB,128GB SSD +  1TB HDD,Nvidia GeForce GTX 1060,Windows 10,2.5kg,1189.0,4,7,71
1002,Dell,Inspiron 5567,Notebook,15.6,1366x768,Intel Core i7 7500U 2.7GHz,8GB,1TB HDD,AMD Radeon R7 M445,Windows 10,2.36kg,749.0,5,5,94
1003,Dell,Latitude 5480,Notebook,14.0,Full HD 1920x1080,Intel Core i5 7200U 2.5GHz,8GB,128GB SSD,Intel HD Graphics 620 ,Windows 10,1.6kg,1119.0,3,7,60
1004,HP,EliteBook Folio,Netbook,12.5,Full HD 1920x1080,Intel Core M 6Y75 1.2GHz,8GB,512GB SSD,Intel HD Graphics 515,Windows 10,0.97kg,1908.0,1,8,74
1005,HP,15-bs005nv (i3-6006U/4GB/1TB,Notebook,15.6,Full HD 1920x1080,Intel Core i3 6006U 2GHz,4GB,128GB SSD +  1TB HDD,AMD Radeon 520,Windows 10,2.1kg,499.0,1,5,85
1006,Lenovo,V110-15IAP (N3350/4GB/128GB/No,Notebook,15.6,1366x768,Intel Celeron Dual Core N3350 1.1GHz,4GB,128GB SSD,Intel HD Graphics 500,No OS,1.9kg,270.62,2,6,96
1007,Lenovo,ThinkPad T560,Notebook,15.6,Full HD 1920x1080,Intel Core i5 6200U 2.3GHz,8GB,256GB SSD,Intel HD Graphics 520,Windows 10,2.3kg,1349.0,2,6,80
1008,Dell,Inspiron 5378,2 in 1 Convertible,13.3,Full HD / Touchscreen 1920x1080,Intel Core i5 7200U 2.5GHz,8GB,256GB SSD,Intel HD Graphics 620,Windows 10,1.68kg,889.0,4,9,90
1009,Asus,ZenBook UX310UA-FB485T,Notebook,13.3,Quad HD+ 3200x1800,Intel Core i5 7200U 2.5GHz,8GB,256GB SSD,Intel HD Graphics 620,Windows 10,1.4kg,1150.0,5,5,84
1010,HP,Spectre 13-V111dx,Ultrabook,13.3,IPS Panel Full HD / Touchscreen 1920x1080,Intel Core i7 7500U 2.7GHz,8GB,256GB SSD,Intel HD Graphics 620,Windows 10,1.11kg,1349.0,4,4,82
1011,Acer,Aspire ES1-533,Notebook,15.6,1366x768,Intel Pentium Quad Core N4200 1.1GHz,4GB,500GB HDD,Intel HD Graphics 505,Windows 10,2.4kg,380.0,0,5,83
1012,Asus,Rog GL553VE-DS74,Gaming,15.6,Full HD 1920x1080,Intel Core i7 7700HQ 2.8GHz,16GB,256GB SSD +  1TB HDD,Nvidia GeForce GTX 1050 Ti,Windows 10,2.5kg,1799.0,0,8,97
1013,HP,EliteBook 840,Ultrabook,14.0,Full HD 1920x1080,Intel Core i7 7500U 2.7GHz,8GB,512GB SSD,Intel HD Graphics 620,Windows 10,1.48kg,2089.0,4,4,87
1014,Acer,Nitro 5,Gaming,15.6,IPS Panel Full HD 1920x1080,Intel Core i7 7700HQ 2.8GHz,8GB,128GB SSD +  1TB HDD,Nvidia GeForce GTX 1050,Windows 10,2.7kg,1260.0,5,10,80
1015,HP,ENVY -,Notebook,13.3,IPS Panel Full HD 1920x1080,Intel Core i5 7200U 2.5GHz,8GB,256GB SSD,Intel HD Graphics 620,Windows 10,1.34kg,1189.0,4,10,77
1016,Dell,Vostro 3568,Notebook,15.6,1366x768,Intel Core i3 7100U 2.4GHz,4GB,128GB SSD,Intel HD Graphics 620,Windows 10,2.18kg,547.0,5,10,95
1017,HP,Probook 440,Notebook,14.0,1366x768,Intel Core i5 7200U 2.5GHz,4GB,500GB HDD,Intel HD Graphics 620,Windows 10,1.64kg,779.0,5,6,94
1018,Toshiba,Portege Z30-C-16H,Notebook,13.3,Full HD 1920x1080,Intel Core i5 6200U 2.3GHz,4GB,128GB SSD,Intel HD Graphics 520,Windows 10,1.2kg,1195.0,3,5,68
1019,HP,EliteBook 840,Notebook,14.0,1366x768,Intel Core i5 6300U 2.4GHz,4GB,256GB SSD,Intel HD Graphics 520,Windows 10,1.48kg,1099.99,5,10,97
1020,HP,ProBook 640,Notebook,14.0,Full HD 1920x1080,Intel Core i5 7200U 2.5GHz,4GB,256GB SSD,Intel HD Graphics 620,Windows 10,1.95kg,1205.0,2,7,89
1021,HP,EliteBook 1040,Ultrabook,14.0,Full HD 1920x1080,Intel Core i7 6600U 2.6GHz,8GB,256GB SSD,Intel HD Graphics 520,Windows 7,1.43kg,1449.0,5,9,93
1022,HP,ProBook 440,Notebook,14.0,Full HD 1920x1080,Intel Core i5 7200U 2.5GHz,8GB,256GB SSD,Nvidia GeForce 930MX,Windows 10,1.64kg,1049.26,5,7,91
1023,HP,Probook 440,Notebook,14.0,1366x768,Intel Core i3 7100U 2.4GHz,4GB,500GB HDD,Intel HD Graphics 620,Windows 10,1.64kg,684.0,5,10,62
1024,Dell,Inspiron 7567,Gaming,15.6,Full HD 1920x1080,Intel Core i5 7300HQ 2.5GHz,8GB,1.0TB Hybrid,Nvidia GeForce GTX 1050,Windows 10,2.65kg,949.0,0,9,62
1025,HP,EliteBook 820,Ultrabook,12.5,Full HD 1920x1080,Intel Core i5 7200U 2.5GHz,4GB,500GB HDD,Intel HD Graphics 620,Windows 10,1.26kg,1539.0,2,8,87
1026,HP,Elitebook 840,Notebook,14.0,Full HD 1920x1080,Intel Core i5 7200U 2.5GHz,4GB,256GB SSD,Intel HD Graphics 620,Windows 10,1.48kg,1590.0,2,7,74
1027,HP,EliteBook 840,Ultrabook,14.0,Full HD 1920x1080,Intel Core i7 6500U 2.5GHz,8GB,256GB SSD,Intel HD Graphics 520,Windows 10,1.54kg,1887.21,4,5,100
1028,HP,Probook 430,Notebook,13.3,1366x768,Intel Core i3 7100U 2.4GHz,4GB,500GB HDD,Intel HD Graphics 620,Windows 10,1.49kg,800.0,3,5,82
1029,Toshiba,Portege A30-C-1CZ,Notebook,13.3,1366x768,Intel Core i5 6200U 2.3GHz,8GB,256GB SSD,Intel HD Graphics 520,Windows 10,1.5kg,1210.0,5,7,99
1030,HP,ProBook 450,Notebook,15.6,1366x768,Intel Core i3 7100U 2.4GHz,4GB,256GB SSD,Intel HD Graphics 620,Windows 10,2.04kg,769.99,1,10,70
1031,Lenovo,ThinkPad P70,Notebook,17.3,IPS Panel 4K Ultra HD 3840x2160,Intel Core i7 6820HQ 2.7GHz,16GB,512GB SSD,Nvidia Quadro 3000M,Windows 7,2.4kg,2968.0,3,5,91
1032,Toshiba,Tecra Z40-C-12Z,Notebook,14.0,IPS Panel Full HD 1920x1080,Intel Core i5 6200U 2.3GHz,8GB,256GB SSD,Intel HD Graphics 520,Windows 10,1.47kg,1490.0,3,8,95
1033,HP,EliteBook 1040,Notebook,14.0,Full HD 1920x1080,Intel Core i7 6500U 2.5GHz,8GB,256GB SSD,Intel HD Graphics 520,Windows 10,1.43kg,2229.0,2,4,92
1034,Dell,Inspiron 5568,2 in 1 Convertible,15.6,IPS Panel Full HD / Touchscreen 1920x1080,Intel Core i3 6100U 2.3GHz,4GB,1TB HDD,Intel HD Graphics 520,Windows 10,2.08kg,795.99,3,10,83
1035,Toshiba,PortÃ©gÃ© Z30-C-16K,Ultrabook,13.3,Full HD 1920x1080,Intel Core i5 6200U 2.3GHz,8GB,256GB SSD,Intel HD Graphics 520,Windows 10,1.2kg,1590.0,5,8,98
1036,HP,Spectre 13-V100nv,Notebook,13.3,IPS Panel Full HD 1920x1080,Intel Core i5 7200U 2.5GHz,8GB,256GB SSD,Intel HD Graphics 620,Windows 10,1.11kg,1149.0,5,9,93
1037,HP,ProBook 440,Notebook,14.0,Full HD 1920x1080,Intel Core i7 7500U 2.7GHz,8GB,256GB SSD,Nvidia GeForce 930MX,Windows 10,1.64kg,1185.43,0,8,87
1038,Dell,Latitude E5570,Notebook,15.6,Full HD 1920x1080,Intel Core i5 6300U 2.4GHz,8GB,500GB HDD,Intel HD Graphics 520,Windows 10,2.09kg,1046.44,5,10,96
1039,HP,Elitebook 820,Ultrabook,12.5,1366x768,Intel Core i5 7200U 2.5GHz,4GB,256GB SSD,Intel HD Graphics 620,Windows 10,1.26kg,1559.0,5,9,66
1040,HP,ProBook 650,Notebook,14.0,1366x768,Intel Core i5 7200U 2.5GHz,4GB,500GB HDD,Intel HD Graphics 620,Windows 10,2.31kg,1189.0,2,10,63
1041,HP,ProBook 640,Notebook,14.0,1366x768,Intel Core i5 7200U 2.5GHz,4GB,500GB HDD,Intel HD Graphics 620,Windows 10,1.95kg,1060.0,5,5,96
1042,Dell,XPS 13,Ultrabook,13.3,Quad HD+ / Touchscreen 3200x1800,Intel Core i5 7200U 2.5GHz,8GB,256GB SSD,Intel HD Graphics 620,Windows 10,1.29kg,1624.0,0,4,60
1043,HP,Probook 470,Notebook,17.3,Full HD 1920x1080,Intel Core i5 7200U 2.5GHz,8GB,256GB SSD,Nvidia GeForce 930MX,Windows 10,2.63kg,1080.0,1,10,60
1044,HP,ProBook 440,Notebook,14.0,1366x768,Intel Core i5 7200U 2.5GHz,4GB,256GB SSD,Intel HD Graphics 620,Windows 10,1.64kg,973.0,2,10,79
1045,Acer,Aspire 3,Notebook,15.6,1366x768,AMD A9-Series 9420 3GHz,6GB,1TB HDD,AMD Radeon R5,Windows 10,2.1kg,409.0,1,5,78
1046,MSI,GL72M 7RDX,Gaming,17.3,Full HD 1920x1080,Intel Core i7 7700HQ 2.8GHz,8GB,128GB SSD +  1TB HDD,Nvidia GeForce GTX 1050,Windows 10,2.7kg,1191.8,2,6,88
1047,HP,Probook 640,Notebook,14.0,Full HD 1920x1080,Intel Core i5 6200U 2.3GHz,8GB,256GB SSD,Intel HD Graphics 520,Windows 7,1.95kg,1195.0,4,5,69
1048,HP,EliteBook 850,Notebook,15.6,Full HD 1920x1080,Intel Core i7 6500U 2.5GHz,8GB,256GB SSD,Intel HD Graphics 520,Windows 10,1.84kg,1228.99,3,9,77
1049,HP,EliteBook 820,Ultrabook,12.5,Full HD 1920x1080,Intel Core i7 6500U 2.5GHz,8GB,256GB SSD,Intel HD Graphics 520,Windows 10,1.26kg,1349.0,4,5,87
1050,HP,ProBook 450,Notebook,15.6,1366x768,Intel Core i5 7200U 2.5GHz,4GB,500GB HDD,Intel HD Graphics 620,Windows 10,2.04kg,742.0,5,5,94
1051,Toshiba,Tecra Z40-C-136,Ultrabook,14.0,IPS Panel Full HD 1920x1080,Intel Core i7 6600U 2.6GHz,8GB,256GB SSD,Intel HD Graphics 520,Windows 10,1.47kg,1725.0,1,4,90
1052,Dell,Latitude E5570,Notebook,15.6,Full HD 1920x1080,Intel Core i5 6300U 2.4GHz,8GB,256GB SSD,Intel HD Graphics 520,Windows 7,2.09kg,1062.95,5,5,86
1053,HP,ProBook 440,Notebook,14.0,Full HD 1920x1080,Intel Core i5 7200U 2.5GHz,8GB,256GB SSD,Intel HD Graphics 620,Windows 10,1.64kg,1010.51,3,10,70
1054,Lenovo,Yoga 500-15ISK,2 in 1 Convertible,15.6,IPS Panel Full HD / Touchscreen 1920x1080,Intel Core i7 6500U 2.5GHz,4GB,256GB SSD,Intel HD Graphics 520,Windows 10,1.8kg,847.0,2,4,97
1055,Vero,V142 (X5-Z8350/2GB/32GB/W10),Notebook,14.0,1366x768,Intel Atom X5-Z8350 1.44GHz,2GB,32GB Flash Storage,Intel HD Graphics 400,Windows 10,1.45kg,210.8,3,7,64
1056,Toshiba,Tecra A50-C-218,Notebook,15.6,IPS Panel Full HD 1920x1080,Intel Core i7 6500U 2.5GHz,16GB,256GB SSD,Nvidia GeForce 930M,Windows 10,2.4kg,1425.0,0,6,67
1057,Lenovo,Thinkpad L560,Notebook,15.6,Full HD 1920x1080,Intel Core i5 6200U 2.3GHz,8GB,256GB SSD,Intel HD Graphics 520,Windows 10,2.3kg,1049.6,3,4,93
1058,HP,EliteBook 840,Notebook,14.0,Full HD 1920x1080,Intel Core i5 6200U 2.3GHz,4GB,500GB HDD,Intel HD Graphics 520,Windows 10,1.54kg,1000.0,0,9,71
1059,HP,EliteBook 850,Notebook,15.6,Full HD 1920x1080,Intel Core i5 6300U 2.4GHz,8GB,256GB SSD +  500GB HDD,Intel HD Graphics 520,Windows 10,1.84kg,2103.34,3,7,97
1060,HP,EliteBook 1040,Notebook,14.0,Full HD 1920x1080,Intel Core i5 6200U 2.3GHz,8GB,256GB SSD,Intel HD Graphics 520,Windows 7,1.43kg,1469.0,0,4,60
1061,MSI,GT72S Dominator,Gaming,17.3,IPS Panel Full HD 1920x1080,Intel Core i7 6820HK 2.7GHz,16GB,256GB SSD +  1TB HDD,Nvidia GeForce GTX 980M,Windows 10,3.78kg,1545.64,1,4,90
1062,Lenovo,IdeaPad Y900-17ISK,Gaming,17.3,IPS Panel Full HD 1920x1080,Intel Core i7 6700HQ 2.6GHz,16GB,128GB SSD +  1TB HDD,Nvidia GeForce GTX 980M,Windows 10,4.6kg,2289.99,5,6,63
1063,Asus,Chromebook C202SA,Netbook,11.6,1366x768,Intel Celeron Dual Core N3060 1.6GHz,4GB,16GB Flash Storage,Intel HD Graphics 400,Chrome OS,1.2kg,287.9,5,10,64
1064,Lenovo,ThinkPad X1,Notebook,14.0,IPS Panel 2560x1440,Intel Core i7 6600U 2.6GHz,16GB,256GB SSD,Intel HD Graphics 520,Windows 7,1.1kg,2620.0,4,9,89
1065,HP,Noteb Pav,Notebook,15.6,IPS Panel Full HD 1920x1080,Intel Core i7 7500U 2.7GHz,8GB,1TB HDD,Nvidia GeForce 940MX,Windows 10,1.91kg,979.0,5,8,83
1066,Dell,Inspiron 5578,2 in 1 Convertible,15.6,IPS Panel Full HD / Touchscreen 1920x1080,Intel Core i5 7200U 2.7GHz,8GB,256GB SSD,Intel HD Graphics 620,Windows 10,2.3kg,1094.0,2,8,62
1067,HP,ProBook 450,Notebook,15.6,1366x768,Intel Core i5 7200U 2.5GHz,4GB,256GB SSD,Intel HD Graphics 620,Windows 10,2.04kg,979.0,3,4,70
1068,Dell,XPS 13,Ultrabook,13.3,Quad HD+ / Touchscreen 3200x1800,Intel Core i7 7500U 2.7GHz,16GB,1TB SSD,Intel HD Graphics 620,Windows 10,1.2kg,2254.0,4,5,63
1069,HP,ProBook 650,Notebook,15.6,1366x768,Intel Core i3 6100U 2.3GHz,4GB,500GB HDD,Intel HD Graphics 520,Windows 10,2.31kg,705.15,2,9,85
1070,HP,250 G5,Notebook,15.6,1366x768,Intel Core i5 7200U 2.5GHz,4GB,500GB HDD,Intel HD Graphics 620,No OS,1.96kg,499.0,2,7,86
1071,Acer,Aspire ES1-523,Notebook,15.6,1366x768,AMD A8-Series 7410 2.2GHz,8GB,1TB HDD,AMD Radeon R5,Windows 10,2.4kg,449.0,0,5,86
1072,Dell,Inspiron 7378,2 in 1 Convertible,13.3,IPS Panel Full HD / Touchscreen 1920x1080,Intel Core i7 7500U 2.7GHz,12GB,256GB SSD,Intel HD Graphics 620,Windows 10,1.6kg,1299.0,5,5,65
1073,MSI,GT62VR 6RD,Gaming,15.6,Full HD 1920x1080,Intel Core i7 6700HQ 2.6GHz,16GB,256GB SSD +  1TB HDD,Nvidia GeForce GTX 1060,Windows 10,2.94kg,1819.0,1,9,74
1074,HP,ProBook 450,Notebook,15.6,Full HD 1920x1080,Intel Core i7 7500U 2.7GHz,8GB,256GB SSD,Intel HD Graphics 620,Windows 10,2.04kg,1070.0,1,10,89
1075,Asus,Rog G752VL-GC088D,Gaming,17.3,IPS Panel Full HD 1920x1080,Intel Core i7 6700HQ 2.6GHz,16GB,1TB HDD,Nvidia GeForce GTX 965M,No OS,4kg,998.0,4,4,96
1076,Dell,Inspiron 3567,Notebook,15.6,Full HD 1920x1080,Intel Core i5 7200U 2.5GHz,4GB,1TB HDD,Intel HD Graphics,Windows 10,2.25kg,559.0,1,4,96
1077,Dell,Inspiron 5567,Notebook,15.6,Full HD 1920x1080,Intel Core i7 7500U 2.7GHz,16GB,2TB HDD,AMD Radeon R7 M445,Windows 10,2.32kg,989.99,3,4,96
1079,MSI,GS63VR 6RF,Gaming,15.6,Full HD 1920x1080,Intel Core i7 6700HQ 2.6GHz,16GB,256GB SSD +  1TB HDD,Nvidia GeForce GTX 1060,Windows 10,1.8kg,1929.0,1,4,94
1080,Dell,XPS 13,Ultrabook,13.3,Full HD 1920x1080,Intel Core i7 7500U 2.7GHz,8GB,256GB SSD,Intel HD Graphics 620,Windows 10,1.29kg,1458.0,4,8,82
1081,Asus,ROG G701VO,Gaming,17.3,IPS Panel Full HD 1920x1080,Intel Core i7 6820HK 2.7GHz,64GB,1TB SSD,Nvidia GeForce GTX 980 ,Windows 10,3.58kg,3975.0,1,4,65
1082,Dell,Inspiron 5368,2 in 1 Convertible,13.3,Full HD / Touchscreen 1920x1080,Intel Core i7 6500U 2.5GHz,8GB,256GB SSD,Intel HD Graphics 520,Windows 10,1.62kg,798.01,3,8,63
1083,Dell,Alienware 15,Gaming,15.6,4K Ultra HD 3840x2160,Intel Core i7 6700HQ 2.6GHz,16GB,256GB SSD +  1TB HDD,Nvidia GeForce GTX 970M,Windows 10,3.21kg,1329.0,0,8,77
1084,Apple,"MacBook 12""",Ultrabook,12.0,IPS Panel Retina Display 2304x1440,Intel Core M 1.1GHz,8GB,256GB Flash Storage,Intel HD Graphics 515,Mac OS X,0.920kg,1300.0,4,10,68
1085,Dell,Latitude 3570,Notebook,15.6,1366x768,Intel Core i3 6100U 2.3GHz,4GB,500GB HDD,Intel HD Graphics 520,Windows 10,2.06kg,481.98,0,4,88
1086,HP,ProBook 650,Notebook,15.6,1366x768,Intel Core i5 6200U 2.3GHz,4GB,500GB HDD,Intel HD Graphics 520,Windows 10,2.31kg,1199.0,0,6,72
1087,HP,EliteBook 820,Ultrabook,12.5,Full HD 1920x1080,Intel Core i5 6200U 2.3GHz,8GB,256GB SSD,Intel HD Graphics 520,Windows 7,1.26kg,1199.0,0,7,76
1088,HP,ProBook 430,Notebook,13.3,Full HD 1920x1080,Intel Core i7 7500U 2.7GHz,8GB,256GB SSD,Intel HD Graphics 620,Windows 10,1.49kg,1090.0,2,5,91
1089,Lenovo,ThinkPad Yoga,Ultrabook,12.5,IPS Panel Full HD / Touchscreen 1920x1080,Intel Core i7 6500U 2.5GHz,8GB,256GB SSD,Intel HD Graphics 520,Windows 10,1.3kg,1713.49,5,8,81
1090,Lenovo,IdeaPad 300-17ISK,Notebook,17.3,1600x900,Intel Core i5 6200U 2.3GHz,8GB,1.0TB HDD,AMD Radeon R5 M330,Windows 10,3.0kg,659.0,2,9,63
1091,Lenovo,Ideapad 700-15ISK,Notebook,15.6,IPS Panel Full HD 1920x1080,Intel Core i5 6300HQ 2.3GHz,4GB,1TB HDD,Nvidia GeForce GTX 950M,Windows 10,2.3kg,977.0,5,9,64
1092,MSI,GT72VR Dominator,Gaming,17.3,Full HD 1920x1080,Intel Core i7 7700HQ 2.8GHz,16GB,256GB SSD +  1TB HDD,Nvidia GeForce GTX 1070,Windows 10,3.78kg,2499.0,0,7,96
1093,Lenovo,V110-15ISK (i5-6200U/4GB/500GB/W10),Notebook,15.6,1366x768,Intel Core i5 6200U 2.3GHz,4GB,500GB HDD,Intel HD Graphics 520,Windows 10,2.1kg,540.0,4,9,100
1094,HP,Probook 650,Notebook,15.6,Full HD 1920x1080,Intel Core i5 6200U 2.3GHz,4GB,500GB HDD,Intel HD Graphics 520,Windows 7,2.31kg,940.0,5,6,72
1095,Lenovo,Yoga 900S-12ISK,Ultrabook,12.5,IPS Panel Touchscreen 2560x1440,Intel Core M 6Y75 1.2GHz,8GB,512GB SSD,Intel HD Graphics 515,Windows 10,0.99kg,1399.0,3,9,93
1096,Lenovo,IdeaPad Y900-17ISK,Gaming,17.3,IPS Panel Full HD 1920x1080,Intel Core i7 6820HK 2.7GHz,32GB,512GB SSD +  1.0TB Hybrid,Nvidia GeForce GTX 980M,Windows 10,4.6kg,3240.0,3,5,81
1097,Lenovo,Yoga Book,2 in 1 Convertible,10.1,IPS Panel Touchscreen 1920x1200,Intel Atom x5-Z8550 1.44GHz,4GB,64GB Flash Storage,Intel HD Graphics 400,Windows 10,0.69kg,646.27,1,5,82
1098,HP,Spectre x360,Ultrabook,13.3,IPS Panel 4K Ultra HD 3840x2160,Intel Core i7 7500U 2.7GHz,16GB,512GB SSD,Intel HD Graphics 620,Windows 10,1.3kg,2049.0,5,8,62
1099,Dell,Vostro 3568,Notebook,15.6,Full HD 1920x1080,Intel Core i5 7200U 2.5GHz,8GB,256GB SSD,Intel HD Graphics 620,Windows 10,2.18kg,750.0,4,4,93
1100,HP,EliteBook 840,Notebook,14.0,Full HD 1920x1080,Intel Core i5 6200U 2.3GHz,4GB,500GB HDD,Intel HD Graphics 520,Windows 7,1.54kg,1030.99,2,10,91
1101,HP,ZBook 15u,Workstation,15.6,Full HD 1920x1080,Intel Core i7 6500U 2.5GHz,8GB,256GB SSD,AMD FirePro W4190M,Windows 7,1.9kg,1495.0,0,6,80
1102,Lenovo,ThinkPad T460,Notebook,14.0,Full HD 1920x1080,Intel Core i5 6200U 2.3GHz,8GB,180GB SSD,Intel HD Graphics 520,Windows 7,1.7kg,1199.0,1,8,80
1103,HP,Chromebook 13,Notebook,13.3,Quad HD+ 3200x1800,Intel Pentium Dual Core 4405Y 1.5GHz,4GB,32GB Flash Storage,Intel HD Graphics 515,Chrome OS,1.29kg,615.0,3,6,70
1104,Acer,Aspire ES1-523,Notebook,15.6,1366x768,AMD A8-Series 7410 2.2GHz,4GB,500GB HDD,AMD Radeon R5,Windows 10,2.4kg,387.0,2,4,98
1105,Dell,Inspiron 3552,Notebook,15.6,1366x768,Intel Pentium Quad Core N3700 1.6GHz,4GB,500GB HDD,Intel HD Graphics,Linux,2.2kg,393.49,2,9,63
1106,HP,250 G6,Notebook,15.6,1366x768,Intel Core i3 6006U 2GHz,4GB,1TB HDD,Intel HD Graphics 520,No OS,1.86kg,345.99,0,9,60
1107,Asus,Rog GL702VM-GC354T,Gaming,17.3,IPS Panel Full HD 1920x1080,Intel Core i7 7700HQ 2.8GHz,8GB,256GB SSD +  1TB HDD,Nvidia GeForce GTX 1060,Windows 10,2.7kg,1599.0,5,10,87
1108,Dell,Inspiron 5370,Ultrabook,13.3,IPS Panel Full HD 1920x1080,Intel Core i5 8250U 1.6GHz,4GB,256GB SSD,AMD Radeon 530,Windows 10,1.4kg,818.35,3,4,83
1109,HP,Elitebook 820,Netbook,12.5,1366x768,Intel Core i5 6200U 2.3GHz,4GB,128GB SSD,Intel HD Graphics 520,Windows 7,2.4kg,1599.0,4,8,94
1110,Acer,Aspire F5-573G,Notebook,15.6,Full HD 1920x1080,Intel Core i5 7200U 2.5GHz,8GB,256GB SSD +  1TB HDD,Nvidia GeForce GTX 950M,Windows 10,2.4kg,799.0,2,10,72
1111,Dell,Inspiron 5567,Notebook,15.6,Full HD 1920x1080,Intel Core i5 7200U 2.5GHz,8GB,1TB HDD,AMD Radeon R7 M445,Windows 10,2.36kg,638.8,0,4,93
1112,MSI,GS70 Stealth,Gaming,17.3,Full HD 1920x1080,Intel Core i7 6700HQ 2.6GHz,8GB,256GB SSD,Nvidia GeForce GTX 965M,Windows 10,2.6kg,1599.0,4,7,70
1113,HP,250 G5,Notebook,15.6,1366x768,Intel Pentium Quad Core N3710 1.6GHz,4GB,1TB HDD,Intel HD Graphics 405,Windows 10,1.96kg,500.0,5,5,95
1114,Asus,G752VY-GC162T (i7-6700HQ/16GB/1TB,Gaming,17.3,IPS Panel Full HD 1920x1080,Intel Core i7 6700HQ 2.6GHz,16GB,128GB SSD +  1TB HDD,Nvidia GeForce GTX 980M,Windows 10,4.3kg,2299.0,3,10,76
1115,Dell,Latitude E5270,Ultrabook,12.5,1366x768,Intel Core i3 6100U 2.3GHz,4GB,500GB HDD,Intel HD Graphics 520,Windows 7,1.5kg,1135.15,5,10,94
1116,Dell,Latitude E5270,Ultrabook,12.5,1366x768,Intel Core i3 6100U 2.3GHz,4GB,128GB SSD,Intel HD Graphics 520,Windows 7,1.5kg,1166.97,2,8,77
1117,Acer,Chromebook 15,Notebook,15.6,1366x768,Intel Celeron Dual Core 3205U 1.5GHz,4GB,16GB SSD,Intel HD Graphics,Chrome OS,2.20kg,209.0,4,6,99
1118,HP,ZBook 17,Workstation,17.3,IPS Panel Full HD 1920x1080,Intel Core i7 6700HQ 2.6GHz,8GB,1TB HDD,AMD FirePro W6150M,Windows 7,3.0kg,2899.0,4,7,81
1119,Lenovo,Legion Y520-15IKBN,Gaming,15.6,Full HD 1920x1080,Intel Core i7 7700HQ 2.8GHz,16GB,512GB SSD,Nvidia GeForce GTX 1050 Ti,Windows 10,2.4kg,1199.0,4,8,83
1120,Dell,Latitude E5270,Ultrabook,12.5,1366x768,Intel Core i5 6200U 2.3GHz,8GB,256GB SSD,Intel HD Graphics 520,Windows 7,1.5kg,1413.1,2,4,78
1121,MSI,GE72 Apache,Gaming,17.3,Full HD 1920x1080,Intel Core i7 6700HQ 2.6GHz,8GB,128GB SSD +  1TB HDD,Nvidia GeForce GTX 960M,Windows 10,2.9kg,1511.19,2,4,96
1122,Lenovo,Yoga 500-15ISK,2 in 1 Convertible,15.6,IPS Panel Full HD / Touchscreen 1920x1080,Intel Core i5 6200U 2.3GHz,4GB,256GB SSD,Intel HD Graphics 520,Windows 10,2.1kg,867.0,5,4,98
1123,HP,15-bw011nv (A6-9220/4GB/1TB/FHD/W10),Notebook,15.6,Full HD 1920x1080,AMD A6-Series 9220 2.5GHz,4GB,1TB HDD,AMD Radeon R4,Windows 10,2.1kg,398.0,1,4,80
1124,Asus,Rog GL552VW-CN470T,Gaming,15.6,IPS Panel Full HD 1920x1080,Intel Core i7 6700HQ 2.6GHz,16GB,128GB SSD +  1TB HDD,Nvidia GeForce GTX 960M,Windows 10,2.59kg,1339.0,5,6,67
1125,HP,EliteBook 1030,Notebook,13.3,Quad HD+ / Touchscreen 3200x1800,Intel Core M 6Y54 1.1GHz,8GB,256GB SSD,Intel HD Graphics 515,Windows 10,1.16kg,1699.0,3,7,87
1126,Dell,Vostro 3559,Notebook,15.6,1366x768,Intel Core i5 6200U 2.3GHz,4GB,500GB HDD,AMD Radeon R5 M315,Windows 7,2.24kg,769.15,0,9,64
1127,Lenovo,V110-15ISK (i3-6006U/4GB/128GB/W10),Notebook,15.6,1366x768,Intel Core i3 6006U 2.0GHz,4GB,128GB SSD,Intel HD Graphics 520,Windows 10,2.1kg,429.0,4,5,76
1128,HP,Spectre Pro,Ultrabook,13.3,Full HD 1920x1080,Intel Core i7 6500U 2.5GHz,8GB,512GB SSD,Intel HD Graphics 520,Windows 10,1.16kg,1969.0,1,6,96
1129,Lenovo,Yoga Book,2 in 1 Convertible,10.1,IPS Panel Touchscreen 1920x1200,Intel Atom x5-Z8550 1.44GHz,4GB,64GB Flash Storage,Intel HD Graphics 400,Android,0.69kg,549.0,0,6,95
1130,Dell,XPS 13,Ultrabook,13.3,Full HD 1920x1080,Intel Core i7 7560U 2.4GHz,8GB,256GB SSD,Intel Iris Plus Graphics 640,Windows 10,1.23kg,1379.0,1,9,78
1131,Lenovo,IdeaPad Y900-17ISK,Gaming,17.3,IPS Panel Full HD 1920x1080,Intel Core i7 6820HK 2.7GHz,16GB,256GB SSD +  1.0TB Hybrid,Nvidia GeForce GTX 980M,Windows 10,4.6kg,2749.99,5,9,86
1132,Razer,Blade Stealth,Ultrabook,12.5,Touchscreen / 4K Ultra HD 3840x2160,Intel Core i7 6500U 2.5GHz,8GB,256GB SSD,Intel HD Graphics 520,Windows 10,1.25kg,1029.0,2,5,93
1133,Toshiba,Portege X30-D-10K,Ultrabook,13.3,Full HD 1920x1080,Intel Core i7 7500U 2.7GHz,16GB,512GB SSD,Intel HD Graphics 620,Windows 10,1.05kg,2226.0,4,5,70
1134,Asus,Rog GL752VW-T4308T,Gaming,17.3,Full HD 1920x1080,Intel Core i7 6700HQ 2.6GHz,8GB,128GB SSD +  1TB HDD,Nvidia GeForce GTX 960M,Windows 10,3.52kg,1312.49,5,9,71
1135,Vero,V131 (X5-Z8350/4GB/32GB/FHD/W10),Notebook,13.3,Full HD 1920x1080,Intel Atom X5-Z8350 1.44GHz,4GB,32GB Flash Storage,Intel HD Graphics 400,Windows 10,1.35kg,196.0,0,4,80
1136,HP,Spectre Pro,Notebook,13.3,Full HD 1920x1080,Intel Core i5 6200U 2.3GHz,8GB,256GB SSD,Intel HD Graphics 520,Windows 10,1.16kg,1690.0,0,6,70
1137,HP,EliteBook 1040,Notebook,14.0,Full HD 1920x1080,Intel Core i5 6200U 2.3GHz,8GB,256GB SSD,Intel HD Graphics 520,Windows 7,1.43kg,1513.0,0,8,98
1138,Dell,Latitude E5570,Notebook,15.6,1366x768,Intel Core i5 6200U 2.3GHz,4GB,500GB HDD,Intel HD Graphics 520,Linux,2.09kg,523.63,0,5,87
1139,Asus,VivoBook Max,Notebook,15.6,1366x768,Intel Core i3 7100U 2.4GHz,4GB,1TB HDD,Intel HD Graphics 620,Windows 10,2kg,435.0,0,5,64
1140,Lenovo,ThinkPad Yoga,2 in 1 Convertible,14.0,IPS Panel Full HD / Touchscreen 1920x1080,Intel Core i7 6500U 2.5GHz,8GB,256GB SSD,Intel HD Graphics 520,Windows 10,1.8kg,1669.0,1,9,76
1141,Lenovo,Yoga Book,2 in 1 Convertible,10.1,IPS Panel Touchscreen 1920x1200,Intel Atom x5-Z8550 1.44GHz,4GB,64GB Flash Storage,Intel HD Graphics 400,Windows 10,0.69kg,479.0,5,7,79
1142,HP,EliteBook 820,Ultrabook,12.5,1366x768,Intel Core i5 6300U 2.4GHz,8GB,256GB SSD,Intel HD Graphics 520,Windows 7,1.26kg,1895.0,4,8,100
1143,Lenovo,Legion Y520-15IKBN,Gaming,15.6,IPS Panel Full HD 1920x1080,Intel Core i5 7300HQ 2.5GHz,8GB,128GB SSD +  1TB HDD,Nvidia GeForce GTX 1060,No OS,2.4kg,989.0,2,8,71
1144,HP,Omen -,Gaming,17.3,IPS Panel Full HD 1920x1080,Intel Core i5 6300HQ 2.3GHz,8GB,128GB SSD +  1TB HDD,Nvidia GeForce GTX 1060,Windows 10,3.35kg,1129.0,2,5,65
1145,HP,15-bs078cl (i7-7500U/8GB/2TB/W10),Notebook,15.6,1366x768,Intel Core i7 7500U 2.7GHz,8GB,2TB HDD,Intel HD Graphics 620,Windows 10,2.04kg,629.0,5,4,76
1146,Lenovo,ThinkPad P40,2 in 1 Convertible,14.0,IPS Panel Full HD / Touchscreen 1920x1080,Intel Core i7 6600U 2.6GHz,8GB,512GB SSD,Nvidia Quadro M500M,Windows 7,1.8kg,2050.38,5,7,78
1147,Asus,L403NA-GA013TS (N3350/4GB/32GB/W10),Notebook,14.0,1366x768,Intel Celeron Dual Core N3350 1.1GHz,4GB,32GB Flash Storage,Intel HD Graphics 500,Windows 10,1.5kg,278.0,2,8,85
1148,HP,250 G6,Ultrabook,15.6,Full HD 1920x1080,Intel Core i7 7500U 2.7GHz,8GB,256GB SSD,Intel HD Graphics 620,Windows 10,1.84kg,752.0,2,5,91
1149,Acer,Aspire E5-576G,Notebook,15.6,Full HD 1920x1080,Intel Core i5 7200U 2.5GHz,4GB,1TB HDD,Nvidia GeForce 940MX,Windows 10,2.23kg,616.0,1,8,65
1150,Lenovo,IdeaPad 500-15ISK,Notebook,15.6,Full HD 1920x1080,Intel Core i7 6500U 2.5GHz,16GB,1.0TB Hybrid,AMD Radeon R7 M360,Windows 10,2.5kg,1099.0,3,10,95
1151,HP,ZBook 17,Workstation,17.3,IPS Panel Full HD 1920x1080,Intel Core i7 6700HQ 2.6GHz,8GB,256GB SSD,Nvidia Quadro M3000M,Windows 7,3kg,3949.4,4,7,97
1153,Dell,Inspiron 5567,Notebook,15.6,1366x768,Intel Core i5 7200U 2.5GHz,8GB,1TB HDD,AMD Radeon R7 M445,Windows 10,2.5kg,784.0,0,7,70
1154,MSI,GT72S Dominator,Gaming,17.3,Full HD 1920x1080,Intel Core i7 6820HQ 2.7GHz,16GB,256GB SSD +  1TB HDD,Nvidia GeForce GTX 980M,Windows 10,3.78kg,2399.0,3,10,92
1155,HP,EliteBook 850,Ultrabook,15.6,Full HD 1920x1080,Intel Core i7 6500U 2.5GHz,8GB,256GB SSD,Intel HD Graphics 520,Windows 7,1.88kg,2171.72,5,6,83
1156,Lenovo,ThinkPad X1,2 in 1 Convertible,14.0,IPS Panel Touchscreen 2560x1440,Intel Core i7 6600U 2.6GHz,16GB,512GB SSD,Intel HD Graphics 520,Windows 10,2.8kg,2440.0,2,10,82
1157,MSI,GP62M 7RDX,Gaming,15.6,Full HD 1920x1080,Intel Core i7 7700HQ 2.8GHz,8GB,128GB SSD +  1TB HDD,Nvidia GeForce GTX 1050,Windows 10,2.4kg,1142.8,3,9,74
1160,HP,Spectre Pro,2 in 1 Convertible,13.3,Full HD / Touchscreen 1920x1080,Intel Core i5 6300U 2.4GHz,8GB,256GB SSD,Intel HD Graphics 520,Windows 10,1.48kg,1629.0,4,9,86
1161,HP,ZBook 15,Workstation,15.6,IPS Panel Full HD 1920x1080,Intel Core i7 6700HQ 2.6GHz,8GB,256GB SSD,Nvidia Quadro M1000M,Windows 7,2.59kg,2229.0,5,5,70
1162,HP,Spectre Pro,2 in 1 Convertible,13.3,Touchscreen 2560x1440,Intel Core i7 6600U 2.6GHz,8GB,256GB SSD,Intel HD Graphics 520,Windows 10,1.48kg,1799.0,0,7,76
1163,HP,ZBook Studio,Workstation,15.6,Full HD 1920x1080,Intel Core i7 6700HQ 2.6GHz,8GB,256GB SSD,Nvidia Quadro M1000M,Windows 7,2.0kg,1899.0,0,6,73
1164,HP,EliteBook 820,Ultrabook,12.5,Full HD 1920x1080,Intel Core i7 6500U 2.50GHz,8GB,256GB SSD,Intel HD Graphics 520,Windows 7,1.26kg,2296.95,4,6,86
1165,Dell,Vostro 5568,Notebook,15.6,Full HD 1920x1080,Intel Core i7 7500U 2.7GHz,8GB,256GB SSD,Nvidia GeForce 940MX,Windows 10,2.18kg,1009.9,4,8,77
1166,HP,EliteBook 850,Notebook,15.6,Full HD 1920x1080,Intel Core i5 6200U 2.3GHz,8GB,256GB SSD,Intel HD Graphics 520,Windows 7,1.88kg,1579.0,2,8,87
1167,Lenovo,ThinkPad X1,2 in 1 Convertible,14.0,IPS Panel Touchscreen 2560x1440,Intel Core i7 6500U 2.5GHz,8GB,256GB SSD,Intel HD Graphics 520,Windows 10,1.27kg,2339.0,0,10,63
1168,Lenovo,V110-15ISK (i3-6006U/4GB/1TB/No,Notebook,15.6,1366x768,Intel Core i3 6006U 2.0GHz,4GB,1TB HDD,Intel HD Graphics 520,No OS,1.9kg,339.0,5,6,66
1169,HP,15-BA015wm (E2-7110/4GB/500GB/W10),Notebook,15.6,1366x768,AMD E-Series 7110 1.8GHz,4GB,500GB HDD,AMD Radeon R2 Graphics,Windows 10,1.86kg,297.0,3,10,94
1170,Lenovo,B51-80 (i5-6200U/8GB/1TB/Radeon,Notebook,15.6,Full HD 1920x1080,Intel Core i5 6200U 2.3GHz,8GB,1TB HDD,AMD Radeon R5 M330,No OS,2.32kg,599.0,5,10,68
1171,Dell,Inspiron 7567,Gaming,15.6,Full HD 1920x1080,Intel Core i7 7700HQ 2.8GHz,8GB,1TB HDD,Nvidia GeForce GTX 1050Ti,Windows 10,2.62kg,1199.0,1,8,67
1172,Dell,XPS 15,Notebook,15.6,IPS Panel Touchscreen / 4K Ultra HD 3840x2160,Intel Core i5 6300HQ 2.3GHz,8GB,256GB SSD,Nvidia GeForce 960M,Windows 10,2.04kg,2250.68,1,7,76
1173,HP,15-bw002nv (A6-9220/4GB/256GB/Radeon,Notebook,15.6,Full HD 1920x1080,AMD A6-Series A6-9220 2.5GHz,4GB,256GB SSD,AMD Radeon 520,Windows 10,1.91kg,478.89,4,10,76
1174,MSI,GP72M 7REX,Gaming,17.3,Full HD 1920x1080,Intel Core i7 7700HQ 2.8GHz,16GB,256GB SSD +  1TB HDD,Nvidia GeForce GTX 1050 Ti,Windows 10,2.7kg,1492.8,2,4,92
1175,Lenovo,ThinkPad T460s,Ultrabook,14.0,Full HD 1920x1080,Intel Core i7 6600U 2.6GHz,12GB,512GB SSD,Intel HD Graphics 520,Windows 7,1.4kg,2299.0,1,7,91
1176,Lenovo,B51-80 (i5-6200U/8GB/1008GB/Radeon,Notebook,15.6,Full HD 1920x1080,Intel Core i5 6200U 2.3GHz,8GB,1.0TB Hybrid,AMD Radeon R5 M330,Windows 10,2.5kg,788.49,0,6,67
1177,HP,Spectre Pro,2 in 1 Convertible,13.3,Touchscreen 2560x1440,Intel Core i7 6600U 2.6GHz,8GB,512GB SSD,Intel HD Graphics 520,Windows 10,1.48kg,2041.0,5,6,78
1178,Lenovo,ThinkPad T460,Ultrabook,14.0,Full HD 1920x1080,Intel Core i7 6600U 2.6GHz,8GB,256GB SSD,Intel HD Graphics 520,Windows 7,1.7kg,1499.0,5,10,97
1179,MSI,GS40 Phantom,Gaming,14.0,Full HD 1920x1080,Intel Core i7 6700HQ 2.6GHz,16GB,256GB SSD +  1TB HDD,Nvidia GeForce GTX 970M,Windows 10,1.7kg,1769.0,4,7,62
1180,HP,Pavilion 15-cb003nv,Gaming,15.6,IPS Panel Full HD 1920x1080,Intel Core i7 7700HQ 2.8GHz,8GB,1TB HDD,Nvidia GeForce GTX 1050,Windows 10,2.62kg,899.0,3,8,64
1181,Lenovo,IdeaPad 310-15ISK,Notebook,15.6,1366x768,Intel Core i3 6006U 2.0GHz,8GB,1TB HDD,Intel HD Graphics 520,Windows 10,2.2kg,459.0,4,8,72
1182,HP,250 G4,Notebook,15.6,1366x768,Intel Core i5 6200U 2.3GHz,4GB,500GB HDD,Intel HD Graphics 520,No OS,2.1kg,476.99,3,9,90
1183,Dell,Inspiron 7567,Gaming,15.6,4K Ultra HD 3840x2160,Intel Core i7 7700HQ 2.8GHz,8GB,128GB SSD +  1TB HDD,Nvidia GeForce GTX 1050 Ti,Windows 10,2.62kg,1498.0,4,6,75
1184,Lenovo,ThinkPad T570,Notebook,15.6,IPS Panel Full HD 1920x1080,Intel Core i5 7200U 2.5GHz,8GB,256GB SSD,Intel HD Graphics 620,Windows 10,1.95kg,1390.0,4,5,91
1185,Lenovo,320-15ISK (i3-6006U/4GB/1TB/GeForce,Notebook,15.6,Full HD 1920x1080,Intel Core i3 6006U 2GHz,4GB,1TB HDD,Nvidia GeForce 920MX ,Windows 10,2.2kg,468.0,4,9,81
1186,HP,Stream 14-AX000nv,Notebook,14.0,1366x768,Intel Celeron Dual Core N3060 1.6GHz,2GB,32GB Flash Storage,Intel HD Graphics 400,Windows 10,1.44kg,249.0,3,8,88
1187,MSI,PL60 7RD,Gaming,15.6,IPS Panel Full HD 1920x1080,Intel Core i7 7500U 2.7GHz,8GB,1TB HDD,Nvidia GeForce GTX 1050,Windows 10,2.2kg,839.0,3,7,81
1188,HP,250 G5,Notebook,15.6,Full HD 1920x1080,Intel Core i7 6500U 2.5GHz,8GB,256GB SSD,Intel HD Graphics 520,Windows 10,1.96kg,679.0,4,8,62
1189,HP,ProBook 450,Notebook,15.6,Full HD 1920x1080,Intel Core i7 8550U 1.8GHz,16GB,512GB SSD,Intel UHD Graphics 620,Windows 10,2.1kg,1159.0,1,7,69
1190,Asus,X553SA-XX021T (N3050/4GB/500GB/W10),Notebook,15.6,1366x768,Intel Celeron Dual Core N3050 1.6GHz,4GB,500GB HDD,Intel HD Graphics,Windows 10,2.2kg,369.0,2,9,80
1191,Lenovo,V110-15ISK (i5-6200U/4GB/500GB/No,Notebook,15.6,1366x768,Intel Core i5 6200U 2.3GHz,4GB,500GB HDD,Intel HD Graphics 520,No OS,2.1kg,398.0,2,6,75
1192,Lenovo,IdeaPad 510-15IKB,Notebook,15.6,Full HD 1920x1080,Intel Core i7 7500U 2.7GHz,8GB,1TB HDD,Nvidia GeForce 940MX,No OS,2.2kg,709.0,2,8,71
1193,Asus,UX410UA-GV097T (i3-7100U/4GB/256GB/FHD/W10),Notebook,14.0,Full HD 1920x1080,Intel Core i3 7100U 2.4GHz,4GB,256GB SSD,Intel HD Graphics 620,Windows 10,2kg,769.0,3,10,61
1194,Lenovo,B51-80 (i7-6500U/4GB/1008GB/FHD/W7),Notebook,15.6,Full HD 1920x1080,Intel Core i7 6500U 2.5GHz,4GB,1.0TB Hybrid,Intel HD Graphics 520,Windows 7,2.32kg,825.0,3,7,100
1195,Lenovo,IdeaPad Y700-15ISK,Gaming,15.6,IPS Panel Full HD 1920x1080,Intel Core i7 6700HQ 2.6GHz,16GB,512GB SSD,Nvidia GeForce GTX 960,Windows 10,3.31kg,1305.0,1,6,83
1196,MSI,GS60 Ghost,Gaming,15.6,Full HD 1920x1080,Intel Core i7 6700HQ 2.6GHz,16GB,128GB SSD +  1TB HDD,Nvidia GeForce GTX 970M,Windows 10,1.91kg,2153.37,2,5,94
1197,HP,ProBook 450,Notebook,15.6,1366x768,Intel Core i3 6100U 2.3GHz,4GB,500GB HDD,Intel HD Graphics 520,Windows 10,2.07kg,650.0,2,7,89
1198,Lenovo,ThinkPad X1,2 in 1 Convertible,14.0,IPS Panel Touchscreen 2560x1440,Intel Core i5 6200U 2.3GHz,8GB,256GB SSD,Intel HD Graphics 520,Windows 10,1.36kg,1637.0,4,9,89
1199,Lenovo,IdeaPad 310-15IKB,Ultrabook,15.6,Full HD 1920x1080,Intel Core i7 7500U 2.7GHz,6GB,256GB SSD,Nvidia GeForce 920M,Windows 10,1.54kg,831.0,3,5,94
1200,Dell,Vostro 5568,Notebook,15.6,Full HD 1920x1080,Intel Core i7 7500U 2.7GHz,8GB,256GB SSD,Nvidia GeForce GT 940MX,Linux,1.98kg,895.01,2,5,78
1201,Acer,Aspire 3,Notebook,15.6,1366x768,Intel Celeron Dual Core N3350 2GHz,4GB,500GB HDD,Intel HD Graphics 500,Windows 10,2.1kg,333.0,5,4,67
1202,HP,Pavilion 15-BC000nv,Notebook,15.6,IPS Panel Full HD 1920x1080,Intel Core i7 6700HQ 2.6GHz,6GB,1TB HDD,Nvidia GeForce GTX 960M,Windows 10,2.18kg,799.0,1,8,85
1203,Asus,Rog GL552VW-DM201T,Gaming,15.6,IPS Panel Full HD 1920x1080,Intel Core i7 6700HQ 2.6GHz,8GB,256GB SSD +  1TB HDD,Nvidia GeForce GTX 960M,Windows 10,2.591kg,909.0,5,7,99
1204,Dell,Inspiron 5578,2 in 1 Convertible,15.6,Full HD / Touchscreen 1920x1080,Intel Core i7 7500U 2.7GHz,16GB,512GB SSD,Intel HD Graphics 620,Windows 10,2.09kg,1179.0,5,5,66
1205,Acer,Aspire E5-576G,Notebook,15.6,Full HD 1920x1080,Intel Core i5 7200U 2.5GHz,4GB,256GB SSD,Nvidia GeForce 940MX,Windows 10,2.23kg,691.0,1,4,89
1206,Dell,XPS 13,Ultrabook,13.3,Quad HD+ / Touchscreen 3200x1800,Intel Core i5 6300U 2.4GHz,8GB,256GB SSD,Intel HD Graphics 520,Linux,1.23kg,1099.0,5,9,66
1207,Acer,Predator G9-793,Gaming,17.3,IPS Panel Full HD 1920x1080,Intel Core i7 7700HQ 2.8GHz,16GB,256GB SSD +  1TB HDD,Nvidia GeForce GTX 1070,Windows 10,4.2kg,2599.0,2,6,62
1208,Lenovo,Legion Y520-15IKBN,Gaming,15.6,IPS Panel Full HD 1920x1080,Intel Core i5 7300HQ 2.5GHz,8GB,1TB HDD,Nvidia GeForce GTX 1050,Windows 10,2.4kg,819.0,3,10,60
1209,Samsung,Chromebook Plus,2 in 1 Convertible,12.3,IPS Panel Touchscreen 2400x1600,Samsung Cortex A72&A53 2.0GHz,4GB,32GB Flash Storage,ARM Mali T860 MP4,Chrome OS,1.15kg,659.0,1,10,95
1210,HP,250 G6,Notebook,15.6,1366x768,Intel Core i5 7200U 2.5GHz,4GB,500GB HDD,Intel HD Graphics 620,Windows 10,1.86kg,485.0,4,7,84
1211,Apple,"MacBook 12""",Ultrabook,12.0,IPS Panel Retina Display 2304x1440,Intel Core M 1.1GHz,8GB,256GB Flash Storage,Intel HD Graphics 5300,Mac OS X,0.920kg,1163.0,5,5,96
1212,Dell,Inspiron 7378,2 in 1 Convertible,13.3,IPS Panel Full HD / Touchscreen 1920x1080,Intel Core i5 7200U 2.5GHz,8GB,256GB SSD,Intel HD Graphics 620,Windows 10,1.6kg,1199.0,1,10,60
1213,HP,Pavilion Power,Notebook,15.6,IPS Panel Full HD 1920x1080,Intel Core i7 7700HQ 2.8GHz,12GB,128GB SSD +  1TB HDD,Nvidia GeForce GTX 1050,Windows 10,2.21kg,1327.0,0,8,74
1214,Lenovo,V110-15ISK (i3-6006U/4GB/1TB/Radeon,Notebook,15.6,1366x768,Intel Core i3 6006U 2GHz,4GB,1TB HDD,AMD Radeon R5 M430,No OS,1.9kg,368.0,0,10,96
1215,Asus,Rog G752VY-GC229T,Gaming,17.3,IPS Panel Full HD 1920x1080,Intel Core i7 6700HQ 2.6GHz,16GB,512GB SSD +  1TB HDD,Nvidia GeForce GTX 980M,Windows 10,4.3kg,2150.0,3,10,72
1216,Acer,Aspire 3,Notebook,15.6,1366x768,Intel Celeron Dual Core N3350 2GHz,4GB,1TB HDD,Intel HD Graphics 500,Linux,2.1kg,272.0,2,10,99
1217,MSI,GS73VR 7RF,Gaming,17.3,Full HD 1920x1080,Intel Core i7 7700HQ 2.8GHz,16GB,256GB SSD +  1TB HDD,Nvidia GeForce GTX 1060,Windows 10,2.43kg,2048.9,3,4,67
1218,Dell,Inspiron 5567,Notebook,15.6,1366x768,Intel Core i3 6006U 2.0GHz,4GB,128GB SSD,AMD Radeon R7 M440,Windows 10,2.3kg,499.0,3,5,64
1219,Lenovo,IdeaPad 310-15ISK,Notebook,15.6,1366x768,Intel Core i7 6500U 2.5GHz,8GB,500GB HDD,Nvidia GeForce 920MX,No OS,2.2kg,629.0,3,8,68
1220,Dell,Inspiron 5579,2 in 1 Convertible,15.6,Full HD / Touchscreen 1920x1080,Intel Core i7 8550U 1.8GHz,16GB,512GB SSD,Intel UHD Graphics 620,Windows 10,2kg,1285.0,3,5,60
1221,Dell,XPS 13,Ultrabook,13.3,Quad HD+ / Touchscreen 3200x1800,Intel Core i7 7500U 2.7GHz,16GB,512GB SSD,Intel HD Graphics 620,Windows 10,1.2kg,2680.0,4,7,95
1222,Asus,FX502VM-DM105T (i7-6700HQ/8GB/1TB/GeForce,Gaming,15.6,Full HD 1920x1080,Intel Core i7 6700HQ 2.6GHz,8GB,1TB HDD,Nvidia GeForce GTX 1060,Windows 10,2.2kg,1169.0,4,7,94
1223,Dell,Inspiron 5567,Notebook,15.6,Full HD 1920x1080,Intel Core i5 7200U 2.5GHz,8GB,256GB SSD,AMD Radeon R7 M445,Windows 10,2.36kg,889.0,1,7,61
1224,HP,15-bs025nv (i5-7200U/8GB/256GB/W10),Notebook,15.6,1366x768,Intel Core i5 7200U 2.5GHz,8GB,256GB SSD,Intel HD Graphics 620,Windows 10,1.91kg,579.0,0,9,99
1225,Lenovo,IdeaPad 320-15AST,Notebook,15.6,1366x768,AMD E-Series 9000 2.2GHz,4GB,500GB HDD,AMD Radeon R2 Graphics,Windows 10,2.2kg,299.0,3,10,82
1226,Acer,Aspire E5-774G,Notebook,17.3,1600x900,Intel Core i3 6006U 2.0GHz,8GB,1TB HDD,Nvidia GeForce 940MX,Windows 10,3.3kg,629.0,1,9,68
1227,Asus,Rog Strix,Gaming,15.6,Full HD 1920x1080,Intel Core i7 7700HQ 2.8GHz,16GB,256GB SSD +  1TB HDD,Nvidia GeForce GTX 1070,Windows 10,2.2kg,2449.0,0,4,93
1228,Apple,"MacBook 12""",Ultrabook,12.0,IPS Panel Retina Display 2304x1440,Intel Core M 1.2GHz,8GB,512GB Flash Storage,Intel HD Graphics 515,Mac OS X,0.920kg,1279.0,5,7,73
1229,Asus,FX502VM-AS73 (i7-7700HQ/16GB/1TB,Notebook,15.6,Full HD 1920x1080,Intel Core i7 7700HQ 2.8GHz,16GB,128GB SSD +  1TB HDD,Nvidia GeForce GTX 1060,Windows 10,2.2kg,1749.0,2,8,63
1230,MSI,GS73VR Stealth,Gaming,17.3,IPS Panel Full HD 1920x1080,Intel Core i7 6700HQ 2.6GHz,16GB,256GB SSD +  1TB HDD,Nvidia GeForce GTX 1060,Windows 10,2.43kg,1948.99,4,5,89
1231,Dell,Inspiron 7579,2 in 1 Convertible,15.6,IPS Panel Full HD / Touchscreen 1920x1080,Intel Core i5 7200U 2.5GHz,8GB,256GB SSD,Intel HD Graphics 620,Windows 10,2.191kg,999.0,5,10,90
1232,Asus,ROG Strix,Gaming,17.3,Full HD 1920x1080,Intel Core i7 7700HQ 2.8GHz,16GB,256GB SSD +  1TB HDD,Nvidia GeForce GTX 1060,Windows 10,2.9kg,1949.0,0,6,97
1233,Acer,C740-C9QX (3205U/2GB/32GB/Chrome,Netbook,11.6,1366x768,Intel Celeron Dual Core 3205U 1.5GHz,2GB,32GB SSD,Intel HD Graphics,Chrome OS,1.3kg,174.0,5,8,70
1234,Acer,E5 774G,Notebook,17.3,1600x900,Intel Core i3 6006U 2GHz,4GB,1TB HDD,Nvidia GeForce 940MX,Windows 10,3.3kg,598.0,2,10,94
1235,Lenovo,IdeaPad 320-17IKB,Notebook,17.3,1600x900,Intel Core i5 7200U 2.5GHz,8GB,1TB HDD,Intel HD Graphics 620,No OS,2.8kg,539.0,0,9,67
1236,Lenovo,IdeaPad Y700-15ISK,Gaming,15.6,IPS Panel Full HD 1920x1080,Intel Core i7 6700HQ 2.6GHz,8GB,128GB SSD +  1TB HDD,Nvidia GeForce GTX 960<U+039C>,Windows 10,2.6kg,1272.0,5,9,62
1237,Acer,SP714-51 (i7-7Y75/8GB/256GB/FHD/W10),2 in 1 Convertible,14.0,IPS Panel Full HD / Touchscreen 1920x1080,Intel Core i7 7Y75 1.3GHz,8GB,256GB SSD,Intel HD Graphics 615,Windows 10,1.2kg,1149.0,4,8,73
1238,Lenovo,Thinkpad T560,Notebook,15.6,IPS Panel Full HD 1920x1080,Intel Core i7 6600U 2.6GHz,8GB,256GB SSD,Intel HD Graphics 520,Windows 10,2.3kg,1529.0,4,9,72
1239,MSI,GP62MVR 6RF,Gaming,15.6,Full HD 1920x1080,Intel Core i7 6700HQ 2.6GHz,8GB,128GB SSD +  1TB HDD,Nvidia GeForce GTX 1060,Windows 10,2.2kg,1476.11,1,7,91
1240,HP,15-bw009nv (A12-9720P/6GB/1TB/Radeon,Notebook,15.6,Full HD 1920x1080,AMD A12-Series 9720P 2.7GHz,6GB,1TB HDD,AMD Radeon 530,Windows 10,2.1kg,529.0,5,4,93
1241,Dell,Latitude E7270,Ultrabook,12.5,Full HD / Touchscreen 1920x1080,Intel Core i5 6300U 2.4GHz,8GB,256GB SSD,Intel HD Graphics 520,Windows 7,1.26kg,1713.37,3,5,78
1242,Dell,Inspiron 5578,2 in 1 Convertible,15.0,Full HD / Touchscreen 1920x1080,Intel Core i3 7100U 2.4GHz,4GB,500GB HDD,Intel HD Graphics 620,Windows 10,2.08kg,509.0,5,4,97
1243,Asus,X540SA-RBPDN09 (N3710/4GB/1TB/W10),Notebook,15.6,1366x768,Intel Pentium Quad Core N3710 1.6GHz,4GB,1TB HDD,Intel HD Graphics 405,Windows 10,2.65kg,309.0,0,10,75
1244,Dell,XPS 13,Ultrabook,13.3,Quad HD+ / Touchscreen 3200x1800,Intel Core i7 7500U 2.7GHz,8GB,256GB SSD,Intel HD Graphics 620,Windows 10,1.29kg,1477.0,0,5,61
1245,Dell,Vostro 3568,Notebook,15.6,1366x768,Intel Core i5 7200U 2.5GHz,4GB,1TB HDD,Intel HD Graphics 520,Linux,2.18kg,521.86,5,5,99
1246,Lenovo,IdeaPad Y700-15ISK,Gaming,15.6,IPS Panel Full HD / Touchscreen 1920x1080,Intel Core i7 6700HQ 2.6GHz,16GB,128GB SSD +  1TB HDD,Nvidia GeForce GTX 960M,Windows 10,2.6kg,1029.0,2,4,76
1247,MSI,GL62M 7RDX,Gaming,15.6,Full HD 1920x1080,Intel Core i7 7700HQ 2.8GHz,8GB,128GB SSD +  1TB HDD,Nvidia GeForce GTX 1050,Windows 10,2.2kg,1149.0,4,8,93
1248,Lenovo,ThinkPad Yoga,Netbook,12.5,IPS Panel Full HD / Touchscreen 1920x1080,Intel Core i7 6500U 2.50GHz,16GB,512GB SSD,Intel HD Graphics 520,Windows 10,1.3kg,1650.0,0,5,75
1249,Razer,Blade Pro,Gaming,14.0,Full HD 1920x1080,Intel Core i7 7700HQ 2.8GHz,16GB,1TB SSD,Nvidia GeForce GTX 1060,Windows 10,1.95kg,3499.0,4,4,97
1250,Dell,Inspiron 3567,Notebook,15.6,Touchscreen 1366x768,Intel Core i3 7100U 2.4GHz,8GB,1TB HDD,Intel HD Graphics 620,Windows 10,2.3kg,469.01,0,5,61
1251,MSI,GE72VR Apache,Gaming,17.3,Full HD 1920x1080,Intel Core i7 7700HQ 2.8GHz,16GB,256GB SSD +  1TB HDD,Nvidia GeForce GTX 1060,Windows 10,2.7kg,1598.0,1,6,61
1252,Apple,MacBook Air,Ultrabook,11.6,1366x768,Intel Core i5 1.6GHz,4GB,256GB Flash Storage,Intel HD Graphics 6000,Mac OS X,1.08kg,959.0,3,8,85
1253,HP,15-bs023nv (i3-6006U/4GB/1TB/FHD/W10),Notebook,15.6,Full HD 1920x1080,Intel Core i3 6006U 2GHz,4GB,1TB HDD,Intel HD Graphics 520,Windows 10,2.1kg,478.0,0,7,72
1254,HP,EliteBook 840,Ultrabook,14.0,2560x1440,Intel Core i7 6500U 2.5GHz,8GB,256GB SSD,Intel HD Graphics 520,Windows 7,1.54kg,2198.19,4,5,90
1255,Dell,Vostro 3559,Notebook,15.6,1366x768,Intel Core i5 6200U 2.3GHz,4GB,500GB HDD,Intel HD Graphics 520,Windows 7,2.24kg,737.0,1,6,93
1256,MSI,GL62 6QF,Gaming,15.6,Full HD 1920x1080,Intel Core i7 6700HQ 2.6GHz,8GB,128GB SSD +  1TB HDD,Nvidia GeForce GTX 960M,Windows 10,2.3kg,1169.0,0,7,98
1257,Lenovo,ThinkPad 13,Notebook,13.3,IPS Panel Full HD 1920x1080,Intel Core i7 7500U 2.7GHz,16GB,512GB SSD,Intel HD Graphics 620,Windows 10,1.4kg,1499.0,2,7,62
1258,Lenovo,IdeaPad 320-15ABR,Notebook,15.6,Full HD 1920x1080,AMD A12-Series 9720P 3.6GHz,6GB,256GB SSD,AMD Radeon 530,Windows 10,2.2kg,597.57,3,10,67
1259,Asus,ZenBook UX310UA-WB71,Ultrabook,13.3,Full HD 1920x1080,Intel Core i7 6500U 2.5GHz,8GB,256GB SSD,Intel HD Graphics 520,Windows 10,1.45kg,1280.0,0,5,82
1260,Acer,Aspire ES1-572,Notebook,15.6,1366x768,Intel Core i3 6006U 2.0GHz,4GB,500GB HDD,Intel HD Graphics 520,Linux,2.4kg,361.8,1,4,73
1261,Dell,Inspiron 7779,2 in 1 Convertible,17.3,Full HD / Touchscreen 1920x1080,Intel Core i7 7500U 2.7GHz,16GB,512GB SSD,Nvidia GeForce 940MX,Windows 10,2.77kg,1799.0,2,5,86
1262,HP,EliteBook 840,Notebook,14.0,Full HD 1920x1080,Intel Core i5 6200U 2.3GHz,4GB,256GB SSD,Intel HD Graphics 520,Windows 7,1.54kg,1099.99,5,6,88
1263,Asus,Rog GL553VE-FY052T,Gaming,15.6,IPS Panel Full HD 1920x1080,Intel Core i7 7700HQ 2.8GHz,16GB,256GB SSD +  1TB HDD,Nvidia GeForce GTX 1050 Ti,Windows 10,2.5kg,1600.0,1,7,98
1264,Dell,Latitude 5480,Notebook,14.0,1366x768,Intel Core i5 7200U 2.5GHz,4GB,500GB HDD,Intel HD Graphics 620,Windows 10,1.6kg,875.0,1,5,98
1265,Asus,Rog GL502VS,Gaming,15.6,IPS Panel Full HD 1920x1080,Intel Core i7 6700HQ 2.6GHz,16GB,256GB SSD +  1TB HDD,Nvidia GeForce GTX 1070,Windows 10,2.34kg,2325.0,2,4,60
1266,Lenovo,V510-15IKB (i5-7200U/8GB/256GB/FHD/No,Notebook,15.6,IPS Panel Full HD 1920x1080,Intel Core i5 7200U 2.5GHz,8GB,256GB SSD,Intel HD Graphics 620,No OS,2.3kg,573.0,1,10,76
1267,Dell,XPS 13,2 in 1 Convertible,13.3,Quad HD+ / Touchscreen 3200x1800,Intel Core i5 7Y54 1.2GHz,8GB,256GB SSD,Intel HD Graphics 615,Windows 10,1.24kg,1813.0,2,5,100
1268,Dell,Inspiron 3552,Notebook,15.6,1366x768,Intel Pentium Quad Core N3710 1.6GHz,4GB,500GB HDD,Intel HD Graphics,Linux,2.2kg,324.0,0,8,89
1269,HP,255 G6,Notebook,15.6,1366x768,AMD A6-Series 9220 2.5GHz,4GB,500GB HDD,AMD Radeon R4 Graphics,Windows 10,1.86kg,399.0,2,10,72
1270,Lenovo,IdeaPad 310-15ISK,Notebook,15.6,Full HD 1920x1080,Intel Core i3 6100U 2.3GHz,6GB,128GB SSD,Nvidia GeForce 920MX,Windows 10,2.4kg,569.0,2,4,80
1271,Lenovo,ThinkPad L460,Notebook,14.0,IPS Panel Full HD 1920x1080,Intel Core i5 6200U 2.3GHz,8GB,256GB SSD,Intel HD Graphics 520,Windows 10,1.9kg,1072.0,3,6,78
1272,Dell,Inspiron 3552,Notebook,15.6,1366x768,Intel Pentium Quad Core N3700 1.6GHz,4GB,500GB HDD,Intel HD Graphics,Windows 10,2.2kg,443.99,2,7,78
1273,Asus,X541NA-GO020T (N3350/4GB/1TB/W10),Notebook,15.6,1366x768,Intel Celeron Dual Core N3350 1.1GHz,4GB,1TB HDD,Intel HD Graphics 500,Windows 10,2kg,339.0,2,5,84
1274,Asus,Rog G752VT-GC073T,Gaming,17.3,IPS Panel Full HD 1920x1080,Intel Core i7 6700HQ 2.6GHz,16GB,128GB SSD +  1TB HDD,Nvidia GeForce GTX 970M,Windows 10,4.0kg,1900.0,5,4,81
1275,Dell,Vostro 3568,Notebook,15.6,1366x768,Intel Core i3 6006U 2GHz,4GB,500GB HDD,Intel HD Graphics 520,Windows 10,2.29kg,490.0,0,10,90
1276,Lenovo,B51-80 (i7-6500U/8GB/1008GB/Radeon,Notebook,15.6,Full HD 1920x1080,Intel Core i7 6500U 2.5GHz,8GB,1.0TB Hybrid,AMD Radeon R5 M330,Windows 7,2.32kg,895.0,3,8,76
1277,MSI,GE62 Apache,Gaming,15.6,Full HD 1920x1080,Intel Core i7 6700HQ 2.6GHz,8GB,128GB SSD +  1TB HDD,Nvidia GeForce GTX 960M,Windows 10,2.4kg,1229.0,5,4,82
1278,Lenovo,Yoga 500-14IBD,2 in 1 Convertible,14.0,Full HD / Touchscreen 1920x1080,Intel Core i5 6200U 2.3GHz,4GB,128GB SSD,Intel HD Graphics 520,Windows 10,1.8kg,833.01,4,9,91
1279,Asus,ZenBook UX305CA-UBM1,Ultrabook,13.3,IPS Panel Full HD 1920x1080,Intel Core M 6Y30 0.9GHz,8GB,512GB SSD,Intel HD Graphics 515,Windows 10,1.2kg,729.0,0,8,69
1280,Dell,Inspiron 3567,Notebook,15.6,1366x768,Intel Core i3 7100U 2.4GHz,6GB,1TB HDD,Intel HD Graphics 620,Windows 10,2.3kg,459.0,0,10,69
1281,Acer,Aspire ES1-531,Notebook,15.6,1366x768,Intel Celeron Dual Core N3060 1.6GHz,4GB,500GB HDD,Intel HD Graphics 400,Linux,2.4kg,289.0,4,6,95
1282,Dell,Inspiron 3552,Notebook,15.6,1366x768,Intel Celeron Dual Core N3050 1.6GHz,2GB,500GB HDD,Intel HD Graphics,Windows 10,2.20kg,379.0,2,7,67
1283,Lenovo,IdeaPad Y700-15ISK,Notebook,15.6,IPS Panel Full HD 1920x1080,Intel Core i7 6700HQ 2.6GHz,8GB,1TB HDD,Nvidia GeForce GTX 960M,Windows 10,2.6kg,899.0,5,10,79
1284,HP,Pavilion 15-AW003nv,Notebook,15.6,Full HD 1920x1080,AMD A9-Series 9410 2.9GHz,6GB,1.0TB Hybrid,AMD Radeon R7 M440,Windows 10,2.04kg,549.99,1,6,91
1285,Dell,Inspiron 3567,Notebook,15.6,1366x768,Intel Core i7 7500U 2.7GHz,8GB,1TB HDD,AMD Radeon R5 M430,Linux,2.3kg,805.99,3,5,73
1286,HP,Stream 11-Y000na,Netbook,11.6,1366x768,Intel Celeron Dual Core N3060 1.6GHz,2GB,32GB Flash Storage,Intel HD Graphics 400,Windows 10,1.17kg,209.0,1,4,87
1287,Asus,X556UJ-XO044T (i7-6500U/4GB/500GB/GeForce,Notebook,15.6,1366x768,Intel Core i7 6500U 2.5GHz,4GB,500GB HDD,Nvidia GeForce 920M,Windows 10,2.2kg,720.32,4,9,83
1288,Lenovo,Yoga 500-14ISK,2 in 1 Convertible,14.0,IPS Panel Full HD / Touchscreen 1920x1080,Intel Core i7 6500U 2.5GHz,4GB,128GB SSD,Intel HD Graphics 520,Windows 10,1.8kg,638.0,0,8,74
1289,Lenovo,Yoga 900-13ISK,2 in 1 Convertible,13.3,IPS Panel Quad HD+ / Touchscreen 3200x1800,Intel Core i7 6500U 2.5GHz,16GB,512GB SSD,Intel HD Graphics 520,Windows 10,1.3kg,1499.0,0,8,81
1290,Lenovo,IdeaPad 100S-14IBR,Notebook,14.0,1366x768,Intel Celeron Dual Core N3050 1.6GHz,2GB,64GB Flash Storage,Intel HD Graphics,Windows 10,1.5kg,229.0,3,4,89
1291,HP,15-AC110nv (i7-6500U/6GB/1TB/Radeon,Notebook,15.6,1366x768,Intel Core i7 6500U 2.5GHz,6GB,1TB HDD,AMD Radeon R5 M330,Windows 10,2.19kg,764.0,0,9,63
1292,Asus,X553SA-XX031T (N3050/4GB/500GB/W10),Notebook,15.6,1366x768,Intel Celeron Dual Core N3050 1.6GHz,4GB,500GB HDD,Intel HD Graphics,Windows 10,2.2kg,369.0,0,4,72
1293,Asus,ZenBook UX305CA-UBM1,Ultrabook,13.3,IPS Panel Full HD 1920x1080,Intel Core M 6Y30 0.9GHz,8GB,512GB SSD,Intel HD Graphics 515,Windows 10,1.2kg,729.0,3,5,82
1294,Dell,Inspiron 3567,Notebook,15.6,1366x768,Intel Core i3 7100U 2.4GHz,6GB,1TB HDD,Intel HD Graphics 620,Windows 10,2.3kg,459.0,5,6,67
1295,Acer,Aspire ES1-531,Notebook,15.6,1366x768,Intel Celeron Dual Core N3060 1.6GHz,4GB,500GB HDD,Intel HD Graphics 400,Linux,2.4kg,289.0,5,10,77
1296,Dell,Inspiron 3552,Notebook,15.6,1366x768,Intel Celeron Dual Core N3050 1.6GHz,2GB,500GB HDD,Intel HD Graphics,Windows 10,2.20kg,379.0,3,8,71
1297,Lenovo,IdeaPad Y700-15ISK,Notebook,15.6,IPS Panel Full HD 1920x1080,Intel Core i7 6700HQ 2.6GHz,8GB,1TB HDD,Nvidia GeForce GTX 960M,Windows 10,2.6kg,899.0,4,5,90
1298,HP,Pavilion 15-AW003nv,Notebook,15.6,Full HD 1920x1080,AMD A9-Series 9410 2.9GHz,6GB,1.0TB Hybrid,AMD Radeon R7 M440,Windows 10,2.04kg,549.99,0,6,73
1299,Dell,Inspiron 3567,Notebook,15.6,1366x768,Intel Core i7 7500U 2.7GHz,8GB,1TB HDD,AMD Radeon R5 M430,Linux,2.3kg,805.99,0,5,93
1300,HP,Stream 11-Y000na,Netbook,11.6,1366x768,Intel Celeron Dual Core N3060 1.6GHz,2GB,32GB Flash Storage,Intel HD Graphics 400,Windows 10,1.17kg,209.0,4,9,77
1301,Asus,X556UJ-XO044T (i7-6500U/4GB/500GB/GeForce,Notebook,15.6,1366x768,Intel Core i7 6500U 2.5GHz,4GB,500GB HDD,Nvidia GeForce 920M,Windows 10,2.2kg,720.32,5,8,93
1302,Lenovo,Yoga 500-14ISK,2 in 1 Convertible,14.0,IPS Panel Full HD / Touchscreen 1920x1080,Intel Core i7 6500U 2.5GHz,4GB,128GB SSD,Intel HD Graphics 520,Windows 10,1.8kg,638.0,2,10,70
1303,Lenovo,Yoga 900-13ISK,2 in 1 Convertible,13.3,IPS Panel Quad HD+ / Touchscreen 3200x1800,Intel Core i7 6500U 2.5GHz,16GB,512GB SSD,Intel HD Graphics 520,Windows 10,1.3kg,1499.0,2,4,100
1304,Lenovo,IdeaPad 100S-14IBR,Notebook,14.0,1366x768,Intel Celeron Dual Core N3050 1.6GHz,2GB,64GB Flash Storage,Intel HD Graphics,Windows 10,1.5kg,229.0,2,4,71
1305,HP,15-AC110nv (i7-6500U/6GB/1TB/Radeon,Notebook,15.6,1366x768,Intel Core i7 6500U 2.5GHz,6GB,1TB HDD,AMD Radeon R5 M330,Windows 10,2.19kg,764.0,5,6,74
1306,Asus,X553SA-XX031T (N3050/4GB/500GB/W10),Notebook,15.6,1366x768,Intel Celeron Dual Core N3050 1.6GHz,4GB,500GB HDD,Intel HD Graphics,Windows 10,2.2kg,369.0,5,10,90
1307,Asus,ZenBook UX305CA-UBM1,Ultrabook,13.3,IPS Panel Full HD 1920x1080,Intel Core M 6Y30 0.9GHz,8GB,512GB SSD,Intel HD Graphics 515,Windows 10,1.2kg,729.0,4,7,88
1308,Dell,Inspiron 3567,Notebook,15.6,1366x768,Intel Core i3 7100U 2.4GHz,6GB,1TB HDD,Intel HD Graphics 620,Windows 10,2.3kg,459.0,0,9,85
1309,Acer,Aspire ES1-531,Notebook,15.6,1366x768,Intel Celeron Dual Core N3060 1.6GHz,4GB,500GB HDD,Intel HD Graphics 400,Linux,2.4kg,289.0,4,6,77
1310,Dell,Inspiron 3552,Notebook,15.6,1366x768,Intel Celeron Dual Core N3050 1.6GHz,2GB,500GB HDD,Intel HD Graphics,Windows 10,2.20kg,379.0,4,7,91
1311,Lenovo,IdeaPad Y700-15ISK,Notebook,15.6,IPS Panel Full HD 1920x1080,Intel Core i7 6700HQ 2.6GHz,8GB,1TB HDD,Nvidia GeForce GTX 960M,Windows 10,2.6kg,899.0,5,5,81
1312,HP,Pavilion 15-AW003nv,Notebook,15.6,Full HD 1920x1080,AMD A9-Series 9410 2.9GHz,6GB,1.0TB Hybrid,AMD Radeon R7 M440,Windows 10,2.04kg,549.99,2,9,97
1313,Dell,Inspiron 3567,Notebook,15.6,1366x768,Intel Core i7 7500U 2.7GHz,8GB,1TB HDD,AMD Radeon R5 M430,Linux,2.3kg,805.99,1,5,76
1314,HP,Stream 11-Y000na,Netbook,11.6,1366x768,Intel Celeron Dual Core N3060 1.6GHz,2GB,32GB Flash Storage,Intel HD Graphics 400,Windows 10,1.17kg,209.0,0,10,82
1315,Asus,X556UJ-XO044T (i7-6500U/4GB/500GB/GeForce,Notebook,15.6,1366x768,Intel Core i7 6500U 2.5GHz,4GB,500GB HDD,Nvidia GeForce 920M,Windows 10,2.2kg,720.32,5,8,83
1316,Lenovo,Yoga 500-14ISK,2 in 1 Convertible,14.0,IPS Panel Full HD / Touchscreen 1920x1080,Intel Core i7 6500U 2.5GHz,4GB,128GB SSD,Intel HD Graphics 520,Windows 10,1.8kg,638.0,2,9,67
1317,Lenovo,Yoga 900-13ISK,2 in 1 Convertible,13.3,IPS Panel Quad HD+ / Touchscreen 3200x1800,Intel Core i7 6500U 2.5GHz,16GB,512GB SSD,Intel HD Graphics 520,Windows 10,1.3kg,1499.0,1,7,100
1318,Lenovo,IdeaPad 100S-14IBR,Notebook,14.0,1366x768,Intel Celeron Dual Core N3050 1.6GHz,2GB,64GB Flash Storage,Intel HD Graphics,Windows 10,1.5kg,229.0,1,8,65
1319,HP,15-AC110nv (i7-6500U/6GB/1TB/Radeon,Notebook,15.6,1366x768,Intel Core i7 6500U 2.5GHz,6GB,1TB HDD,AMD Radeon R5 M330,Windows 10,2.19kg,764.0,5,4,64
1320,Asus,X553SA-XX031T (N3050/4GB/500GB/W10),Notebook,15.6,1366x768,Intel Celeron Dual Core N3050 1.6GHz,4GB,500GB HDD,Intel HD Graphics,Windows 10,2.2kg,369.0,3,7,88
